Geneid,Entity,Symbol,0_R1,0_R2,2.5_R1,2.5_R2,5_R1,5_R2,10_R1,10_R2,20_R1,20_R2,30_R1,30_R2,Temporal_Class
gene-T4p273,phage,ndd.4,1.791759469228055,0.0,9.01371703047137,7.083387847625295,9.617404201448045,7.615298339825815,9.2239473753824,7.108244139731541,8.502079553606189,5.493061443340548,8.797397374012059,5.231108616854587,early
gene-T4p269,phage,ndd.1,2.5649493574615367,0.0,10.428068141534455,8.142063283104147,10.669466891745744,9.450065682882071,10.026854966486413,8.923857580099885,9.543234787249512,7.360103972989152,9.609452006112171,7.05444965813294,early
gene-T4p064,phage,a-gt.5,2.995732273553991,0.0,7.107425474110705,2.4849066497880004,11.006672703049372,7.479299637782834,10.026412899373426,7.343426229147367,9.711721536914174,7.138073034044347,9.331761227180522,6.880384082186005,early
gene-T4t003,phage,gene-T4t003,3.4965075614664802,0.6931471805599453,9.3615151997733,6.184148890937483,11.208002281735874,8.462103225098277,11.67506132110477,9.175645402179295,12.732341407814891,9.652715834104445,12.636922809361447,9.708445431332793,middle
gene-T4p085,phage,nrdC.1,2.4849066497880004,0.0,7.6953031349635665,3.784189633918261,11.093827855130767,8.16194579946869,11.141383408306623,8.878079256126435,11.611249281025925,9.263122557415151,11.578273033740484,9.187378760338836,middle
gene-T4p150,phage,5.4,0.6931471805599453,0.0,6.771935555839602,1.6094379124341003,,4.04305126783455,8.53346016388011,5.3981627015177525,10.484836875474242,8.217438537730187,10.28547930445865,8.165647925297504,middle
gene-T4p257,phage,arn,2.6390573296152584,0.0,8.035926369891792,3.9512437185814275,11.304695156388314,8.069342366811636,9.664468652063627,7.311886164077165,10.576432025778553,7.600902459542082,10.443483553601899,7.771488760117616,early
gene-T4p274,phage,ndd.5,3.091042453358316,0.0,10.32554753421613,7.304515946460155,10.942862797921952,7.860956364876389,10.681044812977527,7.419380582918692,9.9940135792355,6.721425700790643,10.206218323189427,6.844815479208263,early
gene-T4p249,phage,34,2.6390573296152584,0.6931471805599453,9.565213693968287,3.8918202981106265,10.721194753031481,6.677083461247136,10.716504478946458,8.369388996647842,12.81603385018759,10.131101098521789,12.527148390708954,10.655328079435291,middle
gene-T4p254,phage,t,2.70805020110221,0.6931471805599453,9.44311737225863,6.903747257584598,10.626387691245421,8.09132127353041,9.954275719368233,8.058960017769417,11.304867551074059,8.886547412512042,11.175913082496507,9.060795734696166,middle
gene-T4p163,phage,17,1.3862943611198906,,8.90136656405678,2.302585092994046,9.53834831589953,3.4657359027997265,9.747885820441555,5.075173815233827,12.430926733042831,10.091459780838896,12.18700195030635,10.664597073768501,early
gene-T4p098,phage,mobD.2,1.6094379124341003,0.0,9.636718601664555,7.00850518208228,10.123225310715505,7.60887062919126,8.734238184268579,6.161207321695077,8.821732380934442,6.508769136971682,8.85609105525229,6.677083461247136,early
gene-T4p077,phage,I-TevII,1.791759469228055,0.0,6.3784261836515865,2.1972245773362196,10.07638988741359,6.045005314036012,10.786180134979347,8.232706009860976,10.836989321140637,8.517593111437565,10.377171899621436,8.008698182988528,middle
gene-T4t001,phage,gene-T4t001,2.70805020110221,0.6931471805599453,7.749753406274437,1.6094379124341003,10.689965682788792,7.61972421378267,11.349712176814208,8.924922401177469,12.482574956688802,9.706377178268735,12.481637854390717,10.146865010681147,middle
gene-T4p186,phage,uvsY.-1,1.0986122886681098,1.0986122886681098,6.692083742506628,1.3862943611198906,9.16701524723781,5.971261839790462,9.775256374639046,8.263848131368906,11.639135118964015,9.47738596957752,11.498146796432419,9.708323887728875,middle
gene-T4p253,phage,38,1.6094379124341003,0.0,8.012680929706839,0.6931471805599453,8.871505346165781,4.418840607796598,9.285633356011614,5.641907070938114,11.014258952028047,8.271548374755515,11.22325474981197,8.987071812848821,late
gene-T4p026,phage,mrh,1.6094379124341003,0.0,8.960467760919949,5.313205979041787,10.356885314399594,7.163946684342547,8.341410211461865,6.240275845170769,8.353025845202325,5.993961427306569,8.330381569349418,5.8664680569332965,early
gene-T4p217,phage,cd,3.258096538021482,0.0,10.51940265523281,6.903747257584598,11.740188519467651,8.661812881026181,10.83241806475672,9.094480485881647,9.935422171066474,7.587817219993427,9.690974793577944,7.446585099157725,early
gene-T4p084,phage,nrdC,3.044522437723423,1.0986122886681098,8.569216219483389,4.795790545596741,11.25476335905444,8.298041661371565,11.283436826096178,9.306740866262498,12.48364756233242,10.24060243975606,12.167404579639259,10.092908846445306,middle
gene-T4p169,phage,20,2.5649493574615367,1.3862943611198906,9.29771001811309,2.5649493574615367,9.832367420033002,3.2188758248682006,10.411027785310589,4.564348191467836,12.790553853423566,10.233330722509393,12.427723082704047,10.380435762266156,middle
gene-T4p142,phage,4,0.6931471805599453,0.6931471805599453,6.710523109452428,1.6094379124341003,,2.302585092994046,8.776167099731275,4.1588830833596715,9.62819507773027,6.835184586147301,9.543234787249512,6.721425700790643,middle
gene-T4p044,phage,42,3.5553480614894135,,10.985970459274354,7.419380582918692,12.25849904770855,9.44184883962202,11.316180387510549,8.874867635688053,11.800522533809305,9.513034202048402,11.294296706623152,9.1838937219612,early
gene-T4p009,phage,goF,4.343805421853684,0.6931471805599453,11.592411094427582,8.352554369474591,12.514104989411354,9.795512510870829,11.255953635157862,9.495669678844367,10.838953263796324,8.69851424787661,10.248777937608223,8.256347772918016,early
gene-T4p073,phage,55.8,1.0986122886681098,0.0,6.776506992372183,2.1972245773362196,10.109769746774926,6.410174881966167,10.02698754852174,7.855544677915663,11.813896348748525,8.89521858376562,11.370612772195509,9.0068768914288,middle
gene-T4p183,phage,segE,1.3862943611198906,0.6931471805599453,6.9930151229329605,1.0986122886681098,,2.1972245773362196,9.770527425279898,4.820281565605037,11.35201700267959,8.996651979432729,11.019792400735156,8.859931469616097,middle
gene-T4p135,phage,trna.4,2.5649493574615367,0.6931471805599453,10.023978030870751,7.727535110475448,10.646138927999163,8.051022208190679,10.55095721959942,7.560080465021827,10.609205390269926,8.398860004454372,10.7784353208759,8.27893600229198,late
gene-T4p199,phage,alt.-1,0.6931471805599453,0.0,5.641907070938114,1.3862943611198906,,,9.578103612900335,7.662937850461535,10.627527596538444,8.480321716640333,10.250016196420983,8.614682812693495,middle
gene-T4p035,phage,61.2,4.060443010546419,0.6931471805599453,11.49811634931652,8.059276223305648,12.29384539926562,9.477309402830421,12.115814184281975,9.394576760974909,11.768048188037975,9.093357016490364,11.784950604845962,9.090655529030203,early
gene-T4p107,phage,tk.1,1.9459101490553132,0.0,5.241747015059643,1.0986122886681098,10.321111771468102,6.992096427415888,9.821626526055807,7.164720378771857,9.449357272446683,7.074116816197362,9.458605712064172,6.812345094177479,early
gene-T4p013,phage,motB.2,3.5263605246161616,0.6931471805599453,11.491201192496069,8.422662707570003,11.728061037842902,9.056722883310583,10.968456876781646,8.633018756921828,10.626557546747328,8.474494436883122,10.10842639919549,7.862112211662748,early
gene-T4p225,phage,pseT.2,3.295836866004329,0.0,9.979383211539385,6.448889394146858,11.327402790060365,8.431853144249223,10.226114382335288,7.691200097522863,10.761280150015972,8.30671904320269,10.591018994310438,8.856803356728378,early
gene-T4p194,phage,29,1.3862943611198906,0.0,7.994294986415977,0.6931471805599453,8.660427359502146,3.258096538021482,8.98054977794018,4.127134385045092,10.801206898824848,8.470520783217808,10.45472548691338,8.617038526385954,middle
gene-T4p192,phage,27,0.6931471805599453,0.0,7.181591944611865,0.6931471805599453,,,8.723882104658486,,10.99688627415135,8.398634855292102,10.578699860459706,8.207129168071326,middle
gene-T4p005,phage,gene-T4p005_gene_mobA,2.0794415416798357,0.0,7.358193752733032,3.9512437185814275,10.127750477118255,6.175867270105761,9.594377532670727,7.124478262493424,8.941152882160566,7.0192966537150445,8.363342466597977,6.706862336602747,early
gene-T4p172,phage,21,2.302585092994046,1.3862943611198906,9.581352052014967,1.3862943611198906,9.975668669496136,2.3978952727983707,10.268755470892879,4.174387269895637,12.889000284002858,10.31972773381225,12.702709077150967,10.611843491382025,middle
gene-T4p198,phage,alt.-2,1.0986122886681098,0.0,5.918893854273146,1.3862943611198906,,,9.479527461791719,7.569927655242652,10.220922583137257,7.803026643632217,9.732995747495751,7.8528278122817445,middle
gene-T4p262,phage,motA,3.8918202981106265,0.6931471805599453,11.991733967302602,8.857515151192198,11.991455143935397,9.652394528314963,10.447699595319753,7.807510042216193,9.989160534274278,7.571473648851271,10.24845928021533,7.6093665379542115,early
gene-T4p033,phage,61,3.9889840465642745,1.0986122886681098,10.24063813046042,6.298949246855942,12.440781065214287,9.384041546476526,12.073403738001284,9.399637542506563,11.682423483868696,9.36691667901828,11.428554236084064,9.122273893107732,early
gene-T4p092,phage,nrdC.8,3.5553480614894135,1.0986122886681098,11.59903893896559,8.322151070212902,11.582973779281398,9.198470199405696,10.485703172388792,8.22282213081366,10.248282204444145,7.88758403166028,10.28496729789378,7.918992488165245,early
gene-T4t002,phage,gene-T4t002,3.6109179126442243,0.6931471805599453,9.00565049932022,5.517452896464707,11.153303325170315,8.034306936339489,11.598681053787852,8.903815211722922,12.635953905252668,9.357897936333798,12.566338135735828,9.408699306467762,middle
gene-T4p121,phage,ipII,3.7376696182833684,,10.245480237688719,6.859614903654202,11.718735657833086,8.781555458546402,11.84186943517065,10.340419027440413,12.979840828057734,10.993748398115178,12.456617333192323,10.92415631759022,early
gene-T4p195,phage,48,1.0986122886681098,0.0,7.472500744737558,1.0986122886681098,,2.995732273553991,8.417814747435958,,10.785559441023599,8.237479288613633,10.483857895493113,8.372398606513004,middle
gene-T4p185,phage,uvsY.-2,3.044522437723423,1.3862943611198906,8.711937268208748,1.3862943611198906,10.131260372234,5.308267697401205,11.439644842775813,8.094073148069352,12.830392119534118,9.741968123371437,12.958971125495054,10.189756126469401,late
gene-T4p113,phage,regB,2.995732273553991,0.0,10.957607926312159,8.000349495324684,11.37320352179509,8.858652969548489,10.73022549895797,8.639410824140487,10.529345766281573,8.06054004653864,10.23742085450305,7.928045600874777,early
gene-T4p226,phage,pseT.3,3.295836866004329,0.6931471805599453,10.258185543590638,6.813444599510896,11.24199562043949,8.585412430393381,10.235880049754966,7.444248649496705,10.315795859126286,7.963807953231451,10.217531575165962,8.474494436883122,early
gene-T4p055,phage,46.1,1.6094379124341003,0.6931471805599453,8.021584533455107,4.219507705176107,9.490242257109001,5.991464547107982,10.217458523810828,7.337587743538596,11.010844825456925,8.087640287778983,10.87424753012106,8.056743774975313,middle
gene-T4p134,phage,trna.3,3.6109179126442243,1.0986122886681098,11.505810211484627,8.256607344626158,11.82823243203413,9.107088742165708,11.01471987256034,8.48301573961465,12.156714319987632,9.814109741384911,11.713610705781141,9.616272037895989,middle
gene-T4p176,phage,segD,1.791759469228055,0.6931471805599453,10.178806009504447,6.577861357721047,10.203925422776587,7.20934025660291,9.232982102457008,6.453624998892692,10.86310593714546,8.332548939252638,10.693988278351984,8.462314529906248,middle
gene-T4p241,phage,frd.2,2.995732273553991,0.0,10.991864303016657,7.937374696163295,11.420174008838677,9.086589564540008,9.7005142080113,7.759187438507795,9.604070223865927,7.509335266016592,9.460398455831275,7.630461261783627,early
gene-T4p207,phage,30.4,3.2188758248682006,0.6931471805599453,10.077986929023943,6.7580945044277305,11.390769130367211,8.834191318202071,9.862561385923483,8.19450550976564,8.997518369733845,7.0317412587631285,8.983690681332686,7.171656822768514,early
gene-T4p167,phage,18,2.9444389791664403,1.3862943611198906,10.277805931647455,2.70805020110221,10.880967452722706,5.267858159063328,10.823351891463572,6.135564891081739,12.939639339625767,10.573391694365673,12.656294397264451,10.893140264095088,middle
gene-T4p006,phage,39,4.343805421853684,0.0,10.135154674791215,6.230481447578482,12.780951360131509,9.591307848483947,12.135199435886381,10.091625494651522,11.948971506487533,9.741850586935007,11.422136051087499,9.48531707193041,early
gene-T4p042,phage,segA,3.044522437723423,0.6931471805599453,6.773080375655535,2.8903717578961645,11.46281042353838,8.054522609537294,11.270866642542865,8.361941906144946,11.587392658310579,8.95686647085414,11.593158923680399,8.766705997750515,late
gene-T4p228,phage,gene-T4p228_gene_rnlA,1.9459101490553132,0.6931471805599453,7.6638772587034705,2.302585092994046,10.3014243942235,6.220590170099739,11.07348983729091,8.192016914536875,11.80172940788994,9.069698042173716,11.350712371052925,8.998754769495703,middle
gene-T4p166,phage,gene-T4p166_gene_17,1.0986122886681098,,8.643825842349603,2.1972245773362196,9.287579152316985,3.1354942159291497,9.468619380058648,4.8283137373023015,12.095749838042533,9.793951665467821,11.934611630805922,10.456481464162664,early
gene-T4p137,phage,57B,2.0794415416798357,1.3862943611198906,8.35490952835879,3.367295829986474,10.308952660644293,6.60934924316738,11.247291862035066,9.489939868234607,12.386621799211962,10.551846550305939,11.782815188162262,10.22694691636343,middle
gene-T4p028,phage,mrh.2,2.0794415416798357,0.0,9.485013189834323,6.513230110912307,10.388872283820167,7.641084249174914,9.483340185641822,7.280008252884188,9.253687176479549,6.885509670034818,9.186252576447092,6.9985096422506015,early
gene-T4p197,phage,alt.-3,3.6888794541139363,0.0,10.780226316398169,8.182559264068665,11.740626614636893,9.236787541991031,10.690580345938601,9.147400572202308,10.93931977308153,8.302017809751204,10.587846227062993,8.204945165019208,early
gene-T4p237,phage,td,4.836281906951478,0.6931471805599453,10.307751940067774,6.839476438228843,12.980728381959972,10.01596766362013,12.55941253434984,10.497256289115795,12.84900226867949,10.778497851489867,12.363601897264628,10.533455287996134,early
gene-T4p259,phage,arn.2,2.8903717578961645,0.6931471805599453,9.730621154512928,6.297109319933935,11.526700156792035,8.99118884193151,9.75944395695215,7.7886260656250315,10.321473941197965,7.9617188159813645,10.22759798160146,8.039157390473237,early
gene-T4p022,phage,modA.2,1.791759469228055,0.0,5.680172609017068,0.6931471805599453,9.743318800383307,6.082218910376446,9.126523885883072,6.838405200847344,9.250041738827735,6.860663671448287,9.217216675915616,6.917705609835305,early
gene-T4p050,phage,44,2.8903717578961645,0.0,6.8658910748834385,2.6390573296152584,11.171716025500638,7.428333194190806,11.835291532908679,9.562756258994531,11.036308012533974,8.496378051702317,10.699484599710523,8.000349495324684,middle
gene-T4p181,phage,hoc,3.091042453358316,0.6931471805599453,9.710994440420677,2.3978952727983707,10.260077492862155,3.6109179126442243,10.5839546799387,6.3080984415095305,12.646290165452067,10.166620752066496,12.411744450932344,10.741276056255325,middle
gene-T4p054,phage,46,3.367295829986474,1.0986122886681098,9.187276432377631,5.438079308923196,11.52106227119311,8.032035314398824,12.41044919310496,9.601909374892236,12.707523462797079,9.919360901692418,12.295287010824843,9.969556152505833,middle
gene-T4p234,phage,nrdA,3.6888794541139363,1.3862943611198906,8.047509510981422,3.6109179126442243,11.824482742855427,7.052721049232323,12.471420914961604,10.566149752083353,12.239362343394816,9.993099711225815,11.891807007095371,9.964535614101061,middle
gene-T4p145,phage,repEB,,0.0,6.075346031088684,1.6094379124341003,,,7.749753406274437,,9.296242800976886,6.870053411798126,8.765926513729443,6.490723534502507,middle
gene-T4p052,phage,rpbA,2.4849066497880004,0.0,6.579251212010101,2.3978952727983707,10.819178104338251,7.0587581525186645,11.475233981948293,8.885025658050846,11.445524183374717,9.042868018032435,11.168997503377634,8.920923462230686,middle
gene-T4p224,phage,pseT.1,2.5649493574615367,0.0,9.626283724371975,6.363028103540465,10.931802547900372,8.23403420769204,9.789590705856016,7.620705086838262,10.32554753421613,7.993957547573565,10.046981652174857,8.44009614103127,early
gene-T4p261,phage,arn.4,2.3978952727983707,0.0,10.665087458730515,7.214504414151143,11.035566854037146,8.65591111072806,9.579003173560242,7.313886831633462,9.924368030115483,7.079184394609668,9.984007069594924,7.368339686311381,early
gene-T4p278,phage,rIIB,4.418840607796598,0.6931471805599453,8.81996090128606,4.762173934797756,12.490066675506181,8.85552084853691,12.82019014679669,10.696050111394271,12.317323280327903,10.525836661787357,11.442545918207648,9.581628028282761,middle
gene-T4p200,phage,alt,2.5649493574615367,1.0986122886681098,8.210668031162976,2.6390573296152584,10.744623610809523,5.10594547390058,11.85750758455482,9.661861751843032,12.857120975068781,10.522584451585907,12.594357684428486,10.76384265207998,middle
gene-T4p206,phage,30.3',3.091042453358316,0.0,9.465370112152714,5.683579767338681,11.342516668639885,8.695004592732307,9.70069794710231,8.286773231131251,9.828440678213218,7.905072849498666,9.626283724371975,8.473659189392508,early
gene-T4p144,phage,5,1.6094379124341003,0.6931471805599453,8.202208436436448,2.8903717578961645,8.703838719690246,4.174387269895637,9.557540571952371,5.455321115357702,11.087038237720428,8.973604867142505,10.738589920723442,8.776630098427717,middle
gene-T4p255,phage,asiA,2.772588722239781,0.0,10.296913817032536,7.578656850594762,11.381517530497506,8.470939806898775,10.201478802339059,8.076204527239026,10.338382004668295,7.776115477098742,10.467237639610005,7.835974581721566,early
gene-T4p078,phage,49,2.70805020110221,0.6931471805599453,8.891649112650057,5.393627546352362,11.186156003810401,7.661527081358517,11.26464357674532,8.624791202014256,10.708332625096508,8.201385955238608,10.284694120497512,7.764720544771477,middle
gene-T4p031,phage,56,3.7612001156935624,1.3862943611198906,7.723120092266331,4.605170185988092,11.539060938574854,8.281977058867758,12.147712333228963,9.76978471664462,12.680768374638411,10.641416875867966,12.094476059273138,10.209353295421538,middle
gene-T4p216,phage,31.2,2.4849066497880004,0.0,8.851520271691061,4.890349128221754,10.88719391270288,7.581719640125308,10.109484945015367,7.6586995582682995,8.53405030848266,5.998936561946683,8.580167990577626,5.5134287461649825,early
gene-T4p160,phage,14,1.3862943611198906,0.0,7.581719640125308,0.0,8.249836485425702,,8.41913925094085,,10.729043620947776,7.604396348796338,10.524117802256896,7.78155595923534,middle
gene-T4p108,phage,tk.2,2.1972245773362196,0.0,5.823045895483019,0.6931471805599453,10.440127111195098,7.177782416195197,9.179056081936416,6.967909201801884,8.79133399330135,6.073044534100405,8.432941638968646,6.021023349349527,early
gene-T4p153,phage,8,2.0794415416798357,0.6931471805599453,8.768263145371286,2.4849066497880004,9.259796980688776,3.044522437723423,9.773151050808124,6.4457198193855785,12.806054095310504,10.221250135776074,12.428455907897975,10.711546985327436,middle
gene-T4p029,phage,soc,3.367295829986474,0.0,9.99300827847454,2.1972245773362196,10.968939394153017,5.017279836814924,11.96154584339232,8.698681067461614,12.352900867191718,9.576232704964523,11.963701676455056,9.34731582700326,middle
gene-T4p173,phage,gene-T4p173_gene_21,2.1972245773362196,1.3862943611198906,9.507700460979235,1.0986122886681098,9.898123190036978,2.1972245773362196,10.183578384292089,,12.827484805489334,10.247077256926206,12.653079489082941,10.544156526450868,middle
gene-T4p066,phage,55.1,2.3978952727983707,0.0,9.815912380280174,6.0844994130751715,11.24035529699366,8.360773272144936,9.233959237574817,6.786716950605081,9.104201775914515,6.745236349484363,8.696008608880904,6.295266001439646,early
gene-T4p119,phage,vs.8,4.5217885770490405,,11.170998377666052,8.234564993267135,12.139542809707565,9.684709458731557,12.790289055762273,10.8081104795426,12.85925683751859,10.833779804046097,12.864977699183898,11.17780231791831,early
gene-T4p154,phage,9,1.0986122886681098,0.6931471805599453,8.350902451694811,1.791759469228055,8.86488793377419,,9.922407437388639,5.501258210544727,11.141760329157709,9.018453210312527,10.69650269224425,8.548110294050959,middle
gene-T4p015,phage,dexA.1,1.6094379124341003,0.0,5.872117789475416,0.0,10.291636938434605,6.016157159698354,10.279111818633272,7.897296472595885,10.122382089560922,7.945909598613133,9.667132107249687,7.085901464365611,early
gene-T4p179,phage,24.2,2.3978952727983707,0.6931471805599453,6.652863029353347,2.0794415416798357,10.203925422776587,6.856461984594587,9.65033572298117,7.622663951323595,8.790725628263576,6.302618975744905,8.60611940061064,5.929589143389895,early
gene-T4p003,phage,60,2.995732273553991,0.0,8.09346227450118,3.9512437185814275,11.593500338710589,7.589335823170617,11.777863337941415,9.821029430095606,10.987459864464723,8.53660358493606,10.459525519123666,8.08271113423758,middle
gene-T4p138,phage,57A,1.791759469228055,1.0986122886681098,8.254528881939745,3.4011973816621555,10.32738179611266,6.5337888379333435,10.990263399428283,8.774158291205957,11.375649928923345,9.291643823040218,10.875818295292955,8.85893722196655,middle
gene-T4p069,phage,55.4,2.6390573296152584,0.0,10.427979367065934,7.646353722445999,10.979513342531442,8.907070776182689,8.895766604056085,7.260522598089852,8.426173793029069,6.421622267806518,8.021584533455107,6.1092475827643655,early
gene-T4p053,phage,45.2,2.4849066497880004,0.0,6.142037405587356,1.791759469228055,10.348557915236652,6.133398042996649,10.609871736128069,7.668093709082406,10.180247697287351,7.512071245835466,10.080796567506539,7.500529485395295,middle
gene-T4t006,phage,gene-T4t006,2.4849066497880004,1.6094379124341003,9.456027887725288,7.026426808699636,10.50262620577447,8.438799123988225,10.188478507176418,8.899321434159964,11.791458310599303,9.402364704231523,11.324992191908693,9.326165937481774,middle
gene-T4p230,phage,gene-T4p230_gene_nrdB,3.58351893845611,,8.781862489558945,4.007333185232471,11.751517078168522,8.064636475774222,12.86148161348965,10.436436637789742,13.492661305681068,11.359972401048003,12.909420125698494,10.995041657392331,early
gene-T4p201,phage,alt.1,2.1972245773362196,0.0,5.099866427824199,0.0,10.14439243342898,4.976733742420574,10.246758057051174,7.697121317282625,9.338029733117072,6.945051063725834,9.292565312231853,6.8658910748834385,middle
gene-T4p208,phage,30.5,2.772588722239781,0.6931471805599453,10.107652137252535,6.633318433280377,11.098530605040901,8.347353412124338,9.230731061623917,7.63433723562832,9.138414632404594,6.716594773520978,9.308374112247549,7.074116816197362,early
gene-T4p213,phage,rIII,2.70805020110221,1.3862943611198906,8.913550280493675,4.605170185988092,11.677015160169379,8.884194633072273,11.746716134028198,10.528222050409902,13.010644914992325,11.149010086518858,12.593204046949833,10.978694732757916,middle
gene-T4p014,phage,dexA,2.302585092994046,0.0,6.302618975744905,1.3862943611198906,10.715195244217844,5.996452088619021,11.15447752162512,8.86304982791909,11.396324230711397,9.155989777226102,10.671765396408588,8.62191350218664,middle
gene-T4p030,phage,segF,2.9444389791664403,0.0,6.63200177739563,1.6094379124341003,10.840776275405888,7.348587530927593,11.833072307421055,9.096499555552423,11.023339344196657,8.921324076511265,10.779934977485716,8.37930948405285,middle
gene-T4p070,phage,55.5,2.772588722239781,0.0,10.861879460428918,7.7501841622578365,11.24670477403981,8.790269111478656,9.37906997525067,7.013915474810528,9.154933364704444,6.790097235513905,8.768107539675803,6.769641976852503,early
gene-T4p252,phage,37,3.1354942159291497,,9.763305521936266,3.2188758248682006,10.306182159681624,5.117993812416755,10.512301584630322,6.792344427470809,13.047930737167013,10.820977564985766,13.114784731880778,11.86170734043962,early
gene-T4p104,phage,rI,1.6094379124341003,0.0,7.145196134997171,0.6931471805599453,10.19200677448047,5.720311776607412,10.667908335072157,8.647168267837984,11.303080592924797,9.283219017388756,10.613541013162433,8.681011276645632,middle
gene-T4p256,phage,asiA.1,2.0794415416798357,0.0,6.7912214627261855,1.791759469228055,10.572982204430845,7.3727463664043285,8.76748487464946,6.760414691083428,8.798454696065095,5.768320995793772,8.80492526261806,5.645446897643238,early
gene-T4p263,phage,motA.1,2.302585092994046,0.0,4.74493212836325,0.0,10.321243484728525,6.756932389247553,10.413342705547674,8.039157390473237,9.577965147101168,7.232010331664759,9.160519676992227,6.836259277277067,middle
gene-T4p074,phage,nrdG,3.6635616461296463,0.0,7.711101251840158,3.9512437185814275,11.166950217433365,7.453561871643373,11.889840195539033,8.939187601475613,11.744013376126354,9.187890243138591,11.631197270048263,9.319015388601839,middle
gene-T4p126,phage,e.3,2.9444389791664403,0.0,8.184513753033722,3.8066624897703196,10.938520859561367,8.087025470667701,8.224967478914584,6.0473721790462776,8.156510226079966,5.552959584921617,8.433376705323127,5.730099782973574,early
gene-T4p096,phage,mobD,3.258096538021482,0.0,10.114275081640754,6.282266746896006,11.644988279762018,8.616857514529183,9.308102089758679,6.74993119378857,9.657906656102982,6.3561076606958915,9.58795455192857,6.432940092739179,early
gene-T4p093,phage,nrdC.9,2.302585092994046,0.0,10.598458069806934,7.338238150065589,11.045494523523427,8.890548245606167,9.27453508401818,7.298445101508147,9.351839934249883,7.1731917424865985,9.190647738630446,7.455876687491824,early
gene-T4p116,phage,vs.5,2.3978952727983707,0.6931471805599453,7.969011781106478,3.6635616461296463,10.530868792320454,7.622174594817622,10.130144923150134,8.78216942633238,10.370267240463384,8.165363632473982,9.70375530548238,8.027476530860483,early
gene-T4p021,phage,modB,1.791759469228055,0.0,10.464245545050328,7.002155954403621,10.343257464336283,7.62657020629066,8.11102783819368,5.170483995038151,9.3487971151232,6.828712071641684,9.29908358181057,6.561030665896573,early
gene-T4p271,phage,ndd.2a,2.70805020110221,0.0,10.358250632365579,8.545586265917455,10.575155701418948,9.641798060358601,9.67363403969682,9.045347797304004,9.374158457205578,7.310550158534422,9.080459451121662,7.242082359256962,early
gene-T4p091,phage,nrdC.7,3.258096538021482,0.0,10.930227828966443,7.473637108496206,11.722975671333126,8.939187601475613,9.642447411030767,7.781973234434385,9.278933163441794,7.050989447068045,8.816705015621595,6.51025834052315,early
gene-T4p139,phage,1,3.044522437723423,0.6931471805599453,8.92052268739398,5.407171771460119,11.107285341547778,7.579678823090456,11.707809449670645,9.12913031655064,12.233361883967811,10.178540208587767,11.573013472246595,9.680656452403964,middle
gene-T4p032,phage,dam,1.6094379124341003,0.0,6.218600119691729,2.772588722239781,10.77966437247371,6.99117688712121,10.611055255757304,7.7226775164680035,10.958217613387388,8.305978210967302,10.938627418248664,8.21851757748959,middle
gene-T4p247,phage,gene-T4p247_gene_dsbA,2.0794415416798357,0.0,8.325548307161398,4.110873864173311,11.29881598328589,7.473637108496206,11.434250155315087,8.644178203170727,10.413072406865986,8.064636475774222,9.984283822364217,7.444833273892193,middle
gene-T4p191,phage,51,,0.0,6.601230118728877,0.0,,,8.992806059426483,,10.056251557087757,7.427144133408616,10.038630146478422,7.130098510125578,middle
gene-T4p222,phage,cd.5,2.70805020110221,0.0,7.893572073504902,3.871201010907891,10.772539915583412,7.711101251840158,10.309052655644626,8.41913925094085,9.593628035139645,7.463936604468925,9.409191230721348,7.471363088187097,early
gene-T4p082,phage,49.2,3.044522437723423,0.0,6.774223886357614,2.302585092994046,10.780288735123806,7.685703061234547,10.660899779342795,8.916103530553727,10.59270201006836,8.7157161275482,10.039285125433349,8.479283618343016,early
gene-T4p129,phage,e.6,4.382026634673881,0.0,11.871340893386732,8.332789468417959,12.672962055625337,9.829464192187341,10.836242010440948,8.356319965828153,9.858176329826126,7.4798641311650265,9.429234909000977,7.277938572945661,early
gene-T4p248,phage,rnh,3.258096538021482,0.0,9.837775009170747,5.84354441703136,11.737388145850336,8.078688229229872,11.477401908901182,8.821289805136113,10.44371662667136,8.087332926473351,9.897117305528285,7.527255919373784,early
gene-T4p097,phage,mobD.1,2.5649493574615367,0.6931471805599453,10.963792044549187,7.552762084214147,11.385909940750238,8.677950570294351,9.468464892185638,6.923628628138427,9.99346535865436,7.217443431696533,9.788693794534046,7.170888478512505,early
gene-T4p012,phage,motB.1,3.58351893845611,0.0,10.841481066053516,7.492203042618741,11.774905040069637,8.966611387052865,11.417559283597845,8.991437814919227,10.709717852539962,8.349957272040324,10.56307794956723,8.252185436003328,early
gene-T4p016,phage,dexA.2,1.791759469228055,0.0,5.153291594497779,0.6931471805599453,10.27097384268651,6.063785208687608,10.172789235831422,7.510430556378006,9.51044496442652,7.095064377287131,9.12238309321704,6.2166061010848646,early
gene-T4t008,phage,gene-T4t008,3.58351893845611,1.0986122886681098,9.679406061493943,7.568379267836522,11.236882066295157,8.925720273560222,11.689396608086007,9.535896096856046,12.293533921300169,9.76313293456348,12.151590060230424,9.906881785604144,middle
gene-T4p227,phage,alc,3.4011973816621555,0.0,11.046945728996073,7.682021510826875,11.579920341794507,8.835937789319836,10.65131229438677,8.129764445794171,10.633569180889136,7.798523053625206,10.27052363402451,7.848933726364071,early
gene-T4p047,phage,43,2.995732273553991,0.0,7.7336835707759,2.5649493574615367,11.045670055905612,6.467698726104354,13.024177065494502,10.101272269383447,12.654654712711743,10.369859595547814,12.177848052835099,9.957217874957095,middle
gene-T4p174,phage,22,3.4657359027997265,1.3862943611198906,10.440156346259636,2.3978952727983707,10.793270024529487,3.4339872044851463,10.977772995046502,5.153291594497779,13.820469243337586,10.986867753062814,13.481767792944035,11.300796034919118,middle
gene-T4p122,phage,ipIII,4.248495242049359,,11.443178737977032,8.201111644442758,12.549293487572658,9.481511892300974,12.334523026650473,10.56429231017482,13.116077663632186,10.998326062784663,12.635163130268287,10.774655387588322,early
gene-T4p148,phage,segC,,0.0,6.771935555839602,0.0,,,8.4368504387337,4.356708826689592,10.240209757912549,8.29154650988391,9.796681548218318,8.06117135969092,middle
gene-T4p056,phage,46.2,1.3862943611198906,0.6931471805599453,8.81269461292015,5.313205979041787,9.89353822168246,6.60934924316738,10.977277636883887,7.988203597022576,11.23740908941732,8.473868066677865,11.272076086537087,8.577911926450943,late
gene-T4p112,phage,vs.1,2.6390573296152584,0.0,10.31516664711076,7.242797922793756,10.902113746328311,8.598035579260339,10.308752640641625,7.846198815497425,10.350382470407432,7.730174795246222,10.585396823669269,7.999342952713282,early
gene-T4p178,phage,gene-T4p178_gene_rnlB,2.6390573296152584,0.6931471805599453,6.679599185844383,1.6094379124341003,10.8481713589115,7.618251097876695,11.261716745387675,9.664913054191375,10.30681704851387,8.616314282284044,9.945013299364627,8.008032846969307,middle
gene-T4s002,phage,gene-T4s002,,1.6094379124341003,11.305323022587267,3.4011973816621555,12.606662555816511,8.022240916806537,,9.932560800021836,14.345074124804231,10.718055588300412,,11.172278526394377,middle
gene-T4p045,phage,imm,2.3978952727983707,0.6931471805599453,10.949525024262934,7.798112628829788,11.39308280975289,8.874867635688053,10.660501153424487,7.9294865233142895,10.79857507675918,8.595449689382004,10.528355892342779,8.60300384782935,early
gene-T4p238,phage,I-TevI,3.6375861597263857,0.0,7.984462732262196,3.1780538303479458,11.887009979048127,8.624970783589669,11.397828817739152,9.025455532779063,11.42111714648604,9.392245175273795,10.766208717067526,8.745125259462244,early
gene-T4p136,phage,ipI,2.6390573296152584,0.6931471805599453,10.520104599106125,8.28045768658256,10.788906620743196,8.825412915085566,10.736027041947786,8.719970756777574,11.538778379759332,9.465292619805044,11.26612938499079,9.184201714366488,middle
gene-T4p087,phage,nrdC.3,3.7376696182833684,0.0,10.279970025719809,6.386879319362645,12.197107579144523,8.967631665167133,10.942703631247582,8.944419791305915,9.797960356321203,7.336285660021297,9.427385364828522,6.790097235513905,early
gene-T4p117,phage,vs.6,4.382026634673881,,8.997147151515142,5.43372200355424,10.984936727325564,8.474494436883122,10.747358117880204,9.23600811872476,10.933678235085578,8.621733370690162,10.747465622798657,8.637639344492104,early
gene-T4p209,phage,30.6,2.5649493574615367,0.0,10.857651936838364,7.532088143541722,11.302377258225722,8.80612448326845,9.088963385809583,7.773594467360194,9.021960500598263,7.0825485693553,8.771990436532242,7.0707241072602764,early
gene-T4p258,phage,arn.1,3.258096538021482,0.0,8.61558951327243,5.003946305945459,11.26956645115511,8.520985989654934,10.11350533663141,7.491645473605133,10.423560289658782,7.820840879907344,10.361734846083262,8.114025442356757,early
gene-T4p264,phage,52,4.204692619390966,1.3862943611198906,8.749256840105007,5.056245805348308,12.387055807072649,9.2681374707024,12.009577110830334,9.801344078867425,11.397469719072935,9.324293862052029,11.000999235760204,8.880863609867356,early
gene-T4p260,phage,arn.3,2.5649493574615367,0.0,10.767452878631598,7.344719054149673,11.651199344206669,9.368027647811777,10.178502231260227,8.057060681965766,10.875175147630571,8.531490496117062,10.786283546526374,8.701845363548474,early
gene-T4p223,phage,pseT,3.6109179126442243,0.0,10.101272269383447,6.429719478039138,11.98991091448725,9.211140052146748,10.929367845038138,9.163248764442333,10.77645315967191,8.517793011488205,10.383193957243249,8.756525002926972,early
gene-T4p048,phage,regA,0.6931471805599453,0.6931471805599453,6.39024066706535,1.3862943611198906,9.251482315307358,3.828641396489095,11.097713005407185,7.845807502637805,10.272565263191902,7.4067107301776405,9.966603186850204,6.955592608396297,middle
gene-T4p133,phage,trna.2,2.5649493574615367,0.0,10.453370414555645,7.1731917424865985,11.004314054689937,8.526549286340263,10.083305979111964,8.063692634269517,11.770594106852666,9.616205400105674,11.36345050358122,9.348100311680668,middle
gene-T4p210,phage,30.7,2.5649493574615367,0.0,11.371638360125852,7.725771441587952,11.360578158088066,8.544808358449211,9.85434982797458,7.724888439323074,10.292958770889943,7.844240718141811,9.992322266236618,8.109525659752872,early
gene-T4p060,phage,mobB,3.828641396489095,0.0,8.279950715722526,4.1588830833596715,12.106186009707589,8.282988692742602,11.939904154158679,9.291090521661292,12.271762066628238,9.765718622791232,11.956238549587917,9.350189267092581,middle
gene-T4p175,phage,23,5.043425116919247,,12.168957314503725,5.762051382780177,12.420389354641426,7.546974117516527,12.514542154312139,7.801800401908973,14.224185176745129,11.611294597767298,13.760565340256795,11.616113622766397,early
gene-T4s001,phage,gene-T4s001,3.7612001156935624,,10.32137518064285,3.4011973816621555,11.48059853499581,8.094683648698815,12.502303076431911,10.23792199998891,13.993811543081133,11.068667552142909,,11.6305751584036,early
gene-T4p040,phage,40,1.3862943611198906,0.0,5.863631175598097,0.6931471805599453,9.924759687811667,4.890349128221754,10.086683726740743,7.87587915949631,10.129865866360268,7.530479995245536,10.1893429576465,7.848543482456679,late
gene-T4p123,phage,e,3.6375861597263857,0.0,8.1886891244442,3.784189633918261,11.631650279236109,7.768956044538332,11.242021843757266,8.659386957119413,11.72386687200137,9.546098067659527,11.105919169843235,9.182866394975427,middle
gene-T4t005,phage,gene-T4t005,3.332204510175204,1.3862943611198906,9.56640512978922,6.940222469119639,11.040599140354848,8.512180649592693,11.604857217036178,9.079662048334066,13.07139845015102,9.633972784039797,12.589994011480988,9.783351751296147,middle
gene-T4p058,phage,47.1,1.6094379124341003,0.0,5.5909869805108565,2.0794415416798357,9.642707033281853,6.089044875446846,10.255622204932642,8.061802274538348,10.539932097726277,8.498418036089904,10.109688383120027,8.14177220465645,middle
gene-T4p164,phage,gene-T4p164_gene_17,1.0986122886681098,,8.799360083179907,2.302585092994046,9.437396260110308,3.295836866004329,9.620793021595386,4.983606621708336,12.287993588215482,9.967963571720492,12.078767543552274,10.582611870732505,early
gene-T4p265,phage,52.1,2.0794415416798357,0.0,8.10711747075039,4.356708826689592,10.560463365957897,7.544861068658458,9.684211512748407,7.938802248154481,9.807967350678716,7.417580402414544,9.482274087459825,7.213768308118642,early
gene-T4p102,phage,mobD.5,2.3978952727983707,0.6931471805599453,10.831113794074028,7.516977224604321,10.975225266531696,8.237479288613633,9.069352678675205,6.678342114654332,9.40713994795079,6.900730664045173,9.149634496858788,6.882437470997847,early
gene-T4p270,phage,ndd.2,2.995732273553991,0.6931471805599453,10.499765839127752,8.509161019718974,10.81859758766212,9.699472381656918,9.931248623321519,9.05321861620397,9.125218118559348,7.150701457592526,9.590761138978086,7.152268856032539,early
gene-T4p170,phage,67,2.4849066497880004,1.0986122886681098,8.844336332748933,1.6094379124341003,9.236105579862208,,9.730561717382535,,12.446395779120785,9.898374503149306,12.005686909463238,10.293940540523788,middle
gene-T4p046,phage,imm.1,2.8903717578961645,0.6931471805599453,11.648583345016876,8.561210076833012,11.198529739000024,9.044049632254756,11.030703494879953,8.1886891244442,11.124789338983838,9.04381342108087,10.8408546100122,9.162409838218633,early
gene-T4p017,phage,dda,3.6635616461296463,1.6094379124341003,8.434897948689407,4.584967478670572,11.998402511047777,8.740976538017787,11.400663410610132,9.085343881801498,11.677303664952923,9.55810574328497,11.018268422365821,9.201904893155081,early
gene-T4p212,phage,30.9,4.007333185232471,1.6094379124341003,9.092344813738475,2.70805020110221,11.554796509045534,7.993282328101591,12.007194786420502,10.257869870414977,13.616491165018019,11.256638695062765,13.599048386438584,11.789693192056129,middle
gene-T4p152,phage,7,2.302585092994046,1.6094379124341003,8.946114375560743,2.0794415416798357,9.665611001619853,4.406719247264253,10.362840918533156,6.333279628139691,12.715714568999308,10.232575449046527,12.382053307944082,10.102993934084184,middle
gene-T4p002,phage,rIIA.1,2.6390573296152584,0.0,8.015987811027237,4.2626798770413155,11.044871933048107,7.313886831633462,10.84427575601067,8.301521654940728,9.433243894485784,7.191429330036379,9.161780181360806,6.416732282512326,early
gene-T4p239,phage,frd,3.6635616461296463,0.6931471805599453,11.096803776673536,8.281470857895167,12.02636566774369,9.938565079148825,10.565917760434013,8.880446450715093,10.36860426020847,8.643649615368796,10.09608941873764,8.567506005289827,early
gene-T4p110,phage,tk.4,3.044522437723423,0.0,7.796469243086058,4.477336814478207,11.114296934121052,8.420241665339788,10.204406628019905,7.993957547573565,9.870861049709035,7.853604813097837,9.711782104431833,7.982416346827733,early
gene-T4p204,phage,30.2,3.4657359027997265,0.0,8.515191188745565,4.276666119016055,12.102632506989524,8.845489236753274,10.868968368601042,8.890548245606167,10.649843691427217,8.404696160189092,10.232251585714021,8.36240897761537,early
gene-T4p062,phage,a-gt.3,2.9444389791664403,0.0,6.42648845745769,1.3862943611198906,11.184740791431123,7.289610521451167,10.382265078333225,7.6577552711348655,10.44088694523715,7.430114138561801,10.009692711382444,7.348587530927593,early
gene-T4p219,phage,cd.2,3.4339872044851463,0.0,10.415322666595292,7.251344983372214,11.576472870114568,8.5422759717837,10.777163016268934,8.856945756159021,10.464702061835247,8.533263371593732,10.152337836193743,8.608495349823023,early
gene-T4p214,phage,31,3.6109179126442243,0.6931471805599453,9.923192135810464,6.52649485957079,12.004782313688603,8.949884285777994,11.53777416293962,9.708931458073831,11.81955685958042,9.118553976345474,11.813792729475248,9.11701821474481,early
gene-T4p041,phage,uvsX,3.2188758248682006,1.6094379124341003,7.355001921105257,2.5649493574615367,11.748290034501393,7.621684998724611,11.854690811195022,9.531626451841742,12.652369348112513,10.298195003991331,12.182025824371621,9.77826440778205,middle
gene-T4p010,phage,cef,3.58351893845611,0.0,11.050620127690122,7.718240951959316,11.800522533809305,8.890823576004383,10.263780941997572,8.425954710981966,9.125762395500885,6.917705609835305,8.713253274320705,6.154858094016418,early
gene-T4p024,phage,modA.4,1.791759469228055,0.0,7.951559331155252,3.7612001156935624,10.057109521191693,6.922643891475888,8.592857095337227,5.926926025970411,8.381373468273702,5.771441123130016,8.667163717992533,6.340359303727752,early
gene-T4p018,phage,dda.1,2.5649493574615367,0.6931471805599453,8.93075873555827,5.863631175598097,11.204196791808076,8.604104563405533,10.891261386032147,8.710619527942297,11.57150564539867,9.813891018724371,11.291343194222971,9.654577374584886,middle
gene-T4p220,phage,cd.3,2.5649493574615367,0.6931471805599453,6.9957661563048505,2.4849066497880004,10.744149155884623,7.413970290190444,10.338414370793911,8.831565879121063,10.753766678816367,8.855235623206967,10.731231183345313,9.081028635495842,middle
gene-T4p114,phage,vs.3,2.5649493574615367,0.0,6.9985096422506015,1.3862943611198906,11.020185308750623,7.594381242551817,11.148016716104392,9.235520670506482,10.64287402751427,8.604837701268284,10.065266208098754,8.114025442356757,middle
gene-T4p275,phage,ndd.6,2.3978952727983707,0.6931471805599453,10.008342940638508,7.425953657077541,10.64034056535614,7.946263643580541,10.422578920719152,7.408530566894626,9.659056522078663,6.762729506931879,9.847446161652503,6.77078942390898,early
gene-T4p140,phage,3,1.3862943611198906,0.6931471805599453,6.977281341630747,1.6094379124341003,,2.6390573296152584,8.242756345714477,4.174387269895637,10.992335659690873,8.303752415563412,11.04814019636589,8.491670234185152,late
gene-T4p094,phage,nrdC.10,2.302585092994046,0.0,12.119190351118121,8.908829791587868,11.282203268132468,9.421492310438014,9.42641902556827,7.6004023345004,9.40137386937216,7.203405521083095,9.256173788319355,7.38770923908104,early
gene-T4p149,phage,5.3,,0.0,6.173786103901937,1.0986122886681098,,2.3978952727983707,8.076826031298808,4.174387269895637,9.553575403548212,7.716906135298388,9.201299627324033,7.576097340623111,middle
gene-T4p171,phage,68,2.8903717578961645,0.0,9.19664704484418,1.0986122886681098,9.711115659888671,,10.188177653501853,,12.342079721121143,9.607638890751288,11.951096521416275,9.739438040529622,middle
gene-T4p155,phage,10,2.3978952727983707,0.6931471805599453,9.19207456316929,2.9444389791664403,9.795345393916424,4.007333185232471,10.403717237088715,7.133295954896068,12.219383659589846,9.975854724662028,11.758276592508523,9.79138211875182,middle
gene-T4p211,phage,30.8,2.6390573296152584,0.6931471805599453,11.038496056395529,8.323851131338817,11.087757524586195,8.956350940490871,10.17465907286092,8.351374706721296,11.092625867903608,9.609988594762783,10.932142218780436,9.875807983429386,middle
gene-T4p037,phage,61.4,2.5649493574615367,0.0,10.560878013383954,7.4999765409521215,10.741816742940571,8.30622521603216,10.540646222887219,8.180320874773685,10.110908143385101,7.585281078639126,10.001702600033083,7.604396348796338,early
gene-T4p020,phage,modA,1.6094379124341003,0.0,9.597505722912913,5.916202062607435,10.00419224665776,7.204892510204673,9.004299728561636,5.7899601708972535,9.830486659651637,6.912742820493176,9.76749599332478,6.739336627357174,early
gene-T4p128,phage,e.5,2.833213344056216,0.6931471805599453,10.454120255970487,6.84587987526405,11.240184548787743,8.699181359308954,8.681520484837913,6.543911845564792,8.859363449152088,6.169610732491456,8.726156679156613,6.161207321695077,early
gene-T4p100,phage,mobD.3,2.5649493574615367,0.0,10.856746462510271,7.407924322559599,11.216996143930366,8.412499120301572,9.47669665771321,6.731018100482083,9.677088708501246,6.93537044601511,9.440499258184298,6.8308742346461795,early
gene-T4p193,phage,28,1.0986122886681098,0.0,6.530877627725885,0.0,,,7.738923757439457,,9.937647404182833,7.344072850573066,9.78571701680162,7.030857476116121,middle
gene-T4p190,phage,26',,0.6931471805599453,6.0330862217988015,0.6931471805599453,,,8.297294370266917,,10.137214897389983,7.530479995245536,9.532641238823578,7.1631723908466425,middle
gene-T4p043,phage,b-gt,3.784189633918261,0.0,8.57810012631976,4.74493212836325,12.08717085930568,9.232199706329077,11.529133403814438,9.145161645951188,12.455417914065778,10.249591823249144,12.145000110915777,9.840920420267299,middle
gene-T4p068,phage,55.3,2.995732273553991,0.0,10.382048215714843,7.741533589281828,11.210833398801787,9.160204302482386,10.083389517811316,8.348537825386098,9.487669032348473,7.699842407396986,9.414912537704957,7.746732907753622,early
gene-T4p267,phage,stp,2.5649493574615367,0.6931471805599453,9.240287448344136,6.144185634125646,11.339262315746915,8.76123680683819,10.370016401720026,9.187890243138591,10.319001996497294,8.38206051742474,9.93556744599954,7.99598047476376,early
gene-T4p095,phage,nrdC.11,3.9318256327243257,0.6931471805599453,8.664923303440572,4.110873864173311,12.0838937120571,8.980298078970817,10.364639622058545,8.717845704894916,10.435555942570769,7.706162970199576,10.165197756999154,7.936660155225426,early
gene-T4p063,phage,a-gt.4,3.1354942159291497,0.0,7.357556200910353,1.9459101490553132,11.38234970017134,7.81762544305337,10.636576340189022,7.837554360881084,11.111790966222511,8.205764725234456,10.724983971523736,8.244334047856094,early
gene-T4p158,phage,wac,1.791759469228055,0.6931471805599453,9.283590833715776,1.791759469228055,9.740262491433162,2.302585092994046,9.943381116197804,,12.129353575116768,9.409273194575334,12.09767975910205,10.154479706670077,middle
gene-T4p188,phage,25,,1.0986122886681098,6.954638864880987,1.0986122886681098,,2.1972245773362196,8.374938143835367,,10.566922669110548,7.9724660159745655,10.18108140962911,7.8119734296220225,middle
gene-T4p162,phage,16,0.6931471805599453,0.0,7.796880342783522,1.0986122886681098,8.380456667842767,2.1972245773362196,8.79966169681513,,10.817916552462334,8.381144346952961,10.29000766547652,8.543055850941965,middle
gene-T4p086,phage,nrdC.2,2.8903717578961645,0.0,8.32579052588609,3.8501476017100584,11.299633229706393,8.505120610181969,10.525004458144746,8.831711917821577,9.354094335620879,7.583247524303362,8.920121751872404,7.425357887027151,early
gene-T4p180,phage,24.3,3.1780538303479458,0.0,6.652863029353347,3.044522437723423,10.712282156622035,6.955592608396297,10.550381348578611,7.604396348796338,9.109193189971226,6.648984550024776,8.73985662749357,6.434546518787453,early
gene-T4p232,phage,nrdB.1,2.0794415416798357,0.6931471805599453,7.802209316247118,3.713572066704308,10.214715238562922,6.656726524178391,11.277823192336225,8.703838719690246,11.74890626508593,9.591376166161172,11.087512719052368,9.380420642347783,middle
gene-T4p203,phage,30.1,2.9444389791664403,0.0,5.976350909297934,0.0,11.304079218356843,7.75833346749091,10.290211469825051,7.9976631270201,9.479374650055481,7.119635638017636,9.314880551250107,7.088408778675395,early
gene-T4p236,phage,nrdA.2,3.4965075614664802,0.0,5.58724865840025,1.9459101490553132,11.23779100757295,7.383989457978509,11.194220452283124,9.407304205507007,11.705040574651761,9.73495055071279,11.15820575117978,9.172534657240284,middle
gene-T4p196,phage,54,,0.6931471805599453,8.278428259199071,4.820281565605037,8.462737005620179,5.318119993844216,8.756839814829462,5.645446897643238,10.726500038828679,8.406261630708956,10.52185730613825,8.79300509129753,middle
gene-T4p023,phage,modA.3,2.302585092994046,0.0,7.21890970761906,2.772588722239781,10.141953119948122,6.625392368007956,8.520786726926367,6.248042874508429,9.123692565250511,6.610696044717759,9.059401196410896,6.54534966033442,early
gene-T4p049,phage,62,1.0986122886681098,0.0,5.902633333401366,0.0,10.001249270318624,5.627621113690637,11.185934142112526,8.443546651247939,10.64199043481687,8.002694162283937,10.446654511472781,7.692113339595466,middle
gene-T4p001,phage,rIIA,4.189654742026425,1.0986122886681098,9.049936850483158,4.948759890378168,12.596830124766063,8.661120360222881,12.731017127476987,10.499765839127752,11.546099085101352,9.161045080251306,11.110281374048766,8.558527054909215,middle
gene-T4p076,phage,gene-T4p076_gene_nrdD,3.6375861597263857,0.6931471805599453,8.619569258033104,4.51085950651685,11.712980516417032,7.78155595923534,12.575098501965435,10.08726638032806,12.379681355471696,9.963688555226884,11.895701784823702,9.666942095531727,middle
gene-T4p221,phage,cd.4,2.5649493574615367,0.0,7.15305163493748,2.302585092994046,10.578343463123822,7.05444965813294,10.274706221915702,8.219864741912652,11.139961428322973,8.054840221101024,10.171145473156981,8.336390480591552,middle
gene-T4p019,phage,srd,2.8903717578961645,0.6931471805599453,10.049361215025671,6.626717749249025,11.25698750748919,8.502485562543963,10.606287990124212,7.939871576361883,10.668978650219241,8.702842538302868,10.832615533211776,8.651024539049757,early
gene-T4p071,phage,55.6,2.5649493574615367,0.0,10.179489173338517,6.8001700683022,10.622984508418856,7.627057417018934,8.695004592732307,5.777652323222656,8.962519832949532,6.028278520230698,9.001099725830965,6.061456918928017,early
gene-T4p106,phage,tk,1.791759469228055,0.0,6.364750756851911,1.791759469228055,11.024268947225282,7.450660796211539,10.373272407852593,8.104703468371108,10.544867642274191,8.037543185118697,10.342548610072807,7.842671474979457,early
gene-T4p025,phage,srh,0.6931471805599453,0.0,8.26796230533871,3.970291913552122,9.968197933904884,6.74993119378857,8.65486599654131,5.814130531825066,8.449342524508063,5.796057750765372,8.64541048921699,6.354370040797351,early
gene-T4p132,phage,segB,3.4011973816621555,0.6931471805599453,8.60995467149755,4.330733340286331,11.401390370217602,8.630700432209832,11.092625867903608,8.723394022000136,12.193549557974869,10.004011390302427,11.84326464708799,9.745429247877853,middle
gene-T4t004,phage,gene-T4t004,3.332204510175204,0.6931471805599453,9.598252320836758,6.745236349484363,11.144987328752785,8.62155320674048,11.752021102498365,9.16701524723781,13.183023763287105,9.82271124250884,12.682399987888568,9.974877548622802,middle
gene-T4p168,phage,19,2.995732273553991,0.6931471805599453,9.53285855926342,0.6931471805599453,9.993922230007335,,10.169537324860794,,11.31856371508147,8.413830678421084,11.061233155495746,8.272059622210412,middle
gene-T4p151,phage,6,2.3978952727983707,1.0986122886681098,8.620651899784468,2.772588722239781,9.35755275165657,4.189654742026425,10.177324218165856,6.349138991379798,12.546917451379004,10.37947325345941,12.05090311351592,10.042814617757227,middle
gene-T4p011,phage,motB,3.9318256327243257,0.6931471805599453,11.132411472622978,7.951911381854188,12.271087615647902,9.386476169683052,11.80295727462602,9.694061978050115,11.866205653240808,9.571783927990017,11.421511684333913,9.180293450623886,early
gene-T4p242,phage,frd.3,3.367295829986474,0.0,10.830421444508763,8.163940954755008,11.157934816095596,8.844480518460378,10.055521708391627,8.148445666243235,10.184296056044737,8.164510268747042,10.085767441795337,8.36380888451688,early
gene-T4p090,phage,nrdC.6,3.9889840465642745,0.0,11.206210069232041,7.515889085215125,12.695360998375275,9.697692639556532,10.511349138813713,8.60061479955531,9.989114638503565,7.724888439323074,9.402117087540892,7.273786317844895,early
gene-T4p229,phage,denA,1.3862943611198906,0.0,6.184148890937483,0.6931471805599453,9.212338374638856,4.7535901911063645,10.816472827401556,7.664815785285735,11.68974022046111,8.812396905266864,11.476738545208454,9.031094081699155,middle
gene-T4p205,phage,30.3,3.5263605246161616,0.0,10.059807306791082,6.39024066706535,11.84283334613388,9.17118365677499,10.487405632994516,8.763584409450138,10.156267572978644,8.144969417087875,9.915465529295535,8.656259239539235,early
gene-T4p147,phage,5.1,1.0986122886681098,0.0,7.670428522190693,0.6931471805599453,,,9.05321861620397,4.770684624465665,10.803201648005482,8.21851757748959,10.436348603162731,8.06054004653864,middle
gene-T4p159,phage,13,1.0986122886681098,0.6931471805599453,8.105609402299896,1.0986122886681098,8.509564164251746,2.70805020110221,8.768729817231666,,11.103015493074828,8.583729715216482,10.803201648005482,9.16303909885817,middle
gene-T4p080,phage,pin,3.4339872044851463,0.6931471805599453,9.621257258762592,6.47543271670409,11.468252314258486,8.323608442343572,11.500559318382662,9.373224234877663,10.453976099358494,8.228977643358313,10.019402177132484,7.745435610274381,middle
gene-T4p156,phage,11,1.9459101490553132,0.0,7.607381425639791,1.9459101490553132,9.110299017795956,5.093750200806762,9.826768482122723,7.80710329012598,11.576332095761545,9.308283446306147,11.275771727732653,9.190341725469493,middle
gene-T4p187,phage,uvsY,2.0794415416798357,0.0,7.595889917718538,3.8066624897703196,10.270766079259051,6.891625897052253,11.000999235760204,8.257904193465674,11.340070953949187,9.242323417829233,10.994403634569768,9.07165285220229,middle
gene-T4p036,phage,sp,3.258096538021482,0.6931471805599453,11.278493437886162,8.009695357742922,11.696562822385406,9.03491498187007,11.129070173736432,8.58615939588096,10.192456296870509,7.787796878181171,10.231675569569644,7.818027938530729,early
gene-T4p088,phage,nrdC.4,3.713572066704308,0.0,11.647185342185407,8.123854263105914,12.298752095269327,8.966866554188723,10.71681489335218,8.17103418920548,9.378478484253662,6.329720905522696,9.16858043772795,6.0844994130751715,early
gene-T4p277,phage,denB.1,2.302585092994046,0.6931471805599453,5.476463551931511,1.0986122886681098,10.68434794707383,6.593044534142437,11.317883343766894,8.956350940490871,10.43570277898059,8.569785641535407,9.967729154597594,7.922623574217286,middle
gene-T4p182,phage,inh,0.6931471805599453,0.6931471805599453,8.149312843635345,1.9459101490553132,8.62998601889136,2.70805020110221,9.219795530746937,5.288267030694535,11.60386245996233,9.223355309053677,11.131298946341905,9.018695487721343,middle
gene-T4p141,phage,2,2.4849066497880004,0.6931471805599453,7.610357618312838,3.367295829986474,9.362889770436468,5.58724865840025,9.810878720803466,6.432940092739179,11.252274731569479,8.478036476215044,11.107330348411331,8.752107198329362,middle
gene-T4p120,phage,denV,4.007333185232471,,11.404014208442124,8.516793111394898,11.946232692306483,9.556197008479035,12.454244362886495,10.682812429337126,13.068998465012983,11.06671648429021,12.704232394689276,11.081311434367002,early
gene-T4p118,phage,vs.7,2.4849066497880004,0.0,9.171599543659752,6.1224928095143865,10.73941385832426,8.258681496264236,10.283190309420853,8.450625947144124,10.704255193154744,8.38091517312361,10.567231668726757,8.07558263667172,early
gene-T4p034,phage,61.1,2.772588722239781,0.0,9.75452339939617,6.059123195581797,11.039620391951418,8.187299270155147,10.355295387837245,7.984462732262196,10.44386226975867,8.094988759303774,10.286877452992435,7.860185057472165,early
gene-T4p243,phage,32,3.295836866004329,0.6931471805599453,8.28828304520769,2.1972245773362196,11.328437563344853,7.149131598557407,12.329263256085373,9.754639455799712,12.321042839966433,9.934501606065297,11.684784142914062,9.60689927061335,middle
gene-T4p057,phage,47,2.70805020110221,0.0,8.854664928370534,5.187385805840755,11.028806684032801,7.424165281042028,11.67146649309878,9.419952789006041,12.001272323775792,9.796458979777604,11.424749774066504,9.573037148233409,middle
gene-T4p143,phage,53,0.6931471805599453,0.0,7.061334366910438,1.0986122886681098,,,9.361085258668608,4.867534450455582,10.472431129636767,7.87587915949631,10.195074491065121,7.5256399750415355,middle
gene-T4p246,phage,33,2.302585092994046,0.0,7.60489448081162,3.332204510175204,10.907990606643073,7.109062135687172,10.735504973675503,8.212839584676484,10.118316634246252,7.61085279039525,9.532786124364256,6.946975992135418,early
gene-T4p105,phage,rI.1,2.4849066497880004,0.6931471805599453,7.357556200910353,1.0986122886681098,10.569982702098647,6.042632833682381,11.142774410487005,8.031710375322042,10.880986265451398,8.361007108226909,10.509468798708518,7.706162970199576,middle
gene-T4p245,phage,59,3.1780538303479458,0.6931471805599453,7.046647277848756,1.6094379124341003,10.974540205962679,7.1049654482698426,11.393680110646876,8.483222671845084,11.444689449852365,8.067149039910106,11.305679868808792,7.8628820346414905,middle
gene-T4p039,phage,41,2.6390573296152584,1.0986122886681098,6.937314081223682,2.0794415416798357,10.598632735758747,5.484796933490655,11.71645389140858,9.971660087639178,11.403913847700931,9.32188174670909,11.181834722101426,9.260462981379394,middle
gene-T4p125,phage,e.2,2.6390573296152584,0.0,7.578656850594762,4.442651256490317,11.176151182737833,8.193400231952097,8.906935339059165,7.177782416195197,8.695171998776056,6.095824562432225,8.782629654920699,6.403574197934815,early
gene-T4p215,phage,31.1,2.70805020110221,0.0,8.77137018531062,4.499809670330265,11.071703637149945,7.551186867296149,10.511539700563102,8.144679183447758,9.76457025334946,7.087573705557973,9.761463052506711,7.085064293952548,early
gene-T4p099,phage,mobD.2a,2.302585092994046,0.0,10.282950858105291,6.091309882077698,10.807402013342228,7.2640301428995295,9.16272451803452,6.194405391104672,9.478916074688227,6.4457198193855785,9.24725072599628,6.513230110912307,early
gene-T4p189,phage,26,0.6931471805599453,0.6931471805599453,6.664409020350408,1.0986122886681098,,2.833213344056216,8.899867211223587,,10.7190514610438,8.09437844497296,10.186898014636986,7.758760544157663,middle
gene-T4p089,phage,nrdC.5,4.0943445622221,0.6931471805599453,9.153452509769135,4.852030263919617,12.717976687594064,9.285355075781629,11.303758780586813,9.064852065227576,10.866814530411713,8.660427359502146,10.152844510666242,8.130647968160584,early
gene-T4p130,phage,e.7,2.8903717578961645,0.0,11.653069942864997,8.074649075066652,11.542086129713129,9.036819971135296,9.137984709784043,7.038783541388542,9.451638133870434,6.926577033222725,9.027378610294805,6.963189985870238,early
gene-T4p165,phage,gene-T4p165_gene_17,1.0986122886681098,,8.780787468338929,2.302585092994046,9.422301633887823,3.295836866004329,9.60723552940128,4.962844630259907,12.262684521156428,9.944437538865083,12.060017442063064,10.569571813546384,early
gene-T4p276,phage,denB,3.2188758248682006,0.0,6.0330862217988015,1.6094379124341003,10.741297689336635,6.648984550024776,11.975369341153378,9.363576347875041,11.071143822496172,8.940760134888384,10.986359949808731,8.922391597295857,middle
gene-T4p268,phage,ndd,4.553876891600541,1.0986122886681098,11.045462605234244,8.229777750081887,12.753370015191123,10.253721799644874,11.870082292784273,10.427446554692082,11.288456035067346,9.41987169587053,10.891335864219382,8.997023381479709,early
gene-T4p072,phage,gene-T4p072_gene_nrdH,1.791759469228055,0.6931471805599453,6.75343791859778,2.0794415416798357,10.371269966709153,6.666956792429207,10.695053711936849,8.579040594742317,12.262197747909893,9.665420700626543,11.819799684295283,9.80311457838934,middle
gene-T4p235,phage,nrdA.1,3.1354942159291497,0.0,6.052089168924417,2.0794415416798357,11.226416038034198,7.246368080102461,11.014933799184323,9.222367752188902,11.414606764101448,9.385889044482708,10.913833131159125,8.928242677818302,middle
gene-T4p272,phage,ndd.3,1.3862943611198906,0.0,9.145908511816794,7.652545692693921,9.307739277963316,8.608860379942062,8.404248432400102,8.138856750696325,8.131236549696116,6.472346294500901,8.341648618901306,6.013715156042802,early
gene-T4p266,phage,ac,2.833213344056216,1.0986122886681098,8.991935575009146,5.713732805509369,11.14075972726299,8.57338447106598,10.299205309189412,9.081028635495842,10.463817371205208,8.420902531097951,10.138994362833737,8.16876982367527,early
gene-T4p157,phage,12,2.6390573296152584,0.6931471805599453,9.305650551780507,2.4849066497880004,9.753187781764911,3.258096538021482,10.097531796025063,4.51085950651685,12.528565481199525,10.229079383061112,12.179898060360701,10.529907151045364,middle
gene-T4p079,phage,gene-T4p079_gene_49,2.1972245773362196,0.0,8.478244441277663,4.804021044733257,10.856438028772885,7.275864600546533,11.09157484763184,8.379079889286603,10.51173022600563,8.013012110368916,10.075295703313177,7.594381242551817,middle
gene-T4p103,phage,rI.-1,2.3978952727983707,0.6931471805599453,7.384610383176974,1.3862943611198906,10.28236909466127,5.181783550292085,11.205911054618872,8.958540111412168,11.512845461770057,9.438352054687252,10.74980636238115,8.683724062303869,middle
gene-T4p038,phage,dmd,2.9444389791664403,0.0,10.369671395678997,7.731053144007127,10.77170086617711,8.308199063206446,11.012759491388055,8.520985989654934,10.580302078475176,8.131530710604252,10.553909887636076,8.240385115516334,middle
gene-T4p177,phage,24,2.302585092994046,0.6931471805599453,9.211439767419483,1.9459101490553132,9.92627591416656,4.290459441148391,10.74038869674077,7.498315870766981,12.938002943512354,10.548258233355712,12.548846414298419,10.576814605646767,middle
gene-T4p244,phage,SegG,3.332204510175204,0.0,6.74993119378857,2.5649493574615367,11.183657217197519,7.328437352895162,11.629739142061483,9.271435471335993,10.800228425165567,8.565030520830398,10.276532769388181,7.999007213243955,middle
gene-T4p081,phage,49.1,2.70805020110221,0.0,7.934155233536322,5.123963979403259,10.58739215172914,7.80016307039296,9.979846560634877,8.834482608620677,9.385049695767997,8.264363329731667,8.972844314437573,8.163940954755008,early
gene-T4p004,phage,60.1,3.1354942159291497,0.0,8.18060094759445,4.663439094112067,11.306048886119891,7.436617265234227,11.030719691441425,8.59711281459211,9.945396955613338,7.416378479192928,9.80598497117489,7.538494999413465,early
gene-T4p146,phage,repEA,,0.0,5.4510384535657,0.0,,,,,8.054840221101024,6.70808408385307,7.753623546559746,6.2422232654551655,middle
gene-T4p202,phage,30,3.5263605246161616,0.0,7.362010551259734,3.044522437723423,12.15542651011113,8.265135629937385,11.710283406590296,9.664976524090797,11.524606969744067,8.957768009971161,11.354211053811708,9.086023537468803,early
gene-T4p184,phage,uvsW,1.9459101490553132,1.3862943611198906,8.224163512637862,1.791759469228055,8.868976189274543,3.295836866004329,10.264931108549963,5.932245187448011,12.47594709933199,9.953039331365376,12.152086254326393,9.873749734272172,middle
gene-T4p115,phage,vs.4,2.5649493574615367,0.6931471805599453,7.6255950721324535,2.6390573296152584,10.993546700492846,7.974532844130228,11.023991787620336,9.396819938918801,10.889472243411273,8.97094039814245,10.406109618951431,8.685246776412487,middle
gene-T4p075,phage,mobC,2.4849066497880004,0.0,6.875232087276577,2.0794415416798357,10.23742085450305,6.364750756851911,11.30688482155568,8.415603335654604,10.351596993696585,7.781138509845015,9.997842731017274,7.631916513071252,middle
gene-T4p111,phage,vs,2.833213344056216,0.0,8.807771066980044,5.342334251964811,10.794809133586739,8.059592328887545,10.765765506102406,7.523481312573497,10.73767846232701,8.021912778985708,10.971606268867896,8.452974619089586,late
gene-T4p131,phage,e.8,2.9444389791664403,0.6931471805599453,11.686777926672804,8.289037098278483,11.184088009096955,8.789355452209982,8.818630229100354,6.748759547491679,9.140990293841389,6.366470447731438,9.085457189829492,6.63200177739563,early
gene-T4p250,phage,35,1.6094379124341003,0.0,7.86940171257709,1.3862943611198906,8.72453251118548,4.787491742782046,9.307104040408491,7.459338895220296,10.823949572479094,8.34972083747249,10.844841560003951,8.827174771362785,late
gene-T4p240,phage,frd.1,3.4011973816621555,0.0,11.109383506423912,7.735870319952567,11.487146011982741,8.532475814947395,9.749053499229063,7.259116128097101,9.342858751676328,7.063903961472068,9.231710397712375,7.426549072397305,early
gene-T4p007,phage,39.1,2.772588722239781,0.6931471805599453,9.613603056529147,6.3473892096560105,11.314072006221684,8.395251520610994,10.611695744521377,8.637639344492104,9.688622142666144,7.222566018822171,9.600759521879075,6.930494765951626,early
gene-T4p067,phage,55.2,3.367295829986474,0.0,10.434645075274037,6.980075940561763,11.864032939272109,8.886823846515187,9.970912528850917,7.071573364211532,10.366340677753023,7.7266536648476425,10.406049122883656,7.798523053625206,early
gene-T4p231,phage,I-TevIII,2.4849066497880004,1.3862943611198906,7.2399325913204695,2.302585092994046,10.488882470601844,6.663132695990803,11.767319590555834,8.767173396684006,12.002333357862154,9.897670667214562,11.705972629570251,9.641603172905487,middle
gene-T4p065,phage,55,3.4339872044851463,0.6931471805599453,9.552368574168076,5.720311776607412,12.051784456248924,8.952734767106872,11.714142374866475,8.745761999375512,11.749758881010447,9.269080866998783,11.701171106339702,9.171391621837609,early
gene-T4p124,phage,gene-T4p124_gene_nudE,3.6635616461296463,0.0,7.195187320178709,4.127134385045092,11.816999944757677,8.460622839927844,10.694147031910097,8.30844552038576,8.98343977178426,6.579251212010101,9.014568767457824,6.391917113392602,early
gene-T4p233,phage,mobE,,1.0986122886681098,7.220373836723949,0.0,8.474911799159631,3.044522437723423,11.230496238799896,8.82893352896109,11.439375798473357,9.23883064237581,10.854025109805466,9.076237387452702,middle
gene-T4p161,phage,15,0.6931471805599453,0.0,7.8351837552667485,1.9459101490553132,8.595819511871428,2.5649493574615367,9.15440473964588,,11.017497355384243,8.385032287813898,10.763525342859484,8.5016733797582,middle
gene-T4p127,phage,e.4,2.8903717578961645,0.0,9.445807672979225,5.393627546352362,11.281800143914362,8.53934599605737,8.720950028930258,6.5337888379333435,8.405367376233981,5.389071729816501,8.450412157725886,5.3471075307174685,early
gene-T4p051,phage,45,3.5263605246161616,1.0986122886681098,8.212025804623437,5.093750200806762,11.796418776800556,8.540909718033554,11.94473385508442,10.151089542682712,11.391028980672303,9.125000324809168,11.099665052270861,8.702842538302868,middle
gene-T4p251,phage,36,1.791759469228055,0.6931471805599453,8.130353547431238,2.3978952727983707,8.661812881026181,3.5263605246161616,9.148145768383065,5.768320995793772,11.519354752735133,9.47500967011889,11.62949888044212,10.203481027702058,late
gene-T4p008,phage,39.2,3.295836866004329,0.0,10.256430541385182,6.900730664045173,11.456058773281118,8.592115117933497,9.871119307503399,8.157657015196472,9.07440609473535,6.853299093186078,8.620291149419804,6.419994928147142,early
gene-T4t007,phage,gene-T4t007,3.7612001156935624,1.3862943611198906,10.025616685769192,7.794823152179389,11.427868540429868,9.178436822963175,11.741175953652583,9.739379125161532,12.568236995074841,10.023312945604477,12.31780183804461,10.113870026547724,middle
gene-T4p101,phage,mobD.4,2.1972245773362196,0.6931471805599453,10.803465958917979,7.665284718471351,10.90273980512463,8.490438454107418,8.700847193443972,6.630683385642372,9.153452509769135,6.734591659972948,8.782015969721936,6.71295620067707,early
gene-T4p059,phage,a-gt,3.258096538021482,1.6094379124341003,7.085901464365611,2.302585092994046,11.785468518579206,7.3632795869630385,12.27569665114341,10.17705802304326,12.962239225195882,10.223902994604545,12.614008033316884,9.913239843978806,middle
gene-T4p109,phage,tk.3,1.791759469228055,0.0,6.317164686747284,2.1972245773362196,10.60002896616409,7.4489161025442,9.897922094063247,7.277247726631484,9.296518068217235,6.595780513961311,9.16701524723781,6.6052979209482015,early
gene-T4p083,phage,49.3,3.4339872044851463,1.3862943611198906,8.035278911144667,4.04305126783455,11.286187963145803,8.433159195806228,11.088843126705,9.496346040047019,11.35492572032134,9.725436862592819,10.689874589440821,9.485165142425407,middle
gene-T4p027,phage,mrh.1,2.5649493574615367,0.0,9.668524424416576,6.61472560020376,10.639430777896337,7.944846711001996,9.19136140537838,7.450660796211539,9.172430798902962,7.0925737159746784,9.098067129493398,7.161622002939187,early
gene-T4p061,phage,a-gt.2,3.2188758248682006,0.0,6.311734809152915,1.791759469228055,11.20037676478832,7.066466970136958,11.012940864382113,8.033334015880062,10.859306642543686,7.7039102096163115,10.729569072519801,7.828834527588089,early
gene-T4p218,phage,cd.1,3.4011973816621555,0.0,10.454783108855832,7.261927092702751,11.540248760619118,8.668368019213355,10.661579421736455,8.968268810776454,10.19727594341967,8.302265794873367,9.881497534644513,8.253748343328501,early
