Geneid,0_R1,0_R2,2.5_R1,2.5_R2,5_R1,5_R2,10_R1,10_R2,20_R1,20_R2,30_R1,30_R2,Entity,Symbol
gene-T4p273,5,0,8214,1191.0,15023.0,2028.0,10136.0,1221.0,4924.0,242.0,6616.0,186.0,phage,ndd.4
gene-T4p269,12,0,33794,3435.0,43021.0,12708.0,22625.0,7508.0,13949.0,1571.0,14904.0,1157.0,phage,ndd.1
gene-T4p064,19,0,1220,11.0,60274.0,1770.0,22615.0,1545.0,16509.0,1258.0,11290.0,972.0,phage,a-gt.5
gene-T4t003,32,1,11631,484.0,73717.0,4731.0,117601.0,9658.0,338520.0,15563.0,307712.0,16455.0,phage,gene-T4t003
gene-T4p085,11,0,2197,43.0,65763.0,3504.0,68966.0,7172.0,110331.0,10541.0,106752.0,9772.0,phage,nrdC.1
gene-T4p150,1,0,872,4.0,2549.0,56.0,5081.0,220.0,35768.0,3704.0,29303.0,3517.0,phage,5.4
gene-T4p257,13,0,3089,51.0,81201.0,3194.0,15747.0,1497.0,39199.0,1999.0,34319.0,2371.0,phage,arn
gene-T4p274,21,0,30501,1486.0,56548.0,2593.0,43522.0,1667.0,21894.0,829.0,27070.0,938.0,phage,ndd.5
gene-T4p249,13,1,14259,48.0,45305.0,793.0,45093.0,4312.0,368071.0,25111.0,275721.0,42417.0,phage,34
gene-T4p254,14,1,12620,995.0,41207.0,3265.0,21041.0,3161.0,81215.0,7233.0,71389.0,8610.0,phage,t
gene-T4p163,3,5,7341,9.0,13881.0,31.0,17117.0,159.0,250427.0,24135.0,196221.0,42812.0,phage,17
gene-T4p098,4,0,15316,1105.0,24914.0,2015.0,6211.0,473.0,6779.0,670.0,7016.0,793.0,phage,mobD.2
gene-T4p077,5,0,588,8.0,23774.0,421.0,48347.0,3761.0,50867.0,5001.0,32117.0,3006.0,phage,I-TevII
gene-T4t001,14,1,2320,4.0,43912.0,2037.0,84940.0,7516.0,263701.0,16421.0,263454.0,25510.0,phage,gene-T4t001
gene-T4p186,2,2,805,3.0,9575.0,391.0,17592.0,3880.0,113451.0,13060.0,98532.0,16453.0,phage,uvsY.-1
gene-T4p253,4,0,3018,1.0,7125.0,82.0,10781.0,281.0,60733.0,3910.0,74850.0,7998.0,phage,38
gene-T4p026,4,0,7788,202.0,31472.0,1291.0,4193.0,512.0,4242.0,400.0,4147.0,352.0,phage,mrh
gene-T4p217,25,0,37026,995.0,125515.0,5777.0,50635.0,8905.0,20648.0,1973.0,16170.0,1713.0,phage,cd
gene-T4p084,20,2,5266,120.0,77246.0,4015.0,79493.0,11011.0,263984.0,28017.0,192413.0,24170.0,phage,nrdC
gene-T4p169,12,3,10912,12.0,18626.0,24.0,33223.0,95.0,358811.0,27814.0,249626.0,32222.0,phage,20
gene-T4p142,1,1,820,4.0,1503.0,9.0,6477.0,63.0,15186.0,929.0,13949.0,829.0,phage,4
gene-T4p044,34,5,59039,1667.0,210764.0,12604.0,82139.0,7149.0,133321.0,13534.0,80361.0,9738.0,phage,42
gene-T4p009,76,1,108272,4240.0,272148.0,17952.0,77338.0,13301.0,50967.0,5993.0,28247.0,3851.0,phage,goF
gene-T4p073,2,0,876,8.0,24581.0,607.0,22628.0,2579.0,135116.0,7296.0,86734.0,8158.0,phage,55.8
gene-T4p183,3,1,1088,2.0,1948.0,8.0,17509.0,123.0,85136.0,8075.0,61070.0,7043.0,phage,segE
gene-T4p135,12,1,22560,2269.0,42029.0,3136.0,38213.0,1919.0,40505.0,4441.0,47974.0,3939.0,phage,trna.4
gene-T4p199,1,0,281,3.0,702.0,2.0,14444.0,2127.0,41254.0,4818.0,28282.0,5511.0,phage,alt.-1
gene-T4p035,57,1,98529,3162.0,218347.0,13059.0,182738.0,12022.0,129061.0,8895.0,131261.0,8871.0,phage,61.2
gene-T4p107,6,0,188,2.0,30366.0,1087.0,18427.0,1292.0,12699.0,1180.0,12817.0,908.0,phage,tk.1
gene-T4p013,33,1,97850,4548.0,124002.0,8575.0,58014.0,5613.0,41214.0,4790.0,24548.0,2596.0,phage,motB.2
gene-T4p225,26,0,21576,631.0,83066.0,4590.0,27614.0,2188.0,47158.0,4050.0,39775.0,7021.0,phage,pseT.2
gene-T4p194,3,0,2963,1.0,5769.0,25.0,7946.0,61.0,49079.0,4771.0,34707.0,5524.0,phage,29
gene-T4p192,1,0,1314,1.0,2230.0,2.0,6147.0,40.0,59687.0,4440.0,39288.0,3666.0,phage,27
gene-T4p005,7,0,1568,51.0,25027.0,480.0,14681.0,1241.0,7639.0,1117.0,4286.0,817.0,phage,gene-T4p005_gene_mobA
gene-T4p172,9,3,14491,3.0,21496.0,10.0,28817.0,64.0,395932.0,30324.0,328636.0,40612.0,phage,21
gene-T4p198,2,0,371,3.0,733.0,7.0,13088.0,1938.0,27471.0,2447.0,16864.0,2572.0,phage,alt.-2
gene-T4p262,48,1,161414,7026.0,161369.0,15558.0,34464.0,2458.0,21788.0,1941.0,28238.0,2016.0,phage,motA
gene-T4p033,53,2,28018,543.0,252907.0,11896.0,175150.0,12083.0,118470.0,11694.0,91908.0,9156.0,phage,61
gene-T4p092,34,2,108992,4113.0,107255.0,9881.0,35799.0,3724.0,28233.0,2663.0,29288.0,2748.0,phage,nrdC.8
gene-T4t002,36,1,8148,248.0,69793.0,3084.0,108953.0,7359.0,307414.0,11589.0,286741.0,12193.0,phage,gene-T4t002
gene-T4p121,41,6,28154,952.0,122851.0,6512.0,138949.0,30958.0,433583.0,59500.0,256944.0,55500.0,phage,ipII
gene-T4p195,2,0,1758,2.0,3206.0,19.0,4526.0,58.0,48317.0,3779.0,35733.0,4325.0,phage,48
gene-T4p185,20,3,6074,3.0,25115.0,201.0,92933.0,3274.0,373394.0,17016.0,424628.0,26628.0,phage,uvsY.-2
gene-T4p113,19,0,57388,2981.0,86959.0,7034.0,45716.0,5649.0,37396.0,3166.0,27928.0,2773.0,phage,regB
gene-T4p226,26,1,28514,909.0,76266.0,5352.0,27885.0,1709.0,30205.0,2874.0,27378.0,4790.0,phage,pseT.3
gene-T4p055,4,1,3045,67.0,13229.0,399.0,27376.0,1536.0,60526.0,3253.0,52798.0,3154.0,phage,46.1
gene-T4p134,36,2,99290,3852.0,137067.0,9018.0,60761.0,4831.0,190367.0,18289.0,122223.0,15006.0,phage,trna.3
gene-T4p176,5,1,26338,718.0,27008.0,1351.0,10228.0,634.0,52213.0,4156.0,44089.0,4732.0,phage,segD
gene-T4p241,19,0,59388,2799.0,91141.0,8835.0,16325.0,2342.0,14824.0,1824.0,12840.0,2059.0,phage,frd.2
gene-T4p207,24,1,23812,860.0,88500.0,6864.0,19197.0,3620.0,8082.0,1131.0,7971.0,1301.0,phage,30.4
gene-T4p167,18,3,29079,14.0,53154.0,193.0,50178.0,461.0,416498.0,39080.0,313731.0,53805.0,phage,18
gene-T4p006,76,0,25213,507.0,355382.0,14636.0,186315.0,24139.0,154657.0,17014.0,91320.0,13164.0,phage,39
gene-T4p042,20,1,873,17.0,95111.0,3147.0,78500.0,4280.0,107730.0,7760.0,108353.0,6416.0,phage,segA
gene-T4p228,6,1,2129,9.0,29774.0,502.0,64439.0,3611.0,133482.0,8687.0,85025.0,8092.0,phage,gene-T4p228_gene_rnlA
gene-T4p166,2,5,5674,8.0,10802.0,22.0,12946.0,124.0,179108.0,17924.0,152452.0,34768.0,phage,gene-T4p166_gene_17
gene-T4p137,7,3,4250,28.0,29999.0,741.0,76671.0,13225.0,239574.0,38247.0,130981.0,27637.0,phage,57B
gene-T4p028,7,0,13160,673.0,32495.0,2081.0,13138.0,1450.0,10442.0,977.0,9761.0,1094.0,phage,mrh.2
gene-T4p197,39,0,48060,3577.0,125570.0,10267.0,43939.0,9389.0,56348.0,4031.0,39649.0,3658.0,phage,alt.-3
gene-T4p237,125,1,29963,933.0,433968.0,22380.0,284762.0,36215.0,380408.0,47977.0,234122.0,37550.0,phage,td
gene-T4p259,17,1,16824,542.0,101386.0,8031.0,17316.0,2412.0,30377.0,2868.0,27655.0,3099.0,phage,arn.2
gene-T4p022,5,0,292,1.0,17039.0,437.0,9195.0,932.0,10404.0,953.0,10068.0,1009.0,phage,modA.2
gene-T4p050,17,0,958,13.0,71090.0,1682.0,138038.0,14224.0,62087.0,4896.0,44332.0,2981.0,phage,44
gene-T4p181,21,1,16497,10.0,28568.0,36.0,39495.0,548.0,310608.0,26019.0,245669.0,46224.0,phage,hoc
gene-T4p054,28,2,9771,229.0,100816.0,3077.0,245351.0,14792.0,330222.0,20319.0,218662.0,21365.0,phage,46
gene-T4p234,39,3,3125,36.0,136554.0,1155.0,260776.0,38798.0,206769.0,21874.0,146064.0,21258.0,phage,nrdA
gene-T4p145,0,0,434,4.0,766.0,6.0,2320.0,35.0,10896.0,962.0,6411.0,658.0,phage,repEB
gene-T4p052,11,0,719,10.0,49969.0,1162.0,96300.0,7222.0,93481.0,8457.0,70897.0,7486.0,phage,rpbA
gene-T4p224,12,0,15157,579.0,55926.0,3766.0,17846.0,2039.0,30501.0,2962.0,23085.0,4628.0,phage,pseT.1
gene-T4p261,10,0,42833,1358.0,62041.0,5743.0,14457.0,1500.0,20421.0,1186.0,21676.0,1584.0,phage,arn.4
gene-T4p278,82,1,6767,116.0,265684.0,7012.0,369604.0,44180.0,223534.0,37265.0,93203.0,14495.0,phage,rIIB
gene-T4p200,12,2,3679,13.0,46379.0,164.0,141139.0,15706.0,383509.0,37144.0,294889.0,47279.0,phage,alt
gene-T4p206,21,0,12904,293.0,84331.0,5972.0,16328.0,3970.0,18553.0,2710.0,15157.0,4786.0,phage,30.3'
gene-T4p144,4,1,3648,17.0,6025.0,64.0,14150.0,233.0,65318.0,7891.0,46100.0,6480.0,phage,5
gene-T4p255,15,0,29640,1955.0,87685.0,4773.0,26942.0,3216.0,30895.0,2382.0,35144.0,2529.0,phage,asiA
gene-T4p078,14,1,7270,219.0,72124.0,2124.0,78013.0,5567.0,44726.0,3645.0,29280.0,2355.0,phage,49
gene-T4p031,42,3,2259,99.0,102647.0,3951.0,188661.0,17496.0,321504.0,41831.0,178880.0,27155.0,phage,56
gene-T4p216,11,0,6984,132.0,53486.0,1961.0,24574.0,2118.0,5084.0,402.0,5324.0,247.0,phage,31.2
gene-T4p160,3,0,1961,0.0,3826.0,3.0,4532.0,28.0,45662.0,2006.0,37201.0,2395.0,phage,14
gene-T4p108,8,0,337,1.0,34204.0,1309.0,9691.0,1061.0,6576.0,433.0,4595.0,411.0,phage,tk.2
gene-T4p153,7,1,6426,11.0,10506.0,20.0,17555.0,629.0,364416.0,27480.0,249809.0,44870.0,phage,8
gene-T4p029,28,0,21872,8.0,58042.0,150.0,156614.0,5994.0,231630.0,14417.0,156952.0,11467.0,phage,soc
gene-T4p173,8,3,13462,2.0,19892.0,8.0,26464.0,52.0,372310.0,28199.0,312724.0,37954.0,phage,gene-T4p173_gene_21
gene-T4p066,10,0,18322,438.0,76141.0,4275.0,10238.0,885.0,8992.0,849.0,5978.0,541.0,phage,55.1
gene-T4p119,91,6,71039,3768.0,187126.0,16069.0,358716.0,49419.0,384329.0,50704.0,386534.0,71524.0,phage,vs.8
gene-T4p154,2,1,4233,5.0,7078.0,6.0,20381.0,244.0,68992.0,8253.0,44200.0,5156.0,phage,9
gene-T4p015,4,0,354,0.0,29484.0,409.0,29117.0,2689.0,24893.0,2823.0,15789.0,1194.0,phage,dexA.1
gene-T4p179,10,1,774,7.0,27008.0,949.0,15526.0,2043.0,6572.0,545.0,5464.0,375.0,phage,24.2
gene-T4p003,19,0,3272,51.0,108390.0,1976.0,130334.0,18416.0,59127.0,5097.0,34874.0,3237.0,phage,60
gene-T4p138,5,2,3844,29.0,30557.0,687.0,59293.0,6464.0,87172.0,10846.0,52881.0,7036.0,phage,57A
gene-T4p069,13,0,33791,2092.0,58659.0,7383.0,7300.0,1422.0,4564.0,614.0,3045.0,449.0,phage,55.4
gene-T4p053,11,0,464,5.0,31211.0,460.0,40532.0,2138.0,26376.0,1829.0,23879.0,1808.0,phage,45.2
gene-T4t006,11,4,12784,1125.0,36410.0,4622.0,26594.0,7326.0,132118.0,12116.0,82866.0,11227.0,phage,gene-T4t006
gene-T4p230,35,5,6514,54.0,126945.0,3179.0,385185.0,34078.0,724082.0,85816.0,404100.0,59577.0,phage,gene-T4p230_gene_nrdB
gene-T4p201,8,0,163,0.0,25447.0,144.0,28190.0,2201.0,11361.0,1037.0,10856.0,958.0,phage,alt.1
gene-T4p208,15,1,24529,759.0,66073.0,4218.0,10205.0,2067.0,9305.0,825.0,11029.0,1180.0,phage,30.5
gene-T4p213,14,3,7431,99.0,117831.0,7216.0,126337.0,37354.0,447147.0,69494.0,294549.0,58611.0,phage,rIII
gene-T4p014,9,0,545,3.0,45034.0,401.0,69875.0,7065.0,88993.0,9470.0,43120.0,5551.0,phage,dexA
gene-T4p030,18,0,758,4.0,51060.0,1553.0,137732.0,8923.0,61287.0,7489.0,48046.0,4355.0,phage,segF
gene-T4p070,15,0,52149,2321.0,76626.0,6569.0,11837.0,1111.0,9460.0,888.0,6425.0,870.0,phage,55.5
gene-T4p252,22,9,17383,24.0,29916.0,166.0,36764.0,890.0,464134.0,50059.0,496224.0,141733.0,phage,37
gene-T4p104,4,0,1267,1.0,26688.0,304.0,42954.0,5693.0,81070.0,10755.0,40681.0,5889.0,phage,rI
gene-T4p256,7,0,889,5.0,39064.0,1591.0,6421.0,862.0,6623.0,319.0,6666.0,282.0,phage,asiA.1
gene-T4p263,9,0,114,0.0,30370.0,859.0,33300.0,3099.0,14442.0,1382.0,9513.0,930.0,phage,motA.1
gene-T4p074,38,0,2232,51.0,70752.0,1725.0,145777.0,7624.0,125996.0,9777.0,112554.0,11147.0,phage,nrdG
gene-T4p126,18,0,3584,44.0,56303.0,3251.0,3732.0,422.0,3485.0,257.0,4597.0,307.0,phage,e.3
gene-T4p096,25,0,24692,534.0,114117.0,5523.0,11026.0,853.0,15644.0,575.0,14587.0,621.0,phage,mobD
gene-T4p093,9,0,40072,1537.0,62660.0,7262.0,10662.0,1477.0,11519.0,1303.0,9804.0,1729.0,phage,nrdC.9
gene-T4p116,10,1,2889,38.0,37453.0,2042.0,25087.0,6516.0,31896.0,3516.0,16378.0,3063.0,phage,vs.5
gene-T4p021,5,0,35039,1098.0,31046.0,2051.0,3330.0,175.0,11484.0,923.0,10927.0,706.0,phage,modB
gene-T4p271,14,0,31515,5143.0,39149.0,15394.0,15892.0,8478.0,11779.0,1495.0,8781.0,1396.0,phage,ndd.2a
gene-T4p091,25,0,55838,1760.0,123373.0,7624.0,15404.0,2396.0,10709.0,1153.0,6745.0,671.0,phage,nrdC.7
gene-T4p139,20,1,7483,222.0,66654.0,1957.0,121516.0,9219.0,205532.0,26331.0,106192.0,16004.0,phage,1
gene-T4p032,4,0,501,15.0,48033.0,1086.0,40580.0,2258.0,57423.0,4047.0,56309.0,3708.0,phage,dam
gene-T4p247,7,0,4127,60.0,80725.0,1760.0,92433.0,5676.0,33291.0,3179.0,21682.0,1710.0,phage,gene-T4p247_gene_dsbA
gene-T4p191,0,0,735,0.0,1597.0,3.0,8044.0,49.0,23300.0,1680.0,22893.0,1248.0,phage,51
gene-T4p222,14,0,2679,47.0,47692.0,2232.0,30002.0,4532.0,14670.0,1743.0,12199.0,1756.0,phage,cd.5
gene-T4p082,20,0,874,9.0,48063.0,2176.0,42654.0,7450.0,39842.0,6097.0,22908.0,4813.0,phage,49.2
gene-T4p129,79,0,143105,4157.0,319004.0,18572.0,50829.0,4256.0,19113.0,1771.0,12446.0,1447.0,phage,e.6
gene-T4p248,25,0,18727,344.0,125164.0,3224.0,96509.0,6776.0,34327.0,3252.0,19872.0,1857.0,phage,rnh
gene-T4p097,12,1,57744,1905.0,88071.0,5871.0,12944.0,1015.0,21882.0,1362.0,17830.0,1300.0,phage,mobD.1
gene-T4p012,35,0,51096,1793.0,129949.0,7836.0,90903.0,8033.0,44788.0,4229.0,38679.0,3835.0,phage,motB.1
gene-T4p016,5,0,172,1.0,28881.0,429.0,26180.0,1826.0,13499.0,1205.0,9157.0,500.0,phage,dexA.2
gene-T4t008,35,2,15984,1935.0,75877.0,7522.0,119299.0,13847.0,218279.0,17380.0,189394.0,20067.0,phage,gene-T4t008
gene-T4p227,29,0,62751,2168.0,106928.0,6876.0,42247.0,3393.0,41504.0,2436.0,28868.0,2562.0,phage,alc
gene-T4p047,19,0,2283,12.0,62671.0,643.0,453239.0,24373.0,313217.0,31883.0,194433.0,21103.0,phage,43
gene-T4p174,31,3,34205,10.0,48691.0,30.0,58557.0,172.0,1004970.0,59092.0,716237.0,80885.0,phage,22
gene-T4p122,69,5,93262,3644.0,281895.0,13114.0,227412.0,38726.0,496866.0,59773.0,307171.0,47793.0,phage,ipIII
gene-T4p148,0,0,872,0.0,1530.0,4.0,4613.0,77.0,28006.0,3989.0,17973.0,3168.0,phage,segC
gene-T4p056,3,1,6718,202.0,19801.0,741.0,58528.0,2945.0,75917.0,4787.0,78595.0,5312.0,phage,46.2
gene-T4p112,13,0,30186,1397.0,54290.0,5420.0,29993.0,2555.0,31268.0,2275.0,39552.0,2978.0,phage,vs.1
gene-T4p178,13,1,795,4.0,51439.0,2034.0,77785.0,15754.0,29935.0,5520.0,20847.0,3004.0,phage,gene-T4p178_gene_rnlB
gene-T4s002,239,4,81252,29.0,298540.0,3047.0,842976.0,20589.0,1698190.0,45163.0,3301409.0,71130.0,phage,gene-T4s002
gene-T4p045,10,1,56926,2435.0,88705.0,7149.0,42637.0,2777.0,48950.0,5406.0,37359.0,5447.0,phage,imm
gene-T4p238,37,0,2934,23.0,145365.0,5568.0,89127.0,8311.0,91227.0,11994.0,47391.0,6279.0,phage,I-TevI
gene-T4p136,13,1,37052,3945.0,48479.0,6804.0,45982.0,6123.0,102618.0,12903.0,78129.0,9741.0,phage,ipI
gene-T4p087,41,0,29142,593.0,198214.0,7844.0,56539.0,7664.0,17996.0,1534.0,12423.0,888.0,phage,nrdC.3
gene-T4p117,79,13,8079,228.0,58978.0,4790.0,46506.0,10259.0,56031.0,5550.0,46511.0,5639.0,phage,vs.6
gene-T4p209,12,0,51929,1866.0,81013.0,6674.0,8856.0,2376.0,8282.0,1190.0,6450.0,1176.0,phage,30.6
gene-T4p258,25,0,5516,148.0,78398.0,5018.0,24673.0,1792.0,33642.0,2491.0,31625.0,3340.0,phage,arn.1
gene-T4p264,66,3,6305,156.0,239678.0,10594.0,164320.0,18057.0,89095.0,11206.0,59933.0,7192.0,phage,52
gene-T4p260,12,0,47450,1547.0,114828.0,11707.0,26330.0,3155.0,52847.0,5071.0,48352.0,6013.0,phage,arn.3
gene-T4p223,36,0,24373,619.0,161120.0,10007.0,55790.0,9539.0,47879.0,5002.0,32311.0,6351.0,phage,pseT
gene-T4p048,1,1,595,3.0,10419.0,45.0,66019.0,2554.0,28927.0,1646.0,21302.0,1048.0,phage,regA
gene-T4p133,12,0,34660,1303.0,60132.0,5046.0,23939.0,3176.0,129390.0,15005.0,86115.0,11476.0,phage,trna.2
gene-T4p210,12,0,86823,2265.0,85868.0,5139.0,19040.0,2263.0,29523.0,2550.0,21857.0,3325.0,phage,30.7
gene-T4p060,45,0,3943,63.0,180987.0,3955.0,153261.0,10840.0,213578.0,17425.0,155785.0,11500.0,phage,mobB
gene-T4p175,154,15,192712,317.0,247802.0,1894.0,272267.0,2444.0,1504821.0,110336.0,946536.0,110869.0,phage,23
gene-T4s001,42,5,30374,29.0,96818.0,3276.0,268955.0,27942.0,1195184.0,64129.0,1309632.0,112484.0,phage,gene-T4s001
gene-T4p040,3,0,351,1.0,20429.0,132.0,24020.0,2632.0,25080.0,1863.0,26617.0,2561.0,phage,40
gene-T4p123,37,0,3599,43.0,112605.0,2365.0,76268.0,5763.0,123483.0,13989.0,66563.0,9728.0,phage,e
gene-T4t005,27,3,14276,1032.0,62354.0,4974.0,109628.0,8774.0,475155.0,15274.0,293605.0,17735.0,phage,gene-T4t005
gene-T4p058,4,0,267,7.0,15408.0,440.0,28441.0,3170.0,37794.0,4906.0,24579.0,3434.0,phage,47.1
gene-T4p164,2,5,6629,9.0,12548.0,26.0,15074.0,145.0,217073.0,21331.0,176092.0,39442.0,phage,gene-T4p164_gene_17
gene-T4p265,7,0,3317,77.0,38578.0,1890.0,16061.0,2803.0,18177.0,1664.0,13124.0,1357.0,phage,52.1
gene-T4p102,10,1,50569,1838.0,58408.0,3779.0,8684.0,794.0,12174.0,992.0,9410.0,974.0,phage,mobD.5
gene-T4p270,19,1,36306,4959.0,49940.0,16308.0,20562.0,8545.0,9183.0,1274.0,14628.0,1276.0,phage,ndd.2
gene-T4p170,11,2,6934,4.0,10260.0,6.0,16823.0,29.0,254331.0,19897.0,163682.0,29552.0,phage,67
gene-T4p046,17,1,114528,5224.0,73022.0,8467.0,61740.0,3599.0,67831.0,8465.0,51064.0,9531.0,phage,imm.1
gene-T4p017,38,4,4604,97.0,162494.0,6253.0,89380.0,8824.0,117865.0,14158.0,60977.0,9915.0,phage,dda
gene-T4p212,54,4,8886,14.0,104275.0,2960.0,163929.0,28505.0,819533.0,77391.0,805362.0,131885.0,phage,30.9
gene-T4p152,9,4,7677,7.0,15765.0,81.0,31660.0,562.0,332938.0,27793.0,238482.0,24415.0,phage,7
gene-T4p002,13,0,3028,70.0,62621.0,1500.0,51239.0,4029.0,12496.0,1327.0,9525.0,611.0,phage,rIIA.1
gene-T4p239,38,1,65959,3949.0,167102.0,20713.0,38789.0,7189.0,31843.0,5673.0,24247.0,5257.0,phage,frd
gene-T4p110,20,0,2431,87.0,67123.0,4537.0,27021.0,2962.0,19357.0,2574.0,16510.0,2928.0,phage,tk.4
gene-T4p204,31,0,4989,71.0,180345.0,6942.0,52520.0,7262.0,42185.0,4467.0,27784.0,4282.0,phage,30.2
gene-T4p062,18,0,617,3.0,72022.0,1464.0,32281.0,2116.0,34230.0,1685.0,22240.0,1553.0,phage,a-gt.3
gene-T4p219,30,0,33366,1409.0,106560.0,5126.0,47913.0,7022.0,35055.0,5080.0,25650.0,5477.0,phage,cd.2
gene-T4p214,36,1,20397,682.0,163534.0,7706.0,102515.0,16463.0,135883.0,9122.0,135102.0,9108.0,phage,31
gene-T4p041,24,4,1563,12.0,126536.0,2041.0,140742.0,13788.0,312502.0,29678.0,195247.0,17645.0,phage,uvsX
gene-T4p010,35,0,62982,2248.0,133321.0,7264.0,28674.0,4563.0,9188.0,1009.0,6082.0,470.0,phage,cef
gene-T4p024,5,0,2839,42.0,23320.0,1014.0,5392.0,374.0,4364.0,320.0,5808.0,566.0,phage,modA.4
gene-T4p018,12,1,7560,351.0,73437.0,5453.0,53704.0,6066.0,106032.0,18285.0,80124.0,15592.0,phage,dda.1
gene-T4p220,12,1,1091,11.0,46357.0,1658.0,30896.0,6846.0,46805.0,7010.0,45762.0,8786.0,phage,cd.3
gene-T4p114,12,0,1094,3.0,61094.0,1986.0,69425.0,10254.0,41892.0,5457.0,23511.0,3340.0,phage,vs.3
gene-T4p275,10,1,22210,1678.0,41786.0,2824.0,33609.0,1649.0,15662.0,864.0,18909.0,871.0,phage,ndd.6
gene-T4p140,3,1,1071,4.0,1920.0,13.0,3799.0,64.0,59416.0,4038.0,62826.0,4873.0,phage,3
gene-T4p094,9,0,183356,7396.0,79395.0,12350.0,12411.0,1998.0,12104.0,1343.0,10468.0,1615.0,phage,nrdC.10
gene-T4p149,0,0,479,2.0,1081.0,10.0,3218.0,64.0,14094.0,2245.0,9909.0,1950.0,phage,5.3
gene-T4p171,17,0,9863,2.0,16499.0,6.0,26586.0,54.0,229137.0,14877.0,154986.0,16973.0,phage,68
gene-T4p155,10,1,9818,18.0,17949.0,54.0,32981.0,1252.0,202679.0,21500.0,127806.0,17878.0,phage,10
gene-T4p211,13,1,62223,4120.0,65365.0,7756.0,26229.0,4235.0,65684.0,14912.0,55945.0,19453.0,phage,30.8
gene-T4p037,12,0,38594,1807.0,46249.0,4048.0,37821.0,3569.0,24609.0,1968.0,22063.0,2006.0,phage,61.4
gene-T4p020,4,0,14727,370.0,22118.0,1345.0,8137.0,326.0,18591.0,1004.0,17456.0,844.0,phage,modA
gene-T4p128,16,1,34686,939.0,76128.0,5997.0,5892.0,694.0,7039.0,477.0,6161.0,473.0,phage,e.5
gene-T4p100,12,0,51882,1648.0,74383.0,4502.0,13051.0,837.0,15947.0,1027.0,12587.0,925.0,phage,mobD.3
gene-T4p193,2,0,685,0.0,1426.0,2.0,2295.0,12.0,20694.0,1546.0,17777.0,1130.0,phage,28
gene-T4p190,0,1,416,1.0,945.0,6.0,4012.0,26.0,25265.0,1863.0,13802.0,1290.0,phage,26'
gene-T4p043,43,0,5313,114.0,177578.0,10220.0,101633.0,9368.0,256636.0,28270.0,188150.0,18786.0,phage,b-gt
gene-T4p068,19,0,32274,2301.0,73926.0,9510.0,23941.0,4223.0,13195.0,2207.0,12269.0,2313.0,phage,55.3
gene-T4p267,12,1,10303,465.0,84057.0,6381.0,31888.0,9777.0,30302.0,4367.0,20651.0,2968.0,phage,stp
gene-T4p095,50,1,5795,60.0,176997.0,7944.0,31717.0,6110.0,34048.0,2221.0,25982.0,2797.0,phage,nrdC.11
gene-T4p063,22,0,1567,6.0,87758.0,2483.0,41629.0,2533.0,66955.0,3661.0,45477.0,3805.0,phage,a-gt.4
gene-T4p158,5,1,10759,5.0,16987.0,9.0,20813.0,47.0,185229.0,12200.0,179454.0,25705.0,phage,wac
gene-T4p188,0,2,1047,2.0,1653.0,8.0,4336.0,12.0,38828.0,2899.0,26398.0,2469.0,phage,25
gene-T4p162,1,0,2432,2.0,4360.0,8.0,6631.0,31.0,49906.0,4363.0,29436.0,5130.0,phage,16
gene-T4p086,17,0,4128,46.0,80791.0,4939.0,37234.0,6847.0,11545.0,1964.0,7480.0,1677.0,phage,nrdC.2
gene-T4p180,23,0,774,20.0,44903.0,1048.0,38191.0,2006.0,9037.0,771.0,6246.0,622.0,phage,24.3
gene-T4p232,7,1,2445,40.0,27301.0,777.0,79048.0,6025.0,126614.0,14637.0,65349.0,11853.0,phage,nrdB.1
gene-T4p203,18,0,393,0.0,81151.0,2340.0,29442.0,2973.0,13086.0,1235.0,11101.0,1197.0,phage,30.1
gene-T4p236,32,0,266,6.0,75946.0,1609.0,72708.0,12176.0,121180.0,16897.0,70136.0,9628.0,phage,nrdA.2
gene-T4p196,0,1,3937,123.0,4734.0,203.0,6353.0,282.0,45546.0,4474.0,37117.0,6587.0,phage,54
gene-T4p023,9,0,1364,15.0,25385.0,753.0,5017.0,516.0,9169.0,742.0,8598.0,695.0,phage,modA.3
gene-T4p049,2,0,365,0.0,22053.0,277.0,72108.0,4644.0,41855.0,2988.0,34428.0,2190.0,phage,62
gene-T4p001,65,2,8517,140.0,295619.0,5773.0,338072.0,36306.0,103372.0,9518.0,66854.0,5210.0,phage,rIIA
gene-T4p076,37,1,5538,90.0,122146.0,2395.0,289264.0,24034.0,237917.0,21240.0,146634.0,15786.0,phage,gene-T4p076_gene_nrdD
gene-T4p221,12,0,1277,9.0,39274.0,1157.0,28989.0,3713.0,68868.0,3148.0,26137.0,4172.0,phage,cd.4
gene-T4p019,17,1,23140,754.0,77418.0,4926.0,40387.0,2806.0,43000.0,6019.0,50645.0,5715.0,phage,srd
gene-T4p071,12,0,26356,897.0,41067.0,2052.0,5972.0,322.0,7804.0,414.0,8111.0,428.0,phage,55.6
gene-T4p106,5,0,580,5.0,61344.0,1720.0,31992.0,3309.0,37981.0,3094.0,31024.0,2546.0,phage,tk
gene-T4p025,1,0,3896,52.0,21336.0,853.0,5737.0,334.0,4671.0,328.0,5683.0,574.0,phage,srh
gene-T4p132,29,1,5485,75.0,89445.0,5600.0,65684.0,6144.0,197510.0,22114.0,139143.0,17075.0,phage,segB
gene-T4t004,27,1,14738,849.0,69215.0,5549.0,127009.0,9575.0,531268.0,18447.0,322029.0,21479.0,phage,gene-T4t004
gene-T4p168,19,1,13805,1.0,21892.0,3.0,26095.0,40.0,82335.0,4508.0,63654.0,3912.0,phage,19
gene-T4p151,10,2,5544,15.0,11585.0,65.0,26299.0,571.0,281226.0,32191.0,171253.0,22989.0,phage,6
gene-T4p011,50,1,68350,2840.0,213434.0,11925.0,133646.0,16220.0,142372.0,14353.0,91263.0,9703.0,phage,motB
gene-T4p242,28,0,50534,3511.0,70117.0,6935.0,23283.0,3457.0,26483.0,3513.0,23998.0,4288.0,phage,frd.3
gene-T4p090,53,0,73585,1836.0,326230.0,16279.0,36729.0,5434.0,21787.0,2263.0,12113.0,1441.0,phage,nrdC.6
gene-T4p229,3,0,484,1.0,10019.0,115.0,49834.0,2131.0,119340.0,6716.0,96445.0,8358.0,phage,denA
gene-T4p205,33,0,23383,595.0,139083.0,9615.0,35860.0,6396.0,25751.0,3445.0,20240.0,5745.0,phage,30.3
gene-T4p147,2,0,2143,1.0,3640.0,6.0,8545.0,117.0,49177.0,3708.0,34075.0,3166.0,phage,5.1
gene-T4p159,2,1,3312,2.0,4961.0,14.0,6429.0,35.0,66370.0,5343.0,49177.0,9537.0,phage,13
gene-T4p080,30,1,15081,648.0,95630.0,4119.0,98770.0,11768.0,34681.0,3747.0,22457.0,2310.0,phage,pin
gene-T4p156,6,0,2012,6.0,9047.0,162.0,18522.0,2457.0,106545.0,11028.0,78886.0,9801.0,phage,11
gene-T4p187,7,0,1989,44.0,28875.0,983.0,59933.0,3857.0,84125.0,10324.0,59539.0,8704.0,phage,uvsY
gene-T4p036,25,1,79101,3009.0,120157.0,8390.0,68122.0,5356.0,26700.0,2410.0,27768.0,2484.0,phage,sp
gene-T4p088,40,0,114368,3373.0,219421.0,7838.0,45107.0,3536.0,11830.0,560.0,9590.0,438.0,phage,nrdC.4
gene-T4p277,9,1,238,2.0,43666.0,729.0,82279.0,7756.0,34053.0,5269.0,21326.0,2758.0,phage,denB.1
gene-T4p182,1,1,3460,6.0,5596.0,14.0,10094.0,197.0,109519.0,10130.0,68274.0,8255.0,phage,inh
gene-T4p141,11,1,2018,28.0,11647.0,266.0,18230.0,621.0,77054.0,4807.0,66657.0,6323.0,phage,2
gene-T4p120,54,5,89680,4997.0,154234.0,14131.0,256335.0,43599.0,474016.0,64004.0,329137.0,64945.0,phage,denV
gene-T4p118,11,0,9619,455.0,46138.0,3860.0,29236.0,4677.0,44544.0,4362.0,38840.0,3214.0,phage,vs.7
gene-T4p034,15,0,17231,427.0,62293.0,3594.0,31422.0,2934.0,34332.0,3277.0,29344.0,2591.0,phage,61.1
gene-T4p243,26,1,3976,8.0,83152.0,1272.0,226219.0,17233.0,224367.0,20629.0,118750.0,14866.0,phage,32
gene-T4p057,14,0,7006,178.0,61623.0,1675.0,117179.0,12331.0,162961.0,17969.0,91559.0,14371.0,phage,47
gene-T4p143,1,0,1165,2.0,1976.0,3.0,11626.0,129.0,35327.0,2632.0,26770.0,1854.0,phage,53
gene-T4p246,9,0,2007,27.0,54610.0,1222.0,45958.0,3687.0,24792.0,2019.0,13804.0,1039.0,phage,33
gene-T4p105,11,1,1567,2.0,38947.0,420.0,69062.0,3076.0,53155.0,4276.0,36660.0,2221.0,phage,rI.1
gene-T4p245,23,1,1148,4.0,58368.0,1217.0,88758.0,4832.0,93403.0,3187.0,81281.0,2598.0,phage,59
gene-T4p039,13,2,1029,7.0,40079.0,240.0,122571.0,21410.0,89671.0,11179.0,71813.0,10513.0,phage,41
gene-T4p125,13,0,1955,84.0,71406.0,3616.0,7382.0,1309.0,5973.0,443.0,6519.0,603.0,phage,e.2
gene-T4p215,14,0,6446,89.0,64324.0,1902.0,36736.0,3444.0,17405.0,1196.0,17351.0,1193.0,phage,31.1
gene-T4p099,9,0,29229,441.0,49384.0,1427.0,9534.0,489.0,13080.0,629.0,10375.0,673.0,phage,mobD.2a
gene-T4p189,1,1,783,2.0,1558.0,16.0,7330.0,59.0,45208.0,3275.0,26552.0,2341.0,phage,26
gene-T4p089,59,1,9446,127.0,333692.0,10778.0,81125.0,8645.0,52407.0,5769.0,25663.0,3396.0,phage,nrdC.5
gene-T4p130,17,0,115043,3211.0,102958.0,8406.0,9301.0,1139.0,12728.0,1018.0,8327.0,1056.0,phage,e.7
gene-T4p165,2,5,6507,9.0,12360.0,26.0,14871.0,142.0,211648.0,20835.0,172821.0,38931.0,phage,gene-T4p165_gene_17
gene-T4p276,24,0,416,4.0,46225.0,771.0,158794.0,11655.0,64288.0,7636.0,59062.0,7497.0,phage,denB
gene-T4p268,94,2,62658,3750.0,345714.0,28387.0,142925.0,33773.0,79893.0,12330.0,53708.0,8078.0,phage,ndd
gene-T4p072,5,1,856,7.0,31928.0,785.0,44136.0,5318.0,211545.0,15762.0,135916.0,18089.0,phage,gene-T4p072_gene_nrdH
gene-T4p235,22,0,424,7.0,75087.0,1402.0,60774.0,10120.0,90635.0,11918.0,54930.0,7541.0,phage,nrdA.1
gene-T4p272,3,0,9375,2105.0,11022.0,5479.0,4465.0,3424.0,3398.0,646.0,4194.0,408.0,phage,ndd.3
gene-T4p266,16,2,8037,302.0,68923.0,5288.0,29708.0,8786.0,35024.0,4540.0,25310.0,3528.0,phage,ac
gene-T4p157,13,1,10999,11.0,17208.0,25.0,24282.0,90.0,276112.0,27696.0,194832.0,37417.0,phage,12
gene-T4p079,8,0,4808,121.0,51866.0,1444.0,65615.0,4354.0,36743.0,3019.0,23748.0,1986.0,phage,gene-T4p079_gene_49
gene-T4p103,10,1,1610,3.0,29212.0,177.0,73563.0,7773.0,99991.0,12560.0,46620.0,5905.0,phage,rI.-1
gene-T4p038,18,0,31877,2277.0,47652.0,4056.0,60642.0,5018.0,39351.0,3399.0,38326.0,3790.0,phage,dmd
gene-T4p177,9,1,10010,6.0,20460.0,72.0,46183.0,1804.0,415817.0,38110.0,281769.0,39214.0,phage,24
gene-T4p244,27,0,853,12.0,71944.0,1522.0,112390.0,10629.0,49031.0,5244.0,29042.0,2977.0,phage,SegG
gene-T4p081,14,0,2790,167.0,39631.0,2440.0,21586.0,6866.0,11908.0,3882.0,7885.0,3511.0,phage,49.1
gene-T4p004,22,0,3570,105.0,81311.0,1696.0,61741.0,5415.0,20855.0,1662.0,18141.0,1878.0,phage,60.1
gene-T4p146,0,0,232,0.0,532.0,7.0,1334.0,18.0,3148.0,818.0,2329.0,513.0,phage,repEA
gene-T4p202,33,0,1574,20.0,190122.0,3885.0,121817.0,15755.0,101174.0,7767.0,85323.0,8830.0,phage,30
gene-T4p184,6,3,3729,5.0,7107.0,26.0,28707.0,376.0,261959.0,21015.0,189488.0,19413.0,phage,uvsW
gene-T4p115,12,1,2049,13.0,59488.0,2905.0,61327.0,12049.0,53608.0,7870.0,33060.0,5914.0,phage,vs.4
gene-T4p075,11,0,967,7.0,27928.0,580.0,81379.0,4516.0,31306.0,2394.0,21978.0,2062.0,phage,mobC
gene-T4p111,16,0,6685,208.0,48766.0,3163.0,47370.0,1850.0,46058.0,3046.0,58197.0,4688.0,phage,vs
gene-T4p131,18,1,118987,3979.0,71975.0,6563.0,6758.0,852.0,9329.0,581.0,8825.0,758.0,phage,e.8
gene-T4p250,4,0,2615,3.0,6151.0,119.0,11015.0,1735.0,50208.0,4228.0,51268.0,6816.0,phage,35
gene-T4p240,29,0,66794,2288.0,97454.0,5076.0,17137.0,1420.0,11416.0,1168.0,10215.0,1679.0,phage,frd.1
gene-T4p007,15,1,14966,570.0,81966.0,4425.0,40606.0,5639.0,16132.0,1369.0,14775.0,1022.0,phage,39.1
gene-T4p067,28,0,34017,1074.0,142063.0,7235.0,21394.0,1177.0,31771.0,2267.0,33058.0,2436.0,phage,55.2
gene-T4p231,11,3,1393,9.0,35913.0,782.0,128967.0,6419.0,163134.0,19883.0,121293.0,15391.0,phage,I-TevIII
gene-T4p065,30,1,14077,304.0,171404.0,7728.0,122288.0,6283.0,126722.0,10604.0,120712.0,9617.0,phage,55
gene-T4p124,38,0,1332,61.0,135536.0,4724.0,44096.0,4057.0,7969.0,719.0,8221.0,596.0,phage,gene-T4p124_gene_nudE
gene-T4p233,0,2,1366,0.0,4792.0,20.0,75394.0,6828.0,92908.0,10288.0,51741.0,8744.0,phage,mobE
gene-T4p161,1,0,2527,6.0,5408.0,12.0,9455.0,56.0,60930.0,4380.0,47264.0,4922.0,phage,15
gene-T4p127,17,0,12654,219.0,79363.0,5111.0,6129.0,687.0,4470.0,218.0,4676.0,209.0,phage,e.4
gene-T4p051,33,2,3684,162.0,132775.0,5119.0,154003.0,25618.0,88523.0,9181.0,66148.0,6019.0,phage,45
gene-T4p251,5,1,3395,10.0,5777.0,33.0,9396.0,319.0,100644.0,13029.0,112363.0,26996.0,phage,36
gene-T4p008,26,0,28464,992.0,94471.0,5388.0,19362.0,3489.0,8728.0,946.0,5542.0,613.0,phage,39.2
gene-T4t007,42,3,22597,2427.0,91845.0,9685.0,125639.0,16972.0,287286.0,22545.0,223641.0,24682.0,phage,gene-T4t007
gene-T4p101,8,1,49190,2132.0,54324.0,4867.0,6007.0,757.0,9446.0,840.0,6515.0,822.0,phage,mobD.4
gene-T4p059,25,4,1194,9.0,131329.0,1576.0,214420.0,26292.0,426018.0,27553.0,300741.0,20195.0,phage,a-gt
gene-T4p109,5,0,553,8.0,40135.0,1717.0,19888.0,1446.0,10899.0,731.0,9575.0,738.0,phage,tk.3
gene-T4p083,30,3,3087,56.0,79712.0,4596.0,65436.0,13310.0,85384.0,16737.0,43908.0,13162.0,phage,49.3
gene-T4p027,12,0,15811,745.0,41748.0,2820.0,9811.0,1720.0,9627.0,1202.0,8937.0,1288.0,phage,mrh.1
gene-T4p061,24,0,550,5.0,73157.0,1171.0,60653.0,3081.0,52015.0,2216.0,45686.0,2511.0,phage,a-gt.2
gene-T4p218,29,0,34709,1424.0,102769.0,5815.0,42683.0,7849.0,26829.0,4032.0,19564.0,3841.0,phage,cd.1
