Geneid,Ctrl_R1,Ctrl_R2,Ctrl_R3,0_R1,0_R2,0_R3,2_R1,2_R2,2_R3,5_R1,5_R2,5_R3,10_R1,10_R2,10_R3,20_R1,20_R2,20_R3,30_R1,30_R2,30_R3,Entity,Symbol
gene-CPT_phageK_gp165,0,0,1,524.0,5.0,1.0,7.0,2.0,3.0,90.0,21.0,180.0,509.0,526.0,439.0,8302.0,3632.0,27815.0,58151.0,34498.0,65764.0,phage,gene-CPT_phageK_gp165
gene-CPT_phageK_gp059,0,0,0,0.0,1.0,0.0,99.0,6.0,65.0,1764.0,323.0,1431.0,3055.0,1993.0,1741.0,410.0,612.0,510.0,202.0,199.0,220.0,phage,gene-CPT_phageK_gp059
gene-CPT_phageK_gp121,0,1,0,58.0,0.0,1.0,180.0,26.0,95.0,3504.0,562.0,4924.0,14559.0,8951.0,12771.0,7962.0,9067.0,8318.0,3668.0,4931.0,2882.0,phage,gene-CPT_phageK_gp121
gene-CPT_phageK_gp058,0,0,0,0.0,0.0,0.0,49.0,3.0,17.0,1098.0,114.0,716.0,2031.0,1025.0,881.0,226.0,362.0,249.0,95.0,128.0,89.0,phage,gene-CPT_phageK_gp058
gene-CPT_phageK_gp158,0,0,0,412.0,2.0,3.0,80.0,15.0,22.0,825.0,297.0,1086.0,2487.0,2438.0,2783.0,14660.0,11267.0,35001.0,38317.0,35575.0,26021.0,phage,gene-CPT_phageK_gp158
gene-CPT_phageK_gp231,0,0,0,15.0,1.0,0.0,58.0,9.0,14.0,1354.0,137.0,1536.0,4202.0,2287.0,2547.0,1474.0,1987.0,1535.0,782.0,985.0,436.0,phage,gene-CPT_phageK_gp231
gene-CPT_phageK_gp163,0,1,0,9.0,0.0,2.0,251.0,13.0,107.0,3158.0,402.0,2149.0,4530.0,2202.0,1950.0,937.0,959.0,1393.0,683.0,461.0,718.0,phage,gene-CPT_phageK_gp163
gene-CPT_phageK_gp116,0,0,0,177.0,1.0,4.0,5.0,5.0,3.0,70.0,39.0,219.0,576.0,651.0,816.0,2449.0,1540.0,7857.0,16511.0,11719.0,26703.0,phage,gene-CPT_phageK_gp116
gene-CPT_phageK_gp043,0,0,0,9.0,0.0,8.0,403.0,44.0,423.0,1907.0,452.0,1056.0,1555.0,1011.0,753.0,525.0,431.0,601.0,384.0,249.0,377.0,phage,gene-CPT_phageK_gp043
gene-CPT_phageK_gp055,0,0,0,0.0,1.0,0.0,57.0,8.0,14.0,1330.0,205.0,1386.0,3522.0,1991.0,2021.0,660.0,895.0,578.0,266.0,266.0,204.0,phage,gene-CPT_phageK_gp055
gene-CPT_phageK_gp076,0,0,0,6.0,0.0,2.0,125.0,20.0,43.0,1848.0,345.0,2093.0,3941.0,3158.0,2458.0,811.0,1201.0,983.0,415.0,405.0,467.0,phage,gene-CPT_phageK_gp076
gene-CPT_phageK_gt004,0,0,0,51.0,0.0,1.0,4.0,5.0,7.0,53.0,19.0,176.0,460.0,420.0,576.0,3893.0,2172.0,2286.0,3725.0,1860.0,1263.0,phage,tRNA-Asp
gene-CPT_phageK_gp057,0,0,0,0.0,0.0,0.0,43.0,3.0,17.0,978.0,138.0,753.0,2169.0,1202.0,1043.0,260.0,432.0,252.0,123.0,116.0,111.0,phage,gene-CPT_phageK_gp057
gene-CPT_phageK_gp056,0,0,0,0.0,0.0,0.0,37.0,3.0,6.0,665.0,94.0,573.0,1645.0,749.0,755.0,224.0,329.0,201.0,99.0,82.0,80.0,phage,gene-CPT_phageK_gp056
gene-CPT_phageK_gp108,1,0,0,12.0,0.0,1.0,53.0,5.0,23.0,769.0,159.0,1232.0,2738.0,2206.0,2622.0,1586.0,1917.0,2127.0,1366.0,1478.0,1163.0,phage,gene-CPT_phageK_gp108
gene-CPT_phageK_gp080,1,2,0,60.0,2.0,1.0,94.0,21.0,35.0,3326.0,399.0,4084.0,15883.0,7292.0,10241.0,9330.0,8108.0,7695.0,5186.0,4043.0,2500.0,phage,gene-CPT_phageK_gp080
gene-CPT_phageK_gp183,0,1,0,299.0,3.0,1.0,36.0,3.0,9.0,337.0,76.0,365.0,1385.0,866.0,1567.0,14152.0,12582.0,34130.0,29697.0,32666.0,21122.0,phage,gene-CPT_phageK_gp183
gene-CPT_phageK_gp232,1,0,0,15.0,0.0,0.0,36.0,4.0,12.0,1061.0,94.0,1094.0,3540.0,1611.0,1919.0,1347.0,1536.0,1244.0,824.0,872.0,350.0,phage,gene-CPT_phageK_gp232
gene-CPT_phageK_gp153,0,0,0,26.0,0.0,0.0,66.0,4.0,27.0,872.0,139.0,966.0,1992.0,1547.0,1274.0,1560.0,1383.0,2912.0,3151.0,2956.0,2576.0,phage,gene-CPT_phageK_gp153
gene-CPT_phageK_gp070,0,1,0,59.0,3.0,0.0,108.0,18.0,49.0,3177.0,382.0,4165.0,11254.0,7058.0,8268.0,6906.0,6819.0,6559.0,3970.0,3248.0,2028.0,phage,gene-CPT_phageK_gp070
gene-CPT_phageK_gp150,0,1,2,194.0,4.0,2.0,306.0,39.0,104.0,7581.0,1109.0,9337.0,23737.0,16395.0,15871.0,13151.0,13506.0,17800.0,20209.0,17469.0,13549.0,phage,gene-CPT_phageK_gp150
gene-CPT_phageK_gp197,1,0,0,118.0,3.0,1.0,321.0,32.0,93.0,5082.0,738.0,8547.0,19300.0,13746.0,17499.0,13821.0,15891.0,18502.0,9668.0,10152.0,6046.0,phage,gene-CPT_phageK_gp197
gene-CPT_phageK_gp124,0,1,0,28.0,0.0,2.0,116.0,15.0,36.0,1959.0,337.0,3952.0,6134.0,5132.0,5491.0,3658.0,3403.0,4538.0,2406.0,2088.0,2238.0,phage,gene-CPT_phageK_gp124
gene-CPT_phageK_gp096,1,4,1,58.0,5.0,4.0,284.0,27.0,130.0,4815.0,638.0,5633.0,15396.0,7826.0,10487.0,6224.0,7016.0,6871.0,4020.0,3304.0,3235.0,phage,gene-CPT_phageK_gp096
gene-CPT_phageK_gp156,0,0,0,42.0,3.0,2.0,67.0,8.0,20.0,1507.0,290.0,1588.0,4763.0,2687.0,2762.0,2660.0,3057.0,3383.0,3657.0,3534.0,2132.0,phage,gene-CPT_phageK_gp156
gene-CPT_phageK_gp081,0,0,0,24.0,1.0,1.0,62.0,13.0,19.0,2036.0,231.0,2381.0,8757.0,4091.0,5639.0,4387.0,4295.0,3796.0,2248.0,2054.0,1270.0,phage,gene-CPT_phageK_gp081
gene-CPT_phageK_gp099,0,0,1,10.0,0.0,0.0,91.0,9.0,37.0,993.0,158.0,1259.0,2937.0,1675.0,2309.0,1126.0,1043.0,1567.0,842.0,771.0,1141.0,phage,gene-CPT_phageK_gp099
gene-CPT_phageK_gp212,0,1,1,74.0,1.0,3.0,21.0,7.0,6.0,775.0,129.0,1267.0,3829.0,2644.0,3145.0,4667.0,4136.0,5252.0,7746.0,4292.0,3529.0,phage,gene-CPT_phageK_gp212
gene-CPT_phageK_gp215,0,0,0,47.0,0.0,1.0,73.0,10.0,21.0,1271.0,155.0,1669.0,5222.0,2232.0,3268.0,3886.0,3905.0,4967.0,3547.0,2893.0,1423.0,phage,gene-CPT_phageK_gp215
gene-CPT_phageK_gp228,0,3,0,9.0,0.0,1.0,96.0,14.0,53.0,1223.0,206.0,1494.0,2800.0,1934.0,1914.0,1380.0,1162.0,1331.0,675.0,762.0,433.0,phage,gene-CPT_phageK_gp228
gene-CPT_phageK_gp039,0,0,0,6.0,2.0,2.0,192.0,17.0,154.0,1303.0,199.0,538.0,1249.0,617.0,345.0,205.0,163.0,274.0,139.0,95.0,145.0,phage,gene-CPT_phageK_gp039
gene-CPT_phageK_gp166,1,0,0,1800.0,5.0,3.0,37.0,23.0,17.0,421.0,97.0,675.0,1973.0,2051.0,1790.0,31857.0,15369.0,109888.0,187560.0,128930.0,245203.0,phage,gene-CPT_phageK_gp166
gene-CPT_phageK_gp201,0,0,1,20.0,2.0,0.0,89.0,8.0,43.0,1692.0,198.0,1670.0,5741.0,2681.0,3489.0,2409.0,2980.0,3281.0,1464.0,1643.0,1027.0,phage,gene-CPT_phageK_gp201
gene-CPT_phageK_gp117,0,1,0,95.0,0.0,2.0,28.0,9.0,7.0,1178.0,199.0,2232.0,8554.0,5751.0,8111.0,9993.0,11121.0,12883.0,9683.0,10218.0,4886.0,phage,gene-CPT_phageK_gp117
gene-CPT_phageK_gp065,0,3,0,24.0,1.0,1.0,136.0,12.0,56.0,3440.0,477.0,3993.0,10332.0,7000.0,7269.0,4040.0,5004.0,4107.0,1963.0,2253.0,1240.0,phage,gene-CPT_phageK_gp065
gene-CPT_phageK_gp223,0,0,0,11.0,1.0,0.0,49.0,5.0,7.0,1152.0,151.0,1188.0,4639.0,2296.0,2675.0,1712.0,2350.0,1672.0,948.0,1185.0,448.0,phage,gene-CPT_phageK_gp223
gene-CPT_phageK_gp090,0,3,0,18.0,0.0,2.0,201.0,21.0,92.0,3897.0,553.0,4104.0,9572.0,6442.0,5649.0,2037.0,2594.0,2347.0,1254.0,1162.0,1311.0,phage,gene-CPT_phageK_gp090
gene-CPT_phageK_gp020,0,1,1,8.0,2.0,1.0,251.0,46.0,196.0,1606.0,634.0,1383.0,1890.0,1792.0,1501.0,557.0,627.0,1193.0,331.0,394.0,656.0,phage,gene-CPT_phageK_gp020
gene-CPT_phageK_gp012,0,0,0,1.0,0.0,5.0,102.0,10.0,61.0,755.0,101.0,149.0,453.0,149.0,97.0,48.0,45.0,72.0,49.0,31.0,53.0,phage,gene-CPT_phageK_gp012
gene-CPT_phageK_gp050,0,0,0,4.0,0.0,0.0,79.0,3.0,30.0,1299.0,252.0,1485.0,2639.0,2140.0,1639.0,467.0,690.0,502.0,254.0,216.0,264.0,phage,gene-CPT_phageK_gp050
gene-CPT_phageK_gp133,0,1,0,131.0,4.0,1.0,124.0,22.0,41.0,3120.0,595.0,5268.0,15305.0,9588.0,15132.0,12260.0,12177.0,16491.0,10437.0,10459.0,6438.0,phage,gene-CPT_phageK_gp133
gene-CPT_phageK_gp195,0,1,1,478.0,9.0,7.0,175.0,23.0,63.0,1845.0,479.0,3581.0,5857.0,6582.0,6045.0,13389.0,8604.0,38178.0,44996.0,34322.0,76271.0,phage,gene-CPT_phageK_gp195
gene-CPT_phageK_gp202,2,0,0,38.0,1.0,1.0,131.0,17.0,57.0,2733.0,286.0,2957.0,10445.0,5071.0,6625.0,4814.0,6001.0,6641.0,3107.0,3358.0,1867.0,phage,gene-CPT_phageK_gp202
gene-CPT_phageK_gp003,0,0,0,4.0,0.0,2.0,69.0,6.0,24.0,931.0,143.0,975.0,1836.0,1390.0,1040.0,291.0,393.0,300.0,152.0,140.0,136.0,phage,gene-CPT_phageK_gp003
gene-CPT_phageK_gp026,0,0,0,10.0,1.0,0.0,26.0,2.0,6.0,829.0,100.0,1036.0,3896.0,1824.0,2765.0,1861.0,2090.0,2261.0,1222.0,1500.0,562.0,phage,gene-CPT_phageK_gp026
gene-CPT_phageK_gp051,0,0,0,2.0,0.0,1.0,62.0,6.0,21.0,922.0,156.0,986.0,1809.0,1379.0,1026.0,287.0,474.0,285.0,152.0,146.0,136.0,phage,gene-CPT_phageK_gp051
gene-CPT_phageK_gp191,0,0,0,1.0,1.0,0.0,118.0,8.0,44.0,1116.0,161.0,888.0,1983.0,965.0,634.0,448.0,320.0,552.0,319.0,164.0,443.0,phage,gene-CPT_phageK_gp191
gene-CPT_phageK_gp087,0,1,0,20.0,1.0,0.0,182.0,19.0,68.0,2933.0,540.0,3369.0,7255.0,5238.0,5081.0,1748.0,2145.0,2288.0,937.0,1046.0,1173.0,phage,gene-CPT_phageK_gp087
gene-CPT_phageK_gp044,1,0,0,7.0,0.0,3.0,137.0,19.0,142.0,627.0,171.0,435.0,542.0,465.0,311.0,150.0,126.0,163.0,96.0,81.0,126.0,phage,gene-CPT_phageK_gp044
gene-CPT_phageK_gp188,0,0,0,27.0,0.0,0.0,0.0,1.0,0.0,1.0,1.0,5.0,6.0,6.0,6.0,588.0,227.0,1604.0,4355.0,1766.0,3212.0,phage,gene-CPT_phageK_gp188
gene-CPT_phageK_gp113,1,0,0,20.0,0.0,1.0,127.0,11.0,79.0,1986.0,276.0,2578.0,6428.0,4076.0,4947.0,3200.0,3039.0,3071.0,1729.0,1488.0,1133.0,phage,gene-CPT_phageK_gp113
gene-CPT_phageK_gp092,0,0,0,5.0,0.0,0.0,90.0,6.0,47.0,1486.0,238.0,1479.0,2864.0,2168.0,1898.0,604.0,733.0,819.0,355.0,324.0,418.0,phage,gene-CPT_phageK_gp092
gene-CPT_phageK_gp119,0,1,0,202.0,6.0,2.0,107.0,24.0,32.0,3291.0,665.0,6418.0,19354.0,16322.0,22618.0,22841.0,25320.0,30217.0,15494.0,22692.0,10257.0,phage,gene-CPT_phageK_gp119
gene-CPT_phageK_gp118,0,0,0,56.0,1.0,2.0,11.0,4.0,9.0,774.0,130.0,1363.0,5090.0,3579.0,5079.0,5506.0,6203.0,7307.0,4211.0,5481.0,2585.0,phage,gene-CPT_phageK_gp118
gene-CPT_phageK_gp010,0,0,0,5.0,0.0,3.0,161.0,13.0,131.0,672.0,191.0,436.0,507.0,457.0,293.0,142.0,118.0,159.0,110.0,67.0,111.0,phage,gene-CPT_phageK_gp010
gene-CPT_phageK_gp164,0,0,0,0.0,0.0,0.0,28.0,1.0,10.0,311.0,37.0,151.0,396.0,143.0,156.0,138.0,86.0,122.0,98.0,65.0,62.0,phage,gene-CPT_phageK_gp164
gene-CPT_phageK_gp168,0,0,0,417.0,2.0,0.0,12.0,3.0,5.0,185.0,43.0,196.0,705.0,530.0,497.0,10037.0,5190.0,28495.0,49078.0,28100.0,49839.0,phage,gene-CPT_phageK_gp168
gene-CPT_phageK_gp033,0,0,0,14.0,2.0,4.0,379.0,44.0,309.0,2692.0,597.0,1809.0,3758.0,1866.0,1654.0,1041.0,903.0,1293.0,558.0,441.0,678.0,phage,gene-CPT_phageK_gp033
gene-CPT_phageK_gp175,0,0,0,486.0,2.0,2.0,13.0,12.0,13.0,99.0,37.0,113.0,910.0,609.0,1139.0,18569.0,12443.0,34409.0,49363.0,35608.0,34860.0,phage,gene-CPT_phageK_gp175
gene-CPT_phageK_gp101,0,1,0,102.0,2.0,5.0,289.0,25.0,112.0,5689.0,607.0,8022.0,21132.0,11120.0,15513.0,12679.0,12753.0,13638.0,9769.0,8693.0,6170.0,phage,gene-CPT_phageK_gp101
gene-CPT_phageK_gp139,0,0,0,12.0,0.0,0.0,59.0,4.0,31.0,1523.0,215.0,1536.0,5408.0,2751.0,3544.0,1338.0,1879.0,1545.0,657.0,758.0,567.0,phage,gene-CPT_phageK_gp139
gene-CPT_phageK_gp013,0,0,1,5.0,0.0,0.0,39.0,4.0,35.0,489.0,81.0,667.0,1658.0,758.0,1016.0,835.0,601.0,926.0,492.0,287.0,332.0,phage,gene-CPT_phageK_gp013
gene-CPT_phageK_gp137,1,1,0,24.0,1.0,0.0,97.0,5.0,31.0,1857.0,344.0,2382.0,8141.0,4142.0,5873.0,2990.0,4131.0,3030.0,1368.0,1672.0,977.0,phage,gene-CPT_phageK_gp137
gene-CPT_phageK_gp032,0,0,0,47.0,1.0,0.0,7.0,1.0,0.0,121.0,20.0,259.0,714.0,394.0,510.0,1662.0,1007.0,2859.0,5023.0,2170.0,3112.0,phage,gene-CPT_phageK_gp032
gene-CPT_phageK_gp112,1,0,0,52.0,1.0,0.0,221.0,12.0,104.0,3699.0,477.0,5184.0,12797.0,8071.0,9843.0,7022.0,7460.0,7284.0,4300.0,3839.0,2690.0,phage,gene-CPT_phageK_gp112
gene-CPT_phageK_gp114,0,0,1,85.0,2.0,0.0,7.0,0.0,1.0,34.0,13.0,97.0,288.0,337.0,371.0,1250.0,845.0,3489.0,9307.0,5908.0,13324.0,phage,gene-CPT_phageK_gp114
gene-CPT_phageK_gp123,1,1,0,28.0,1.0,3.0,55.0,8.0,18.0,1921.0,251.0,3002.0,8765.0,5503.0,7255.0,4810.0,5246.0,5612.0,2643.0,3040.0,1911.0,phage,gene-CPT_phageK_gp123
gene-CPT_phageK_gp184,0,0,0,69.0,0.0,0.0,6.0,1.0,5.0,70.0,11.0,56.0,449.0,191.0,463.0,3113.0,2864.0,6888.0,5998.0,6343.0,4000.0,phage,gene-CPT_phageK_gp184
gene-CPT_phageK_gp227,0,0,0,60.0,4.0,1.0,10.0,2.0,1.0,78.0,19.0,86.0,233.0,176.0,166.0,767.0,306.0,1485.0,6786.0,1897.0,5026.0,phage,gene-CPT_phageK_gp227
gene-CPT_phageK_gp182,0,0,0,309.0,0.0,2.0,91.0,10.0,35.0,985.0,172.0,1673.0,6763.0,3304.0,6544.0,21181.0,15495.0,30317.0,29727.0,23816.0,14797.0,phage,gene-CPT_phageK_gp182
gene-CPT_phageK_gp162,0,0,0,5.0,0.0,0.0,94.0,6.0,33.0,1322.0,167.0,1034.0,2296.0,988.0,922.0,488.0,465.0,587.0,378.0,216.0,262.0,phage,gene-CPT_phageK_gp162
gene-CPT_phageK_gp159,0,0,0,281.0,2.0,0.0,11.0,3.0,10.0,143.0,62.0,253.0,746.0,761.0,1120.0,10713.0,7198.0,25477.0,26431.0,22191.0,17765.0,phage,gene-CPT_phageK_gp159
gene-CPT_phageK_gp006,0,0,0,1.0,0.0,0.0,48.0,3.0,17.0,801.0,165.0,1018.0,1729.0,1595.0,1168.0,332.0,473.0,276.0,155.0,133.0,115.0,phage,gene-CPT_phageK_gp006
gene-CPT_phageK_gp028,1,0,0,21.0,1.0,1.0,60.0,7.0,19.0,1663.0,195.0,1757.0,6533.0,3113.0,4421.0,2538.0,3073.0,3230.0,1548.0,2065.0,827.0,phage,gene-CPT_phageK_gp028
gene-CPT_phageK_gp143,1,2,0,158.0,8.0,3.0,255.0,34.0,133.0,3609.0,722.0,5375.0,15326.0,9418.0,14147.0,13774.0,13388.0,21564.0,16599.0,16745.0,11134.0,phage,gene-CPT_phageK_gp143
gene-CPT_phageK_gp079,0,0,0,2.0,0.0,2.0,111.0,8.0,51.0,1073.0,193.0,1182.0,1632.0,1244.0,1016.0,341.0,387.0,509.0,210.0,165.0,292.0,phage,gene-CPT_phageK_gp079
gene-CPT_phageK_gp173,1,0,1,3212.0,25.0,4.0,58.0,29.0,23.0,286.0,116.0,441.0,1471.0,1695.0,2327.0,86423.0,41162.0,211529.0,343203.0,220296.0,328355.0,phage,gene-CPT_phageK_gp173
gene-CPT_phageK_gp130,1,2,0,122.0,0.0,1.0,34.0,13.0,9.0,1635.0,269.0,3257.0,10840.0,8370.0,11339.0,11825.0,14066.0,14525.0,12016.0,12804.0,6525.0,phage,gene-CPT_phageK_gp130
gene-CPT_phageK_gp027,0,0,0,20.0,1.0,0.0,24.0,5.0,6.0,1044.0,101.0,1072.0,4250.0,1815.0,2610.0,1679.0,1917.0,2037.0,1040.0,1350.0,586.0,phage,gene-CPT_phageK_gp027
gene-CPT_phageK_gp094,0,0,0,20.0,1.0,0.0,37.0,1.0,19.0,975.0,115.0,1065.0,3255.0,1526.0,1924.0,1866.0,1543.0,1702.0,1573.0,1040.0,757.0,phage,gene-CPT_phageK_gp094
gene-CPT_phageK_gp082,1,0,0,42.0,1.0,2.0,155.0,27.0,60.0,4286.0,526.0,4630.0,16499.0,8647.0,10732.0,6611.0,7071.0,5733.0,3211.0,3336.0,1866.0,phage,gene-CPT_phageK_gp082
gene-CPT_phageK_gp047,0,0,0,2.0,0.0,0.0,42.0,7.0,10.0,800.0,128.0,1032.0,2048.0,1773.0,1351.0,439.0,584.0,354.0,236.0,207.0,143.0,phage,gene-CPT_phageK_gp047
gene-CPT_phageK_gt001,0,0,0,18.0,0.0,1.0,35.0,3.0,18.0,322.0,95.0,806.0,859.0,904.0,1075.0,2279.0,1138.0,2730.0,2350.0,1475.0,1308.0,phage,tRNA-Met
gene-CPT_phageK_gt003,0,0,0,43.0,0.0,1.0,3.0,2.0,5.0,85.0,21.0,163.0,576.0,403.0,596.0,3634.0,1866.0,2138.0,3646.0,1689.0,1115.0,phage,tRNA-Phe
gene-CPT_phageK_gp016,0,0,1,21.0,2.0,8.0,791.0,75.0,617.0,3676.0,936.0,2394.0,3732.0,2638.0,1814.0,1093.0,753.0,1719.0,674.0,459.0,958.0,phage,gene-CPT_phageK_gp016
gene-CPT_phageK_gp233,0,0,0,30.0,0.0,0.0,57.0,4.0,17.0,1960.0,204.0,2268.0,6433.0,3011.0,3841.0,3261.0,3070.0,2805.0,2200.0,1879.0,827.0,phage,gene-CPT_phageK_gp233
gene-CPT_phageK_gp022,0,1,0,36.0,1.0,2.0,6.0,0.0,2.0,419.0,40.0,804.0,3497.0,1507.0,3309.0,3242.0,2575.0,3603.0,2244.0,2254.0,1013.0,phage,gene-CPT_phageK_gp022
gene-CPT_phageK_gp115,0,0,2,164.0,3.0,0.0,18.0,6.0,2.0,64.0,34.0,200.0,612.0,686.0,786.0,2394.0,1575.0,7571.0,16556.0,11954.0,27698.0,phage,gene-CPT_phageK_gp115
gene-CPT_phageK_gp102,0,1,0,67.0,1.0,3.0,277.0,23.0,132.0,4640.0,512.0,5791.0,15584.0,7929.0,10829.0,7935.0,7660.0,8504.0,5523.0,5416.0,4227.0,phage,gene-CPT_phageK_gp102
gene-CPT_phageK_gp035,0,0,1,5.0,2.0,4.0,269.0,55.0,202.0,1553.0,612.0,1044.0,1651.0,1549.0,1254.0,442.0,544.0,979.0,247.0,314.0,581.0,phage,gene-CPT_phageK_gp035
gene-CPT_phageK_gp071,0,1,0,19.0,0.0,1.0,99.0,11.0,46.0,2615.0,346.0,3219.0,8360.0,5497.0,6016.0,3612.0,4126.0,3787.0,1738.0,1676.0,1174.0,phage,gene-CPT_phageK_gp071
gene-CPT_phageK_gp214,0,1,0,13.0,0.0,1.0,21.0,6.0,7.0,923.0,94.0,1104.0,3594.0,1882.0,2290.0,1515.0,2200.0,1757.0,927.0,1181.0,504.0,phage,gene-CPT_phageK_gp214
gene-CPT_phageK_gp095,0,0,0,53.0,2.0,1.0,88.0,11.0,34.0,1802.0,226.0,2099.0,7029.0,3261.0,4537.0,4929.0,3906.0,4386.0,4056.0,2651.0,1837.0,phage,gene-CPT_phageK_gp095
gene-CPT_phageK_gp207,0,0,0,2.0,0.0,0.0,21.0,5.0,5.0,427.0,59.0,405.0,1300.0,721.0,745.0,508.0,615.0,506.0,367.0,326.0,174.0,phage,gene-CPT_phageK_gp207
gene-CPT_phageK_gp151,0,0,0,66.0,1.0,2.0,126.0,11.0,42.0,2203.0,379.0,2656.0,5974.0,4431.0,4090.0,3682.0,3391.0,6187.0,6898.0,6178.0,5149.0,phage,gene-CPT_phageK_gp151
gene-CPT_phageK_gp004,0,0,0,4.0,0.0,0.0,83.0,8.0,32.0,1281.0,215.0,1507.0,2650.0,2273.0,1720.0,493.0,617.0,478.0,231.0,226.0,229.0,phage,gene-CPT_phageK_gp004
gene-CPT_phageK_gp200,0,0,1,15.0,0.0,0.0,105.0,6.0,50.0,1656.0,170.0,1415.0,5221.0,2200.0,2738.0,1965.0,2286.0,2364.0,1188.0,1173.0,689.0,phage,gene-CPT_phageK_gp200
gene-CPT_phageK_gp148,3,5,3,1160.0,13.0,11.0,403.0,110.0,109.0,9259.0,1878.0,21341.0,53147.0,48689.0,63181.0,88850.0,74068.0,125708.0,104328.0,113844.0,89744.0,phage,gene-CPT_phageK_gp148
gene-CPT_phageK_gp036,0,0,1,15.0,1.0,16.0,666.0,119.0,474.0,3264.0,1206.0,2254.0,3525.0,3213.0,2491.0,1748.0,1302.0,2546.0,942.0,912.0,1275.0,phage,gene-CPT_phageK_gp036
gene-CPT_phageK_gp190,0,0,0,37.0,1.0,0.0,0.0,1.0,0.0,6.0,1.0,5.0,9.0,3.0,4.0,540.0,183.0,1483.0,4916.0,1741.0,3555.0,phage,gene-CPT_phageK_gp190
gene-CPT_phageK_gp210,1,0,0,94.0,1.0,1.0,40.0,8.0,10.0,1280.0,173.0,1866.0,6077.0,3977.0,4872.0,5147.0,5742.0,6388.0,8341.0,4955.0,4130.0,phage,gene-CPT_phageK_gp210
gene-CPT_phageK_gp176,0,0,0,294.0,1.0,2.0,19.0,7.0,9.0,364.0,70.0,486.0,1580.0,1025.0,1775.0,13162.0,10680.0,29719.0,28129.0,27635.0,21341.0,phage,gene-CPT_phageK_gp176
gene-CPT_phageK_gp024,0,0,0,14.0,0.0,1.0,6.0,3.0,1.0,458.0,44.0,619.0,3561.0,1297.0,2425.0,1934.0,1927.0,2141.0,1413.0,1544.0,580.0,phage,gene-CPT_phageK_gp024
gene-CPT_phageK_gp172,0,0,0,26.0,0.0,0.0,6.0,2.0,2.0,46.0,11.0,27.0,114.0,70.0,124.0,993.0,669.0,2298.0,2844.0,2314.0,2706.0,phage,gene-CPT_phageK_gp172
gene-CPT_phageK_gp230,0,0,0,22.0,1.0,1.0,186.0,19.0,61.0,3070.0,337.0,3037.0,8252.0,4256.0,4821.0,2876.0,3449.0,2640.0,1581.0,1731.0,810.0,phage,gene-CPT_phageK_gp230
gene-CPT_phageK_gp205,0,0,0,74.0,3.0,3.0,169.0,18.0,63.0,3754.0,516.0,4475.0,15973.0,8418.0,11353.0,9003.0,11240.0,12696.0,6262.0,7509.0,4055.0,phage,gene-CPT_phageK_gp205
gene-CPT_phageK_gp045,0,0,0,5.0,0.0,5.0,279.0,26.0,178.0,1653.0,232.0,428.0,1447.0,461.0,248.0,210.0,130.0,238.0,131.0,62.0,144.0,phage,gene-CPT_phageK_gp045
gene-CPT_phageK_gp178,0,0,0,16.0,0.0,0.0,4.0,0.0,1.0,26.0,6.0,25.0,114.0,65.0,89.0,687.0,530.0,1251.0,2084.0,1205.0,1269.0,phage,gene-CPT_phageK_gp178
gene-CPT_phageK_gp138,1,1,0,47.0,2.0,1.0,265.0,18.0,94.0,6364.0,897.0,7257.0,26813.0,13073.0,19451.0,8247.0,11007.0,8748.0,3645.0,4619.0,2949.0,phage,gene-CPT_phageK_gp138
gene-CPT_phageK_gp199,0,0,1,130.0,1.0,1.0,172.0,10.0,34.0,1563.0,318.0,3173.0,3422.0,3387.0,4127.0,11480.0,6355.0,14524.0,15413.0,6559.0,7045.0,phage,gene-CPT_phageK_gp199
gene-CPT_phageK_gp145,0,0,0,57.0,0.0,1.0,6.0,5.0,5.0,379.0,50.0,704.0,3403.0,2394.0,3506.0,4592.0,4591.0,6268.0,5441.0,6371.0,4501.0,phage,gene-CPT_phageK_gp145
gene-CPT_phageK_gp220,1,0,0,37.0,2.0,2.0,324.0,25.0,130.0,4397.0,900.0,6311.0,15018.0,10562.0,11823.0,5831.0,7028.0,5305.0,2412.0,2879.0,1693.0,phage,gene-CPT_phageK_gp220
gene-CPT_phageK_gp125,3,4,1,198.0,4.0,11.0,686.0,75.0,253.0,13714.0,2338.0,21878.0,56990.0,37217.0,46422.0,28663.0,30712.0,31421.0,14765.0,17561.0,11914.0,phage,gene-CPT_phageK_gp125
gene-CPT_phageK_gp052,0,0,0,4.0,0.0,0.0,62.0,3.0,21.0,695.0,96.0,757.0,1549.0,980.0,767.0,367.0,406.0,297.0,230.0,137.0,118.0,phage,gene-CPT_phageK_gp052
gene-CPT_phageK_gp154,0,2,0,46.0,0.0,1.0,138.0,11.0,45.0,1103.0,245.0,1266.0,2181.0,1848.0,1625.0,2412.0,1751.0,4931.0,4536.0,4445.0,4378.0,phage,gene-CPT_phageK_gp154
gene-CPT_phageK_gp141,2,2,0,168.0,3.0,4.0,331.0,41.0,136.0,5325.0,988.0,7750.0,20002.0,13014.0,17446.0,13601.0,14959.0,20340.0,14870.0,16759.0,10328.0,phage,gene-CPT_phageK_gp141
gene-CPT_phageK_gp064,1,1,0,117.0,0.0,4.0,291.0,36.0,117.0,6714.0,1146.0,11676.0,24537.0,20434.0,22649.0,16629.0,18380.0,17248.0,8225.0,10183.0,5168.0,phage,gene-CPT_phageK_gp064
gene-CPT_phageK_gp017,0,0,1,6.0,0.0,4.0,298.0,46.0,265.0,1464.0,515.0,823.0,1306.0,1149.0,813.0,293.0,308.0,635.0,192.0,216.0,419.0,phage,gene-CPT_phageK_gp017
gene-CPT_phageK_gp127,0,0,0,60.0,1.0,1.0,49.0,4.0,28.0,478.0,72.0,642.0,1180.0,848.0,1239.0,3815.0,2876.0,6628.0,6127.0,5743.0,2858.0,phage,gene-CPT_phageK_gp127
gene-CPT_phageK_gp196,1,0,1,30.0,0.0,1.0,118.0,18.0,42.0,1697.0,293.0,2806.0,5970.0,4462.0,5336.0,3907.0,4661.0,5127.0,2754.0,2734.0,1671.0,phage,gene-CPT_phageK_gp196
gene-CPT_phageK_gp077,0,0,0,1.0,0.0,1.0,69.0,3.0,31.0,829.0,194.0,924.0,1520.0,1359.0,960.0,356.0,455.0,415.0,180.0,154.0,213.0,phage,gene-CPT_phageK_gp077
gene-CPT_phageK_gp091,0,0,0,8.0,0.0,0.0,175.0,22.0,97.0,3483.0,454.0,3579.0,8022.0,5272.0,4678.0,1528.0,2136.0,1994.0,946.0,905.0,1042.0,phage,gene-CPT_phageK_gp091
gene-CPT_phageK_gp222,0,0,0,11.0,0.0,0.0,59.0,2.0,14.0,1596.0,229.0,1670.0,6040.0,3286.0,3721.0,1936.0,2798.0,1785.0,912.0,1331.0,482.0,phage,gene-CPT_phageK_gp222
gene-CPT_phageK_gp161,0,1,0,33.0,2.0,3.0,289.0,20.0,101.0,4845.0,449.0,4453.0,13663.0,4698.0,5216.0,5941.0,3895.0,4160.0,3492.0,1822.0,1703.0,phage,gene-CPT_phageK_gp161
gene-CPT_phageK_gp170,0,0,0,111.0,2.0,0.0,16.0,2.0,2.0,163.0,31.0,134.0,565.0,407.0,479.0,4147.0,3017.0,9045.0,10942.0,9351.0,9957.0,phage,gene-CPT_phageK_gp170
gene-CPT_phageK_gp107,1,1,0,38.0,0.0,0.0,59.0,12.0,21.0,1393.0,280.0,2156.0,5601.0,4060.0,5280.0,3178.0,3759.0,4317.0,2379.0,2953.0,2193.0,phage,gene-CPT_phageK_gp107
gene-CPT_phageK_gp103,1,1,0,28.0,0.0,2.0,27.0,4.0,4.0,637.0,108.0,899.0,3062.0,1995.0,2845.0,2578.0,2817.0,3808.0,3605.0,3633.0,3296.0,phage,gene-CPT_phageK_gp103
gene-CPT_phageK_gp049,0,0,0,2.0,0.0,1.0,62.0,6.0,22.0,1006.0,185.0,1261.0,2118.0,1897.0,1396.0,417.0,598.0,376.0,196.0,158.0,244.0,phage,gene-CPT_phageK_gp049
gene-CPT_phageK_gp219,0,0,0,16.0,0.0,1.0,210.0,17.0,100.0,2372.0,438.0,3189.0,6875.0,4729.0,5089.0,1762.0,2210.0,1842.0,689.0,767.0,643.0,phage,gene-CPT_phageK_gp219
gene-CPT_phageK_gp005,0,1,0,2.0,0.0,0.0,58.0,7.0,31.0,1046.0,190.0,1249.0,2073.0,1957.0,1371.0,424.0,568.0,376.0,193.0,168.0,181.0,phage,gene-CPT_phageK_gp005
gene-CPT_phageK_gp037,0,0,0,5.0,0.0,10.0,293.0,39.0,262.0,1510.0,467.0,832.0,1313.0,1110.0,745.0,293.0,331.0,675.0,206.0,183.0,427.0,phage,gene-CPT_phageK_gp037
gene-CPT_phageK_gp131,0,1,1,256.0,3.0,1.0,148.0,27.0,58.0,4833.0,934.0,8417.0,25829.0,19992.0,25220.0,22823.0,26660.0,26673.0,21939.0,23752.0,11687.0,phage,gene-CPT_phageK_gp131
gene-CPT_phageK_gp073,2,0,0,4.0,1.0,1.0,45.0,9.0,22.0,949.0,156.0,1196.0,2596.0,1910.0,1974.0,901.0,948.0,934.0,425.0,417.0,364.0,phage,gene-CPT_phageK_gp073
gene-CPT_phageK_gp062,0,0,0,4.0,1.0,1.0,132.0,12.0,66.0,2167.0,309.0,1955.0,4360.0,2749.0,2751.0,793.0,1125.0,830.0,333.0,386.0,279.0,phage,gene-CPT_phageK_gp062
gene-CPT_phageK_gp054,0,1,0,9.0,0.0,0.0,64.0,9.0,19.0,1596.0,229.0,1670.0,4282.0,2655.0,2418.0,776.0,1105.0,655.0,373.0,339.0,223.0,phage,gene-CPT_phageK_gp054
gene-CPT_phageK_gp132,1,0,0,56.0,0.0,2.0,34.0,9.0,19.0,1456.0,242.0,2119.0,6841.0,4317.0,5774.0,4842.0,5307.0,5837.0,4964.0,4622.0,2786.0,phage,gene-CPT_phageK_gp132
gene-CPT_phageK_gp192,0,0,0,154.0,0.0,1.0,21.0,3.0,6.0,376.0,49.0,576.0,3293.0,1212.0,2230.0,13478.0,6440.0,9193.0,13944.0,6122.0,3151.0,phage,gene-CPT_phageK_gp192
gene-CPT_phageK_gp042,0,0,0,1.0,0.0,3.0,106.0,11.0,84.0,738.0,82.0,161.0,512.0,134.0,111.0,41.0,61.0,72.0,36.0,26.0,50.0,phage,gene-CPT_phageK_gp042
gene-CPT_phageK_gp217,0,0,0,61.0,0.0,0.0,51.0,4.0,15.0,1473.0,142.0,2031.0,6195.0,2931.0,4053.0,5437.0,4949.0,6533.0,5658.0,3833.0,1854.0,phage,gene-CPT_phageK_gp217
gene-CPT_phageK_gp122,0,1,1,56.0,0.0,2.0,157.0,29.0,79.0,2479.0,434.0,4086.0,9646.0,6602.0,10055.0,7152.0,6144.0,7935.0,4775.0,4600.0,3287.0,phage,gene-CPT_phageK_gp122
gene-CPT_phageK_gp074,1,1,0,5.0,1.0,0.0,38.0,9.0,8.0,858.0,122.0,912.0,2113.0,1485.0,1312.0,570.0,656.0,520.0,277.0,241.0,232.0,phage,gene-CPT_phageK_gp074
gene-CPT_phageK_gp031,0,0,0,101.0,1.0,0.0,14.0,1.0,2.0,250.0,39.0,570.0,1446.0,902.0,1179.0,3734.0,2276.0,6329.0,11702.0,5144.0,7329.0,phage,gene-CPT_phageK_gp031
gene-CPT_phageK_gp221,1,2,0,27.0,1.0,1.0,165.0,20.0,59.0,4319.0,743.0,5080.0,15495.0,9730.0,10302.0,5026.0,6964.0,4449.0,2244.0,2891.0,1348.0,phage,gene-CPT_phageK_gp221
gene-CPT_phageK_gp023,0,0,0,18.0,0.0,1.0,5.0,2.0,1.0,395.0,34.0,686.0,2914.0,1163.0,2635.0,2208.0,1721.0,2813.0,1475.0,1649.0,760.0,phage,gene-CPT_phageK_gp023
gene-CPT_phageK_gp216,1,0,0,158.0,1.0,2.0,151.0,19.0,46.0,2976.0,358.0,4169.0,13480.0,5962.0,9323.0,14905.0,11326.0,16997.0,13468.0,9909.0,4942.0,phage,gene-CPT_phageK_gp216
gene-CPT_phageK_gp053,0,0,0,2.0,0.0,0.0,92.0,7.0,46.0,1084.0,166.0,1181.0,2112.0,1499.0,1067.0,377.0,486.0,381.0,223.0,147.0,171.0,phage,gene-CPT_phageK_gp053
gene-CPT_phageK_gp040,0,0,0,3.0,0.0,1.0,122.0,13.0,62.0,534.0,91.0,246.0,477.0,266.0,130.0,72.0,58.0,118.0,53.0,28.0,65.0,phage,gene-CPT_phageK_gp040
gene-CPT_phageK_gp226,0,0,0,21.0,0.0,1.0,4.0,0.0,2.0,100.0,28.0,164.0,362.0,360.0,259.0,523.0,429.0,1071.0,2841.0,1408.0,2348.0,phage,gene-CPT_phageK_gp226
gene-CPT_phageK_gp048,0,0,0,0.0,0.0,0.0,52.0,3.0,11.0,750.0,138.0,924.0,1685.0,1638.0,1191.0,326.0,436.0,287.0,158.0,154.0,127.0,phage,gene-CPT_phageK_gp048
gene-CPT_phageK_gp179,0,1,0,442.0,5.0,6.0,46.0,13.0,18.0,879.0,189.0,1568.0,6952.0,4486.0,8644.0,31629.0,28123.0,61572.0,40223.0,47250.0,25671.0,phage,gene-CPT_phageK_gp179
gene-CPT_phageK_gp038,0,0,0,23.0,5.0,13.0,792.0,74.0,554.0,3691.0,970.0,2291.0,3740.0,2772.0,1740.0,1101.0,825.0,1577.0,675.0,466.0,976.0,phage,gene-CPT_phageK_gp038
gene-CPT_phageK_gp072,1,1,0,20.0,1.0,2.0,160.0,17.0,56.0,2729.0,393.0,3664.0,8151.0,6236.0,6777.0,3347.0,3677.0,3630.0,1494.0,1468.0,1175.0,phage,gene-CPT_phageK_gp072
gene-CPT_phageK_gp011,0,0,1,17.0,2.0,10.0,401.0,56.0,402.0,1934.0,446.0,1001.0,1615.0,976.0,741.0,531.0,381.0,662.0,364.0,243.0,400.0,phage,gene-CPT_phageK_gp011
gene-CPT_phageK_gp007,0,0,0,2.0,0.0,1.0,42.0,5.0,13.0,883.0,148.0,1009.0,1981.0,1868.0,1331.0,424.0,593.0,316.0,207.0,203.0,107.0,phage,gene-CPT_phageK_gp007
gene-CPT_phageK_gp086,1,2,1,23.0,1.0,2.0,188.0,23.0,65.0,3921.0,669.0,5136.0,12259.0,8138.0,8903.0,3677.0,4715.0,4423.0,1818.0,2160.0,2008.0,phage,gene-CPT_phageK_gp086
gene-CPT_phageK_gp085,0,0,0,12.0,0.0,0.0,36.0,3.0,17.0,1421.0,197.0,1601.0,5036.0,2583.0,2811.0,1635.0,1968.0,1619.0,841.0,812.0,695.0,phage,gene-CPT_phageK_gp085
gene-CPT_phageK_gp147,0,0,0,14.0,0.0,0.0,6.0,2.0,2.0,237.0,31.0,440.0,1659.0,1081.0,1353.0,1505.0,1670.0,2032.0,1916.0,1885.0,1280.0,phage,gene-CPT_phageK_gp147
gene-CPT_phageK_gp174,0,0,0,835.0,9.0,7.0,25.0,9.0,10.0,132.0,61.0,193.0,1275.0,857.0,1712.0,32641.0,19504.0,62569.0,81272.0,64145.0,63391.0,phage,gene-CPT_phageK_gp174
gene-CPT_phageK_gp088,0,0,0,13.0,0.0,1.0,127.0,12.0,63.0,2496.0,324.0,2338.0,5799.0,3345.0,2902.0,1021.0,1446.0,1378.0,701.0,556.0,676.0,phage,gene-CPT_phageK_gp088
gene-CPT_phageK_gp093,0,1,0,5.0,0.0,0.0,55.0,8.0,29.0,1198.0,164.0,1327.0,2578.0,1779.0,1497.0,427.0,610.0,586.0,324.0,319.0,380.0,phage,gene-CPT_phageK_gp093
gene-CPT_phageK_gp109,0,0,0,109.0,1.0,1.0,63.0,14.0,18.0,1608.0,197.0,2768.0,7454.0,4359.0,6199.0,8829.0,6783.0,9442.0,9638.0,6140.0,3865.0,phage,gene-CPT_phageK_gp109
gene-CPT_phageK_gp206,0,0,1,111.0,2.0,2.0,135.0,17.0,36.0,3601.0,498.0,4915.0,17317.0,9254.0,12843.0,12672.0,14124.0,17817.0,11727.0,11080.0,6825.0,phage,gene-CPT_phageK_gp206
gene-CPT_phageK_gp104,0,0,0,42.0,0.0,3.0,40.0,8.0,9.0,886.0,137.0,1038.0,4177.0,2395.0,3216.0,2547.0,3317.0,3881.0,3850.0,3773.0,3426.0,phage,gene-CPT_phageK_gp104
gene-CPT_phageK_gp089,0,1,0,7.0,3.0,1.0,73.0,10.0,19.0,1795.0,228.0,1923.0,4910.0,3216.0,2672.0,1035.0,1540.0,1123.0,722.0,607.0,611.0,phage,gene-CPT_phageK_gp089
gene-CPT_phageK_gp134,0,0,0,91.0,2.0,1.0,153.0,30.0,62.0,3452.0,627.0,5299.0,15935.0,9211.0,15329.0,11605.0,11525.0,15540.0,8999.0,9556.0,5674.0,phage,gene-CPT_phageK_gp134
gene-CPT_phageK_gp015,1,0,0,2.0,1.0,3.0,197.0,22.0,157.0,1253.0,217.0,547.0,1256.0,602.0,356.0,211.0,182.0,273.0,126.0,75.0,167.0,phage,gene-CPT_phageK_gp015
gene-CPT_phageK_gp075,0,1,0,5.0,0.0,0.0,74.0,12.0,24.0,1256.0,167.0,1294.0,2904.0,2005.0,1660.0,584.0,789.0,611.0,294.0,242.0,301.0,phage,gene-CPT_phageK_gp075
gene-CPT_phageK_gp140,0,0,1,25.0,3.0,0.0,290.0,24.0,121.0,3716.0,622.0,4377.0,11619.0,6908.0,8371.0,3416.0,4306.0,4118.0,1836.0,1867.0,1676.0,phage,gene-CPT_phageK_gp140
gene-CPT_phageK_gp149,0,0,0,124.0,1.0,1.0,173.0,19.0,75.0,2206.0,442.0,4192.0,8911.0,7554.0,9482.0,11384.0,9108.0,15673.0,12265.0,13059.0,10509.0,phage,gene-CPT_phageK_gp149
gene-CPT_phageK_gp034,1,0,1,11.0,0.0,4.0,283.0,43.0,198.0,1605.0,618.0,1419.0,1887.0,1853.0,1514.0,569.0,689.0,1220.0,349.0,379.0,589.0,phage,gene-CPT_phageK_gp034
gene-CPT_phageK_gp186,0,0,0,34.0,0.0,0.0,9.0,1.0,1.0,39.0,12.0,29.0,294.0,132.0,351.0,2385.0,1868.0,4183.0,4027.0,3704.0,2654.0,phage,gene-CPT_phageK_gp186
gene-CPT_phageK_gp019,0,1,1,7.0,1.0,1.0,265.0,57.0,210.0,1555.0,575.0,1045.0,1715.0,1597.0,1259.0,476.0,501.0,959.0,269.0,341.0,621.0,phage,gene-CPT_phageK_gp019
gene-CPT_phageK_gp025,0,0,0,10.0,0.0,0.0,10.0,2.0,2.0,433.0,69.0,619.0,2526.0,1099.0,1825.0,1310.0,1535.0,1578.0,1071.0,1134.0,408.0,phage,gene-CPT_phageK_gp025
gene-CPT_phageK_gp014,0,0,0,4.0,0.0,2.0,81.0,4.0,76.0,481.0,110.0,244.0,525.0,269.0,155.0,80.0,76.0,93.0,48.0,33.0,70.0,phage,gene-CPT_phageK_gp014
gene-CPT_phageK_gp171,0,0,0,108.0,1.0,0.0,24.0,5.0,7.0,124.0,55.0,145.0,538.0,396.0,603.0,4782.0,3391.0,11374.0,13282.0,11314.0,12913.0,phage,gene-CPT_phageK_gp171
gene-CPT_phageK_gp187,0,0,0,15.0,0.0,0.0,0.0,0.0,0.0,6.0,1.0,7.0,71.0,31.0,90.0,604.0,453.0,808.0,1281.0,651.0,556.0,phage,gene-CPT_phageK_gp187
gene-CPT_phageK_gp146,0,0,0,239.0,1.0,0.0,39.0,16.0,11.0,1767.0,268.0,3523.0,13523.0,9968.0,13708.0,17034.0,17231.0,23841.0,20141.0,23676.0,16309.0,phage,gene-CPT_phageK_gp146
gene-CPT_phageK_gp177,0,0,0,37.0,0.0,0.0,9.0,0.0,5.0,105.0,17.0,116.0,376.0,192.0,337.0,2411.0,1874.0,4660.0,5275.0,4371.0,3601.0,phage,gene-CPT_phageK_gp177
gene-CPT_phageK_gp110,0,0,0,70.0,3.0,1.0,60.0,7.0,18.0,1495.0,189.0,2425.0,6771.0,4076.0,5533.0,6760.0,6044.0,7680.0,7064.0,4874.0,3090.0,phage,gene-CPT_phageK_gp110
gene-CPT_phageK_gp203,0,0,0,8.0,0.0,0.0,19.0,6.0,6.0,844.0,102.0,798.0,3367.0,1344.0,1966.0,1359.0,1741.0,1792.0,857.0,982.0,544.0,phage,gene-CPT_phageK_gp203
gene-CPT_phageK_gp152,0,0,0,45.0,0.0,0.0,90.0,6.0,42.0,1623.0,291.0,1776.0,4037.0,3002.0,2572.0,2420.0,2282.0,4396.0,4788.0,4304.0,3734.0,phage,gene-CPT_phageK_gp152
gene-CPT_phageK_gp120,1,3,0,367.0,8.0,10.0,387.0,67.0,179.0,7878.0,1696.0,17762.0,41298.0,33620.0,52158.0,51023.0,46066.0,69891.0,28138.0,40414.0,21372.0,phage,gene-CPT_phageK_gp120
gene-CPT_phageK_gp097,0,2,1,20.0,1.0,2.0,149.0,6.0,64.0,1924.0,290.0,2308.0,5840.0,3743.0,4782.0,2413.0,2428.0,2789.0,1439.0,1331.0,1528.0,phage,gene-CPT_phageK_gp097
gene-CPT_phageK_gp078,0,0,0,4.0,0.0,1.0,150.0,14.0,73.0,1611.0,295.0,1800.0,2818.0,2144.0,1649.0,643.0,673.0,853.0,411.0,285.0,485.0,phage,gene-CPT_phageK_gp078
gene-CPT_phageK_gp218,0,0,0,56.0,1.0,0.0,46.0,8.0,9.0,1191.0,108.0,1577.0,5112.0,2185.0,3248.0,4921.0,4141.0,5589.0,5422.0,3353.0,1698.0,phage,gene-CPT_phageK_gp218
gene-CPT_phageK_gp180,0,0,0,114.0,3.0,2.0,36.0,5.0,15.0,473.0,80.0,637.0,3354.0,1772.0,3313.0,9990.0,10979.0,17325.0,13282.0,14935.0,6938.0,phage,gene-CPT_phageK_gp180
gene-CPT_phageK_gp198,0,0,0,13.0,3.0,1.0,124.0,8.0,62.0,2346.0,255.0,2493.0,6629.0,2747.0,3875.0,1506.0,1798.0,2019.0,847.0,707.0,907.0,phage,gene-CPT_phageK_gp198
gene-CPT_phageK_gp157,0,0,0,83.0,5.0,1.0,314.0,31.0,156.0,3843.0,911.0,4230.0,8939.0,6908.0,6180.0,5795.0,5439.0,8954.0,8848.0,8437.0,5782.0,phage,gene-CPT_phageK_gp157
gene-CPT_phageK_gp100,0,0,0,58.0,0.0,0.0,10.0,5.0,5.0,339.0,63.0,689.0,1386.0,1139.0,1417.0,1305.0,1025.0,2055.0,6318.0,2181.0,5031.0,phage,gene-CPT_phageK_gp100
gene-CPT_phageK_gp194,0,0,0,39.0,0.0,3.0,69.0,6.0,28.0,710.0,158.0,1061.0,2009.0,1874.0,1525.0,1680.0,1642.0,3604.0,3961.0,2693.0,3886.0,phage,gene-CPT_phageK_gp194
gene-CPT_phageK_gp067,1,0,1,21.0,2.0,0.0,84.0,9.0,38.0,1853.0,261.0,2102.0,5702.0,3232.0,3387.0,2900.0,2459.0,2034.0,2153.0,1133.0,759.0,phage,gene-CPT_phageK_gp067
gene-CPT_phageK_gp001,0,0,0,2.0,2.0,3.0,86.0,5.0,20.0,1099.0,181.0,1176.0,2082.0,1571.0,1183.0,471.0,478.0,388.0,199.0,169.0,151.0,phage,gene-CPT_phageK_gp001
gene-CPT_phageK_gp167,0,0,0,141.0,1.0,0.0,7.0,3.0,1.0,61.0,14.0,67.0,255.0,190.0,166.0,3045.0,1714.0,9553.0,16518.0,9789.0,17746.0,phage,gene-CPT_phageK_gp167
gene-CPT_phageK_gp213,0,1,1,50.0,2.0,1.0,383.0,30.0,141.0,8517.0,1024.0,8138.0,24504.0,12485.0,14036.0,7790.0,11902.0,9453.0,4378.0,5885.0,2813.0,phage,gene-CPT_phageK_gp213
gene-CPT_phageK_gp068,0,0,0,12.0,2.0,0.0,94.0,9.0,41.0,1800.0,226.0,2036.0,4282.0,2950.0,2971.0,1543.0,1469.0,1404.0,867.0,585.0,518.0,phage,gene-CPT_phageK_gp068
gene-CPT_phageK_gp029,0,0,0,5.0,0.0,1.0,42.0,4.0,20.0,1187.0,121.0,1042.0,3961.0,1760.0,2252.0,1234.0,1518.0,1471.0,726.0,957.0,403.0,phage,gene-CPT_phageK_gp029
gene-CPT_phageK_gp069,0,0,0,7.0,0.0,0.0,55.0,4.0,25.0,808.0,82.0,828.0,2024.0,1275.0,1166.0,502.0,609.0,580.0,309.0,226.0,206.0,phage,gene-CPT_phageK_gp069
gene-CPT_phageK_gp169,0,0,0,89.0,0.0,0.0,8.0,0.0,0.0,130.0,24.0,141.0,439.0,360.0,356.0,3114.0,2239.0,6721.0,8857.0,6921.0,7399.0,phage,gene-CPT_phageK_gp169
gene-CPT_phageK_gp209,0,1,0,49.0,2.0,1.0,78.0,11.0,22.0,2195.0,328.0,3001.0,9064.0,6201.0,7640.0,5882.0,7129.0,7263.0,3249.0,4440.0,2050.0,phage,gene-CPT_phageK_gp209
gene-CPT_phageK_gp135,0,0,0,50.0,2.0,0.0,88.0,10.0,31.0,1952.0,277.0,2564.0,8638.0,4404.0,6682.0,4792.0,4979.0,6064.0,3622.0,3521.0,2140.0,phage,gene-CPT_phageK_gp135
gene-CPT_phageK_gp160,0,0,0,162.0,2.0,0.0,12.0,3.0,7.0,132.0,54.0,204.0,623.0,474.0,755.0,6799.0,4469.0,14346.0,15315.0,12764.0,8915.0,phage,gene-CPT_phageK_gp160
gene-CPT_phageK_gp008,0,0,0,2.0,0.0,0.0,38.0,4.0,13.0,796.0,160.0,1065.0,2261.0,1709.0,1338.0,589.0,607.0,337.0,274.0,211.0,128.0,phage,gene-CPT_phageK_gp008
gene-CPT_phageK_gp009,0,0,0,7.0,0.0,4.0,244.0,32.0,181.0,1679.0,202.0,427.0,1402.0,456.0,311.0,186.0,123.0,228.0,153.0,62.0,118.0,phage,gene-CPT_phageK_gp009
gene-CPT_phageK_gp155,0,1,2,121.0,1.0,3.0,84.0,25.0,20.0,2974.0,445.0,3989.0,12602.0,8143.0,8717.0,8736.0,10000.0,11152.0,11809.0,12046.0,7413.0,phage,gene-CPT_phageK_gp155
gene-CPT_phageK_gp098,0,0,1,15.0,0.0,0.0,106.0,12.0,49.0,1880.0,230.0,1990.0,6462.0,2985.0,3988.0,1880.0,2208.0,2775.0,1653.0,1505.0,1874.0,phage,gene-CPT_phageK_gp098
gene-CPT_phageK_gp046,0,0,0,1.0,1.0,0.0,29.0,6.0,7.0,853.0,143.0,1113.0,2179.0,1701.0,1338.0,567.0,681.0,343.0,309.0,202.0,132.0,phage,gene-CPT_phageK_gp046
gene-CPT_phageK_gp061,0,0,0,4.0,0.0,0.0,73.0,2.0,38.0,1498.0,182.0,1260.0,3263.0,1744.0,1889.0,679.0,858.0,607.0,340.0,292.0,199.0,phage,gene-CPT_phageK_gp061
gene-CPT_phageK_gp021,0,0,0,17.0,0.0,5.0,408.0,50.0,286.0,2734.0,630.0,1918.0,3855.0,1933.0,1660.0,1008.0,923.0,1299.0,558.0,467.0,676.0,phage,gene-CPT_phageK_gp021
gene-CPT_phageK_gp030,0,0,0,17.0,1.0,1.0,133.0,11.0,56.0,2224.0,291.0,2251.0,6383.0,3349.0,4083.0,2399.0,2599.0,2613.0,1356.0,1612.0,724.0,phage,gene-CPT_phageK_gp030
gene-CPT_phageK_gp084,0,0,0,9.0,1.0,0.0,181.0,24.0,98.0,3253.0,577.0,3597.0,8739.0,5595.0,5758.0,2262.0,2815.0,2424.0,1119.0,1130.0,1087.0,phage,gene-CPT_phageK_gp084
gene-CPT_phageK_gp181,0,0,0,25.0,0.0,0.0,3.0,2.0,1.0,135.0,15.0,118.0,850.0,290.0,609.0,1852.0,1848.0,2884.0,2449.0,2275.0,1090.0,phage,gene-CPT_phageK_gp181
gene-CPT_phageK_gp083,0,1,0,22.0,0.0,1.0,197.0,33.0,100.0,4624.0,698.0,5734.0,15488.0,9781.0,11516.0,5286.0,5979.0,5217.0,2141.0,2531.0,1991.0,phage,gene-CPT_phageK_gp083
gene-CPT_phageK_gp060,1,0,1,1.0,1.0,0.0,99.0,6.0,50.0,1139.0,228.0,960.0,1744.0,1226.0,903.0,219.0,363.0,292.0,96.0,123.0,109.0,phage,gene-CPT_phageK_gp060
gene-CPT_phageK_gp225,1,2,0,123.0,1.0,1.0,108.0,17.0,31.0,3569.0,414.0,4520.0,15558.0,7731.0,9711.0,11453.0,10997.0,12658.0,10203.0,8822.0,4023.0,phage,gene-CPT_phageK_gp225
gene-CPT_phageK_gt002,0,0,0,93.0,0.0,0.0,9.0,0.0,7.0,175.0,32.0,269.0,1124.0,695.0,1085.0,7886.0,2574.0,5099.0,7895.0,3516.0,2510.0,phage,tRNA-Trp
gene-CPT_phageK_gp111,1,2,0,197.0,3.0,6.0,319.0,45.0,121.0,6843.0,968.0,10840.0,26580.0,17291.0,22222.0,18774.0,19214.0,22306.0,14872.0,13218.0,8762.0,phage,gene-CPT_phageK_gp111
gene-CPT_phageK_gp142,0,0,0,146.0,2.0,2.0,148.0,22.0,48.0,2710.0,480.0,3703.0,12382.0,6716.0,10286.0,10382.0,10444.0,16010.0,12538.0,13109.0,8143.0,phage,gene-CPT_phageK_gp142
gene-CPT_phageK_gp211,1,1,0,56.0,0.0,0.0,21.0,2.0,5.0,710.0,105.0,1186.0,3381.0,2462.0,3034.0,3892.0,3688.0,4595.0,5827.0,3521.0,2944.0,phage,gene-CPT_phageK_gp211
gene-CPT_phageK_gp066,1,5,1,8.0,0.0,0.0,83.0,6.0,29.0,1450.0,181.0,1409.0,3469.0,2410.0,2010.0,739.0,1065.0,766.0,379.0,363.0,323.0,phage,gene-CPT_phageK_gp066
gene-CPT_phageK_gp144,0,0,0,244.0,4.0,3.0,129.0,17.0,65.0,1521.0,310.0,2596.0,9684.0,7759.0,10477.0,16915.0,14801.0,22850.0,21511.0,23308.0,17465.0,phage,gene-CPT_phageK_gp144
gene-CPT_phageK_gp224,1,1,0,85.0,0.0,1.0,160.0,16.0,54.0,3804.0,472.0,4360.0,14638.0,7598.0,9451.0,8673.0,9097.0,10278.0,6514.0,6956.0,3177.0,phage,gene-CPT_phageK_gp224
gene-CPT_phageK_gp229,0,0,0,3.0,0.0,1.0,66.0,6.0,34.0,1257.0,152.0,1252.0,2815.0,1662.0,1670.0,801.0,1049.0,838.0,433.0,486.0,290.0,phage,gene-CPT_phageK_gp229
gene-CPT_phageK_gp185,0,0,0,31.0,1.0,1.0,7.0,0.0,2.0,50.0,10.0,44.0,336.0,160.0,393.0,2537.0,2017.0,5042.0,4329.0,4471.0,3107.0,phage,gene-CPT_phageK_gp185
gene-CPT_phageK_gp063,0,0,0,3.0,0.0,0.0,89.0,6.0,39.0,944.0,131.0,772.0,1598.0,882.0,887.0,219.0,295.0,196.0,86.0,82.0,80.0,phage,gene-CPT_phageK_gp063
gene-CPT_phageK_gp204,0,2,0,38.0,0.0,0.0,105.0,13.0,34.0,2225.0,288.0,2510.0,9312.0,4769.0,6550.0,4672.0,5753.0,6563.0,3041.0,3640.0,1902.0,phage,gene-CPT_phageK_gp204
gene-CPT_phageK_gp128,0,0,0,110.0,0.0,1.0,10.0,9.0,1.0,647.0,86.0,1310.0,5056.0,3602.0,5091.0,8398.0,7593.0,9618.0,11255.0,9006.0,5250.0,phage,gene-CPT_phageK_gp128
gene-CPT_phageK_gp193,0,0,0,122.0,2.0,1.0,1.0,1.0,1.0,28.0,18.0,69.0,222.0,224.0,238.0,2585.0,1547.0,10478.0,12641.0,9405.0,23347.0,phage,gene-CPT_phageK_gp193
gene-CPT_phageK_gp002,0,0,0,3.0,0.0,1.0,50.0,1.0,7.0,744.0,95.0,728.0,1600.0,992.0,759.0,367.0,356.0,280.0,209.0,121.0,119.0,phage,gene-CPT_phageK_gp002
gene-CPT_phageK_gp129,1,1,0,78.0,0.0,0.0,7.0,8.0,1.0,540.0,92.0,1088.0,3912.0,2981.0,4155.0,5225.0,5827.0,6599.0,5896.0,6044.0,3194.0,phage,gene-CPT_phageK_gp129
gene-CPT_phageK_gp106,1,0,1,22.0,0.0,1.0,46.0,7.0,33.0,990.0,190.0,1369.0,3606.0,2519.0,3142.0,2035.0,2309.0,2613.0,1470.0,1716.0,1287.0,phage,gene-CPT_phageK_gp106
gene-CPT_phageK_gp105,0,0,1,56.0,0.0,4.0,97.0,14.0,30.0,1719.0,304.0,2537.0,6907.0,4752.0,6225.0,4932.0,5208.0,5974.0,4242.0,4328.0,2748.0,phage,gene-CPT_phageK_gp105
gene-CPT_phageK_gp126,0,0,0,44.0,1.0,1.0,22.0,1.0,11.0,298.0,38.0,490.0,765.0,588.0,862.0,2906.0,1964.0,5039.0,4616.0,4230.0,2427.0,phage,gene-CPT_phageK_gp126
gene-CPT_phageK_gp208,0,0,0,34.0,2.0,1.0,125.0,14.0,45.0,3172.0,427.0,3398.0,11140.0,6576.0,7957.0,5123.0,7238.0,5991.0,2866.0,3664.0,1827.0,phage,gene-CPT_phageK_gp208
gene-CPT_phageK_gp189,0,0,0,47.0,0.0,0.0,2.0,0.0,0.0,7.0,1.0,5.0,14.0,14.0,11.0,841.0,272.0,2399.0,6584.0,2678.0,5346.0,phage,gene-CPT_phageK_gp189
gene-CPT_phageK_gp136,0,0,0,34.0,1.0,0.0,78.0,12.0,24.0,2463.0,359.0,3020.0,12048.0,6069.0,8713.0,4946.0,6880.0,5192.0,2389.0,2865.0,1569.0,phage,gene-CPT_phageK_gp136
gene-CPT_phageK_gp041,0,0,0,2.0,0.0,2.0,36.0,9.0,22.0,475.0,80.0,709.0,1697.0,828.0,1056.0,864.0,583.0,964.0,483.0,274.0,359.0,phage,gene-CPT_phageK_gp041
gene-CPT_phageK_gp018,0,1,0,17.0,1.0,15.0,636.0,96.0,498.0,3306.0,1211.0,2206.0,3524.0,3211.0,2349.0,1731.0,1227.0,2367.0,880.0,878.0,1316.0,phage,gene-CPT_phageK_gp018
