Geneid,Entity,Symbol,Ctrl_R1,Ctrl_R2,Ctrl_R3,0_R1,0_R2,0_R3,2_R1,2_R2,2_R3,5_R1,5_R2,5_R3,10_R1,10_R2,10_R3,20_R1,20_R2,20_R3,30_R1,30_R2,30_R3,Temporal_Class
gene-CPT_phageK_gp165,phage,gene-CPT_phageK_gp165,0.0,0.0,,6.263398262591624,1.791759469228055,0.6931471805599453,2.0794415416798357,1.0986122886681098,1.3862943611198906,,3.091042453358316,5.198497031265826,6.234410725718371,6.267200548541362,6.0867747269123065,9.02437217426203,8.197814032221203,10.233366673687698,10.97081555116447,10.448685617092117,11.093843060902879,late
gene-CPT_phageK_gp059,phage,gene-CPT_phageK_gp059,0.0,0.0,0.0,0.0,0.6931471805599453,0.0,4.605170185988092,1.9459101490553132,4.189654742026425,7.475905969367397,5.780743515792329,7.266827347520591,8.024862150286411,7.597897950521784,7.462789157412448,6.018593214496234,6.418364935936212,6.236369590203704,5.313205979041787,5.298317366548036,5.3981627015177525,middle
gene-CPT_phageK_gp121,phage,gene-CPT_phageK_gp121,0.0,0.6931471805599453,0.0,4.07753744390572,0.0,0.6931471805599453,5.198497031265826,3.295836866004329,4.564348191467836,8.16194579946869,6.333279628139691,8.502079553606189,9.586033321750676,9.09963224999176,9.455010553834672,8.982561092257445,9.11250701162742,9.026297334283887,8.207674424355282,8.503499864284235,7.9665866976384025,middle
gene-CPT_phageK_gp058,phage,gene-CPT_phageK_gp058,0.0,0.0,0.0,0.0,0.0,0.0,3.912023005428146,1.3862943611198906,2.8903717578961645,7.002155954403621,4.74493212836325,6.57507584059962,7.616775808698373,6.933423025730715,6.782192056006791,5.424950017481403,5.8944028342648505,5.521460917862246,4.564348191467836,4.859812404361672,4.499809670330265,middle
gene-CPT_phageK_gp158,phage,gene-CPT_phageK_gp158,0.0,0.0,0.0,6.023447592961033,1.0986122886681098,1.3862943611198906,4.394449154672439,2.772588722239781,3.1354942159291497,6.716594773520978,5.697093486505405,6.99117688712121,7.81923445385907,7.79934339821592,7.931644021454311,9.592946185938265,9.329722128996263,10.463160481696102,10.553675038655937,10.479426532190532,10.166697613063421,late
gene-CPT_phageK_gp231,phage,gene-CPT_phageK_gp231,0.0,0.0,0.0,2.772588722239781,0.6931471805599453,0.0,4.07753744390572,2.302585092994046,2.70805020110221,7.2115567333138015,4.927253685157205,7.337587743538596,8.343553835005117,7.7354333524996886,7.843064016692054,7.29641326877392,7.59488438721652,7.336936913707618,6.663132695990803,6.893656354602635,6.07993319509559,middle
gene-CPT_phageK_gp163,phage,gene-CPT_phageK_gp163,0.0,0.6931471805599453,0.0,2.302585092994046,0.0,1.0986122886681098,5.529429087511423,2.6390573296152584,4.68213122712422,8.058010800802085,5.998936561946683,7.673223121121708,8.418697944667139,7.697575346802343,7.576097340623111,6.843749949006225,6.866933284461882,7.2399325913204695,6.52795791762255,6.135564891081739,6.577861357721047,middle
gene-CPT_phageK_gp116,phage,gene-CPT_phageK_gp116,0.0,0.0,0.0,5.181783550292085,0.6931471805599453,1.6094379124341003,1.791759469228055,1.791759469228055,1.3862943611198906,,3.6888794541139363,5.393627546352362,6.3578422665081,6.480044561926653,6.705639094860003,7.803843303538772,7.340186835320115,8.969287400118406,9.711842668281289,9.369052063131004,10.192568645901616,late
gene-CPT_phageK_gp043,phage,gene-CPT_phageK_gp043,0.0,0.0,0.0,2.302585092994046,0.0,2.1972245773362196,6.0014148779611505,3.8066624897703196,6.049733455231958,7.553810852008231,6.115892125483034,6.963189985870238,7.349873704738337,6.919683849847411,6.625392368007956,6.26530121273771,6.068425588244111,6.400257445308821,5.953243334287785,5.521460917862246,5.934894195619588,middle
gene-CPT_phageK_gp055,phage,gene-CPT_phageK_gp055,0.0,0.0,0.0,0.0,0.6931471805599453,0.0,4.060443010546419,2.1972245773362196,2.70805020110221,7.193685818395112,5.327876168789581,7.234898420314831,8.167068178341237,7.596894438144544,7.611842399580417,6.493753839851686,6.79794041297493,6.361302477572996,5.58724865840025,5.58724865840025,5.3230099791384085,middle
gene-CPT_phageK_gp076,phage,gene-CPT_phageK_gp076,0.0,0.0,0.0,1.9459101490553132,0.0,1.0986122886681098,4.836281906951478,3.044522437723423,3.784189633918261,7.522400231387125,5.846438775057725,7.646831391430482,8.279443487712665,8.058010800802085,7.807510042216193,6.699500340161678,7.091742115095153,6.891625897052253,6.030685260261263,6.0063531596017325,6.148468295917647,middle
gene-CPT_phageK_gt004,phage,tRNA-Asp,0.0,0.0,0.0,3.9512437185814275,0.0,0.6931471805599453,1.6094379124341003,1.791759469228055,2.0794415416798357,,2.995732273553991,5.176149732573829,6.133398042996649,6.042632833682381,6.3578422665081,8.267192185932146,7.6838639802564295,7.734996194022781,8.223090551161533,7.528869256642251,7.142036574706803,late
gene-CPT_phageK_gp057,phage,gene-CPT_phageK_gp057,0.0,0.0,0.0,0.0,0.0,0.0,3.784189633918261,1.3862943611198906,2.8903717578961645,6.88653164253051,4.9344739331306915,6.625392368007956,7.682482446534506,7.0925737159746784,6.950814768442584,5.564520407322694,6.07073772800249,5.53338948872752,4.820281565605037,4.762173934797756,4.718498871295094,middle
gene-CPT_phageK_gp056,phage,gene-CPT_phageK_gp056,0.0,0.0,0.0,0.0,0.0,0.0,3.6375861597263857,1.3862943611198906,1.9459101490553132,6.501289670540389,4.553876891600541,6.352629396319567,7.406103381237015,6.620073206530356,6.628041376179533,5.41610040220442,5.799092654460526,5.308267697401205,4.605170185988092,4.418840607796598,4.394449154672439,middle
gene-CPT_phageK_gp108,phage,gene-CPT_phageK_gp108,,0.0,0.0,2.5649493574615367,0.0,0.6931471805599453,3.9889840465642745,1.791759469228055,3.1780538303479458,6.646390514847729,5.075173815233827,7.117205503164344,7.915348169263078,7.699389406256737,7.872073979866873,7.369600720526409,7.559038255443384,7.662937850461535,7.220373836723949,7.2991214627108,7.059617628291383,middle
gene-CPT_phageK_gp080,phage,gene-CPT_phageK_gp080,,1.0986122886681098,0.0,4.110873864173311,1.0986122886681098,0.6931471805599453,4.553876891600541,3.091042453358316,3.58351893845611,8.109826276018477,5.991464547107982,8.315077007294104,9.673067592251142,8.894670262984233,9.234252192022495,9.141097469234023,9.000729834944558,8.948455992345542,8.553910774351401,8.304989580140361,7.824445930877619,middle
gene-CPT_phageK_gp183,phage,gene-CPT_phageK_gp183,0.0,0.6931471805599453,0.0,5.703782474656201,1.3862943611198906,0.6931471805599453,3.6109179126442243,1.3862943611198906,2.302585092994046,5.823045895483019,4.343805421853684,5.902633333401366,7.234177179749849,6.7650389767805414,7.357556200910353,9.55768189473384,9.440101975591968,10.437961341207826,10.298834982456007,10.394120673014172,9.958117773187244,late
gene-CPT_phageK_gp232,phage,gene-CPT_phageK_gp232,,0.0,0.0,2.772588722239781,0.0,0.0,3.6109179126442243,1.6094379124341003,2.5649493574615367,6.967909201801884,4.553876891600541,6.9985096422506015,8.172164452111904,7.385230923066573,7.560080465021827,7.206377291472252,7.337587743538596,7.126890808898808,6.715383386334681,6.771935555839602,5.860786223465865,middle
gene-CPT_phageK_gp153,phage,gene-CPT_phageK_gp153,0.0,0.0,0.0,3.295836866004329,0.0,0.0,4.204692619390966,1.6094379124341003,3.332204510175204,6.771935555839602,4.941642422609304,6.874198495453294,7.597396320212795,7.344719054149673,7.150701457592526,7.353081920515432,7.232733136177615,7.976938756959434,8.05579245097777,7.9919305198524775,7.854381210652365,late
gene-CPT_phageK_gp070,phage,gene-CPT_phageK_gp070,0.0,0.6931471805599453,0.0,4.0943445622221,1.3862943611198906,0.0,4.6913478822291435,2.9444389791664403,3.912023005428146,8.064007347096661,5.948034989180646,8.334711621820917,9.328567753340833,8.862058677395472,9.020268861722167,8.840290669088972,8.827614750837508,8.788745881938135,8.286773231131251,8.0861025356691,7.615298339825815,middle
gene-CPT_phageK_gp150,phage,gene-CPT_phageK_gp150,0.0,0.6931471805599453,,5.272999558563747,1.6094379124341003,1.0986122886681098,5.726847747587197,3.6888794541139363,4.653960350157523,8.93353229607628,7.01211529430638,9.141847375530883,10.07483241861645,9.704792681624228,9.672311829524654,9.48432911729596,9.510963348560765,9.787009914477434,9.913932810397666,9.768240403128102,9.514141826307847,middle
gene-CPT_phageK_gp197,phage,gene-CPT_phageK_gp197,,0.0,0.0,4.77912349311153,1.3862943611198906,0.6931471805599453,5.7745515455444085,3.4965075614664802,4.543294782270004,8.533656917446903,6.6052979209482015,9.053452616439039,9.867912187022208,9.52857589747142,9.769956159911606,9.53401680465134,9.67357111693449,9.825688160081716,9.176680170483548,9.225524507301223,8.707317560273212,middle
gene-CPT_phageK_gp124,phage,gene-CPT_phageK_gp124,0.0,0.6931471805599453,0.0,3.367295829986474,0.0,1.0986122886681098,4.762173934797756,2.772588722239781,3.6109179126442243,7.580699752224563,5.823045895483019,8.282230063296685,8.721765357145012,8.543445562560303,8.61104776688786,8.204945165019208,8.132706489693264,8.420462002456466,7.786136437783072,7.644440761556566,7.713784616598755,middle
gene-CPT_phageK_gp096,phage,gene-CPT_phageK_gp096,,1.6094379124341003,,4.07753744390572,1.791759469228055,1.6094379124341003,5.652489180268651,3.332204510175204,4.875197323201151,8.479698986988657,6.459904454377535,8.636574948436317,9.641927964229918,8.965334573804839,9.257987025443535,8.736328721332908,8.85609105525229,8.835210463664092,8.299285906897275,8.103191752285786,8.082093278178382,middle
gene-CPT_phageK_gp156,phage,gene-CPT_phageK_gp156,0.0,0.0,0.0,3.7612001156935624,1.3862943611198906,1.0986122886681098,4.219507705176107,2.1972245773362196,3.044522437723423,7.318539548567902,5.673323267171493,7.370860166536716,8.46884293047519,7.89655270164304,7.924072324923417,7.886457270977689,8.025516386489008,8.126813720726114,8.204671828950811,8.170468578330674,7.665284718471351,middle
gene-CPT_phageK_gp081,phage,gene-CPT_phageK_gp081,0.0,0.0,0.0,3.2188758248682006,0.6931471805599453,0.6931471805599453,4.143134726391533,2.6390573296152584,2.995732273553991,7.619233416226805,5.44673737166631,7.775695749915245,9.077722847361343,8.316789127071518,8.637639344492104,8.38662882139512,8.3654396361887,8.241966560231802,7.718240951959316,7.628031126930335,7.147559271189454,middle
gene-CPT_phageK_gp099,phage,gene-CPT_phageK_gp099,0.0,0.0,,2.3978952727983707,0.0,0.0,4.5217885770490405,2.302585092994046,3.6375861597263857,6.901737206656574,5.0689042022202315,7.138866999945524,7.9854843567338225,7.424165281042028,7.745002803515839,7.027314514039777,6.950814768442584,7.357556200910353,6.736966958001855,6.648984550024776,7.040536390215956,middle
gene-CPT_phageK_gp212,phage,gene-CPT_phageK_gp212,0.0,0.6931471805599453,,4.31748811353631,0.6931471805599453,1.3862943611198906,3.091042453358316,2.0794415416798357,1.9459101490553132,6.654152520183219,4.867534450455582,7.145196134997171,8.250620082174692,7.8804263442924,8.053887083618223,8.448485993406447,8.327726166461412,8.566554620953962,8.955060950631902,8.36474106822456,8.169053149927343,late
gene-CPT_phageK_gp215,phage,gene-CPT_phageK_gp215,0.0,0.0,0.0,3.871201010907891,0.0,0.6931471805599453,4.30406509320417,2.3978952727983707,3.091042453358316,7.148345743900068,5.049856007249537,7.4205789054108005,8.560827228436299,7.711101251840158,8.092239406724211,8.265392930852224,8.270269111436624,8.510772623613315,8.17413934342947,7.970394907191429,7.261225091971921,middle
gene-CPT_phageK_gp228,phage,gene-CPT_phageK_gp228,0.0,1.3862943611198906,0.0,2.302585092994046,0.0,0.6931471805599453,4.574710978503383,2.70805020110221,3.9889840465642745,7.1098794630722715,5.332718793265369,7.3098814858247865,7.937731775260109,7.5678626054638825,7.557472901614746,7.2305631534092925,7.0587581525186645,7.194436851100335,6.516193076042964,6.637258031284457,6.073044534100405,middle
gene-CPT_phageK_gp039,phage,gene-CPT_phageK_gp039,0.0,0.0,0.0,1.9459101490553132,1.0986122886681098,1.0986122886681098,5.262690188904886,2.8903717578961645,5.043425116919247,7.1731917424865985,5.298317366548036,6.289715570908998,7.1308988302963465,6.42648845745769,5.846438775057725,5.327876168789581,5.099866427824199,5.616771097666572,4.941642422609304,4.564348191467836,4.983606621708336,middle
gene-CPT_phageK_gp166,phage,gene-CPT_phageK_gp166,,0.0,0.0,,1.791759469228055,1.3862943611198906,3.6375861597263857,3.1780538303479458,2.8903717578961645,6.045005314036012,4.584967478670572,6.516193076042964,7.587817219993427,7.62657020629066,7.490529402060711,10.369043806854583,9.640172836532642,11.607226044390464,12.141859404816522,11.76703265652155,,late
gene-CPT_phageK_gp201,phage,gene-CPT_phageK_gp201,0.0,0.0,,3.044522437723423,1.0986122886681098,0.0,4.499809670330265,2.1972245773362196,3.784189633918261,7.4342573821331355,5.293304824724492,7.421177528595393,8.655562860681009,7.894318063841624,8.157657015196472,7.787382026484701,8.000014093678072,8.096208271650037,7.289610521451167,7.404887575616125,6.93537044601511,middle
gene-CPT_phageK_gp117,phage,gene-CPT_phageK_gp117,0.0,0.6931471805599453,0.0,4.564348191467836,0.0,1.0986122886681098,3.367295829986474,2.302585092994046,2.0794415416798357,7.072421900537371,5.298317366548036,7.711101251840158,9.054271186326293,8.657302899400882,9.001099725830965,9.20974019190415,9.316680407747508,9.46374151045109,9.178230318057949,9.23200401161221,8.494333897270154,late
gene-CPT_phageK_gp065,phage,gene-CPT_phageK_gp065,0.0,1.3862943611198906,0.0,3.2188758248682006,0.6931471805599453,0.6931471805599453,4.919980925828125,2.5649493574615367,4.04305126783455,8.14351740579748,6.169610732491456,8.29254851397576,9.243097936214355,8.853808274977197,8.891511570527564,8.304247465078474,8.518192691749322,8.32069157104845,7.582738488914411,7.720461694599722,7.123672785204607,middle
gene-CPT_phageK_gp223,phage,gene-CPT_phageK_gp223,0.0,0.0,0.0,2.4849066497880004,0.6931471805599453,0.0,3.912023005428146,1.791759469228055,2.0794415416798357,7.050122520269059,5.0238805208462765,7.080867896690782,8.442469645220301,7.739359202689098,7.892078421248119,7.44600149832412,7.762596048540069,7.422373700986824,6.855408798609928,7.078341579557671,6.1070228877422545,middle
gene-CPT_phageK_gp090,phage,gene-CPT_phageK_gp090,0.0,1.3862943611198906,0.0,2.9444389791664403,0.0,1.0986122886681098,5.308267697401205,3.091042453358316,4.532599493153256,8.268218880067506,6.317164686747284,8.31996102188653,9.166701914946353,8.770749549138642,8.639410824140487,7.61972421378267,7.861341795599989,7.761319180947987,7.134890851565884,7.0587581525186645,7.179307969504034,middle
gene-CPT_phageK_gp020,phage,gene-CPT_phageK_gp020,0.0,0.6931471805599453,,2.1972245773362196,1.0986122886681098,0.6931471805599453,5.529429087511423,3.8501476017100584,5.2832037287379885,7.382124365737512,6.453624998892692,7.232733136177615,7.544861068658458,7.491645473605133,7.31455283232408,6.324358962381311,6.4425401664681985,7.085064293952548,5.805134968916488,5.978885764901122,6.48768401848461,middle
gene-CPT_phageK_gp012,phage,gene-CPT_phageK_gp012,0.0,0.0,0.0,0.6931471805599453,0.0,1.791759469228055,4.634728988229636,2.3978952727983707,4.127134385045092,6.628041376179533,4.624972813284271,5.0106352940962555,6.118097198041348,5.0106352940962555,4.584967478670572,3.8918202981106265,3.828641396489095,4.290459441148391,3.912023005428146,3.4657359027997265,3.9889840465642745,middle
gene-CPT_phageK_gp050,phage,gene-CPT_phageK_gp050,0.0,0.0,0.0,1.6094379124341003,0.0,0.0,4.382026634673881,1.3862943611198906,3.4339872044851463,7.170119543449628,5.53338948872752,7.303843225277705,7.878534196140362,7.669028288589683,7.402451520818244,6.148468295917647,6.53813982376767,6.220590170099739,5.541263545158426,5.37989735354046,5.579729825986222,middle
gene-CPT_phageK_gp133,phage,gene-CPT_phageK_gp133,0.0,0.6931471805599453,0.0,4.882801922586371,1.6094379124341003,0.6931471805599453,4.8283137373023015,3.1354942159291497,3.7376696182833684,8.045908742270779,6.39024066706535,8.569595870209286,9.636000187369866,9.16837188715368,9.624633068687027,9.414178772232386,9.40738632416852,9.71063069382679,9.25320827220336,9.255313737618915,8.770128527538184,late
gene-CPT_phageK_gp195,phage,gene-CPT_phageK_gp195,0.0,0.6931471805599453,,6.171700597410915,2.302585092994046,2.0794415416798357,5.170483995038151,3.1780538303479458,4.1588830833596715,7.520776415062797,6.173786103901937,8.183676582620658,8.675563527387679,8.792245847467877,8.707152175339404,9.502263438685219,9.06009870864564,10.550040905213313,10.71435109986347,10.443570962369053,11.242061177444606,late
gene-CPT_phageK_gp202,phage,gene-CPT_phageK_gp202,,0.0,0.0,3.6635616461296463,0.6931471805599453,0.6931471805599453,4.882801922586371,2.8903717578961645,4.060443010546419,7.913521017283895,5.659482215759621,7.992268643270745,9.253974408996244,8.531490496117062,8.798756582859841,8.479491324232226,8.699848026000312,8.801168401936692,8.041734711487537,8.119398589612294,7.532623618788788,middle
gene-CPT_phageK_gp003,phage,gene-CPT_phageK_gp003,0.0,0.0,0.0,1.6094379124341003,0.0,1.0986122886681098,4.248495242049359,1.9459101490553132,3.2188758248682006,6.837332814685591,4.969813299576001,6.883462586413092,7.515889085215125,7.237778191923443,6.947937068614969,5.676753802268282,5.976350909297934,5.707110264748875,5.030437921392435,4.948759890378168,4.919980925828125,middle
gene-CPT_phageK_gp026,phage,gene-CPT_phageK_gp026,0.0,0.0,0.0,2.3978952727983707,0.6931471805599453,0.0,3.295836866004329,1.0986122886681098,1.9459101490553132,6.721425700790643,4.61512051684126,6.9440872082295275,8.26796230533871,7.509335266016592,7.925157512224703,7.529406457837013,7.645397699428633,7.724004656676065,7.109062135687172,7.313886831633462,6.333279628139691,middle
gene-CPT_phageK_gp051,phage,gene-CPT_phageK_gp051,0.0,0.0,0.0,1.0986122886681098,0.0,0.6931471805599453,4.143134726391533,1.9459101490553132,3.091042453358316,6.827629234502852,5.056245805348308,6.894670039433482,7.501082124259871,7.22983877815125,6.934397209928558,5.662960480135946,6.163314804034641,5.655991810819852,5.030437921392435,4.990432586778736,4.919980925828125,middle
gene-CPT_phageK_gp191,phage,gene-CPT_phageK_gp191,0.0,0.0,0.0,0.6931471805599453,0.6931471805599453,0.0,4.77912349311153,2.1972245773362196,3.8066624897703196,7.018401799069201,5.087596335232384,6.790097235513905,7.592870287844818,6.873163834212518,6.453624998892692,6.1070228877422545,5.771441123130016,6.315358001522335,5.768320995793772,5.10594547390058,6.095824562432225,middle
gene-CPT_phageK_gp087,phage,gene-CPT_phageK_gp087,0.0,0.6931471805599453,0.0,3.044522437723423,0.6931471805599453,0.0,5.209486152841421,2.995732273553991,4.23410650459726,7.984121958702927,6.293419278846481,8.122668023346407,8.889583991794973,8.56388591940822,8.53346016388011,7.466799475018602,7.671360923190644,7.735870319952567,6.843749949006225,6.953684210870537,7.068172000388042,middle
gene-CPT_phageK_gp044,phage,gene-CPT_phageK_gp044,,0.0,0.0,2.0794415416798357,0.0,1.3862943611198906,4.927253685157205,2.995732273553991,4.962844630259907,6.4425401664681985,5.147494476813453,6.077642243349034,6.297109319933935,6.144185634125646,5.7430031878094825,5.017279836814924,4.844187086458591,5.099866427824199,4.574710978503383,4.406719247264253,4.844187086458591,middle
gene-CPT_phageK_gp188,phage,gene-CPT_phageK_gp188,0.0,0.0,0.0,3.332204510175204,0.0,0.0,,0.6931471805599453,0.0,,,,,,,6.3784261836515865,5.429345628954441,7.380879035564116,8.37930948405285,7.4770384723196965,8.074960359115858,late
gene-CPT_phageK_gp113,phage,gene-CPT_phageK_gp113,,0.0,0.0,3.044522437723423,0.0,0.6931471805599453,4.852030263919617,2.4849066497880004,4.382026634673881,7.594381242551817,5.6240175061873385,7.8551570058813445,8.768574284141687,8.313116702819253,8.506738733512378,8.071218539969863,8.019612794400267,8.030084094267563,7.455876687491824,7.305860032684009,7.033506484287697,middle
gene-CPT_phageK_gp092,phage,gene-CPT_phageK_gp092,0.0,0.0,0.0,1.791759469228055,0.0,0.0,4.51085950651685,1.9459101490553132,3.871201010907891,7.304515946460155,5.476463551931511,7.299797366758161,7.9603236291488395,7.682021510826875,7.549082710812286,6.405228458030842,6.598509028614515,6.709304340258298,5.87493073085203,5.783825182329737,6.037870919922137,middle
gene-CPT_phageK_gp119,phage,gene-CPT_phageK_gp119,0.0,0.6931471805599453,0.0,5.313205979041787,1.9459101490553132,1.0986122886681098,4.68213122712422,3.2188758248682006,3.4965075614664802,8.09925056179696,6.501289670540389,8.767017621311778,9.870706063011749,9.700330435154035,10.026545540027982,10.036356225610552,10.139389369949,10.316193052299786,9.648272670221848,10.029811785869622,9.235813167949214,late
gene-CPT_phageK_gp118,phage,gene-CPT_phageK_gp118,0.0,0.0,0.0,4.04305126783455,0.6931471805599453,1.0986122886681098,2.4849066497880004,1.6094379124341003,2.302585092994046,6.652863029353347,4.875197323201151,7.218176838403408,8.535229553902337,8.183118079394745,8.533066540572527,8.613775289262481,8.73294952429643,8.896724917497897,8.345692873253865,8.60922527686273,7.857867559331803,late
gene-CPT_phageK_gp010,phage,gene-CPT_phageK_gp010,0.0,0.0,0.0,1.791759469228055,0.0,1.3862943611198906,5.087596335232384,2.6390573296152584,4.882801922586371,6.511745329644728,5.2574953720277815,6.07993319509559,6.230481447578482,6.126869184114185,5.683579767338681,4.962844630259907,4.77912349311153,5.075173815233827,4.709530201312334,4.219507705176107,4.718498871295094,middle
gene-CPT_phageK_gp164,phage,gene-CPT_phageK_gp164,0.0,0.0,0.0,0.0,0.0,0.0,3.367295829986474,0.6931471805599453,2.3978952727983707,5.7430031878094825,3.6375861597263857,5.0238805208462765,5.983936280687191,4.969813299576001,5.056245805348308,4.9344739331306915,4.465908118654584,4.812184355372417,4.59511985013459,4.189654742026425,4.143134726391533,middle
gene-CPT_phageK_gp168,phage,gene-CPT_phageK_gp168,0.0,0.0,0.0,6.035481432524756,1.0986122886681098,0.0,2.5649493574615367,1.3862943611198906,1.791759469228055,5.225746673713202,3.784189633918261,5.2832037287379885,6.559615237493242,6.274762021241939,6.210600077024653,9.214133170214879,8.55468163582723,10.257519005529442,10.801186523719151,10.243560441877241,10.816573153461334,late
gene-CPT_phageK_gp033,phage,gene-CPT_phageK_gp033,0.0,0.0,0.0,2.70805020110221,1.0986122886681098,1.6094379124341003,5.940171252720432,3.8066624897703196,5.736572297479192,7.898411092811599,6.393590753950631,7.501082124259871,8.231908243564177,7.532088143541722,7.411556287811163,6.948897222313312,6.806829360392176,7.165493475060845,6.326149473155099,6.091309882077698,6.520621127558696,middle
gene-CPT_phageK_gp175,phage,gene-CPT_phageK_gp175,0.0,0.0,0.0,6.18826412308259,1.0986122886681098,1.0986122886681098,2.6390573296152584,2.5649493574615367,2.6390573296152584,,3.6375861597263857,4.736198448394496,6.814542897259958,6.413458957167357,7.038783541388542,9.829302654346751,9.428993858017527,10.446102498791525,10.806976692573075,10.480353693878078,10.459124004835836,late
gene-CPT_phageK_gp101,phage,gene-CPT_phageK_gp101,0.0,0.6931471805599453,0.0,4.634728988229636,1.0986122886681098,1.791759469228055,5.66988092298052,3.258096538021482,4.727387818712341,8.646465527120377,6.410174881966167,8.990067695753655,9.958591078762153,9.316590491818841,9.649498121050817,9.447781227991216,9.453600226875217,9.520688614926875,9.187071745036828,9.070388411548738,8.727616178321068,middle
gene-CPT_phageK_gp139,phage,gene-CPT_phageK_gp139,0.0,0.0,0.0,2.5649493574615367,0.0,0.0,4.0943445622221,1.6094379124341003,3.4657359027997265,7.329093736246592,5.375278407684165,7.337587743538596,8.595819511871428,7.920083199053234,8.173293438966228,7.199678345691172,7.539027055823995,7.343426229147367,6.489204931325317,6.63200177739563,6.342121418721152,middle
gene-CPT_phageK_gp013,phage,gene-CPT_phageK_gp013,0.0,0.0,,1.791759469228055,0.0,0.0,3.6888794541139363,1.6094379124341003,3.58351893845611,6.194405391104672,4.406719247264253,6.504288173536645,7.413970290190444,6.63200177739563,6.92461239604856,6.728628613084702,6.400257445308821,6.831953565565855,6.20050917404269,5.662960480135946,5.808142489980444,middle
gene-CPT_phageK_gp137,phage,gene-CPT_phageK_gp137,,0.6931471805599453,0.0,3.2188758248682006,0.6931471805599453,0.0,4.584967478670572,1.791759469228055,3.4657359027997265,7.527255919373784,5.84354441703136,7.776115477098742,9.004791129062925,8.329175442077402,8.678291111758565,8.003363058629947,8.326516830239528,8.016647877057803,7.221835825288449,7.422373700986824,6.885509670034818,middle
gene-CPT_phageK_gp032,phage,gene-CPT_phageK_gp032,0.0,0.0,0.0,3.871201010907891,0.6931471805599453,0.0,2.0794415416798357,0.6931471805599453,0.0,4.804021044733257,3.044522437723423,5.560681631015528,6.5722825426940075,5.978885764901122,6.236369590203704,7.416378479192928,6.915723448631314,7.958576903813898,8.521981708148035,7.682943169878292,8.043342170441608,late
gene-CPT_phageK_gp112,phage,gene-CPT_phageK_gp112,,0.0,0.0,3.970291913552122,0.6931471805599453,0.0,5.402677381872279,2.5649493574615367,4.653960350157523,8.216088098632316,6.169610732491456,8.553525120663627,9.457044187699406,8.996156562033445,9.194617411510947,8.856945756159021,8.917444732471514,8.893572718629306,8.366602832783736,8.253227645581772,7.897668150726906,middle
gene-CPT_phageK_gp114,phage,gene-CPT_phageK_gp114,0.0,0.0,,4.454347296253507,1.0986122886681098,0.0,2.0794415416798357,0.0,0.6931471805599453,,2.6390573296152584,4.584967478670572,5.666426688112432,5.823045895483019,5.918893854273146,7.1316985104669115,6.740519359606223,8.157657015196472,9.138629524422182,8.684231891345675,9.497397249034046,late
gene-CPT_phageK_gp123,phage,gene-CPT_phageK_gp123,,0.6931471805599453,0.0,3.367295829986474,0.6931471805599453,1.3862943611198906,4.02535169073515,2.1972245773362196,2.9444389791664403,7.561121589530238,5.529429087511423,8.00736706798333,9.078635880978755,8.61323037961318,8.889583991794973,8.478660241699453,8.565411763686711,8.6328406149422,7.880048200971577,8.019941687677365,7.555905093611346,middle
gene-CPT_phageK_gp184,phage,gene-CPT_phageK_gp184,0.0,0.0,0.0,4.248495242049359,0.0,0.0,1.9459101490553132,0.6931471805599453,1.791759469228055,,2.4849066497880004,,6.1092475827643655,5.2574953720277815,6.139884552226255,8.043663352393944,7.9603236291488395,8.837681215593197,8.699348067653093,8.755264763314685,8.294299608857235,late
gene-CPT_phageK_gp227,phage,gene-CPT_phageK_gp227,0.0,0.0,0.0,4.110873864173311,1.6094379124341003,0.6931471805599453,2.3978952727983707,1.0986122886681098,0.6931471805599453,,2.995732273553991,,5.455321115357702,5.176149732573829,5.117993812416755,6.643789733147672,5.726847747587197,7.303843225277705,8.822764296703758,7.5485559791698735,8.522578663692576,late
gene-CPT_phageK_gp182,phage,gene-CPT_phageK_gp182,0.0,0.0,0.0,5.736572297479192,0.0,1.0986122886681098,4.5217885770490405,2.3978952727983707,3.58351893845611,6.893656354602635,5.153291594497779,7.422971251049421,8.81936971001847,8.103191752285786,8.786456678344,9.960907043403614,9.648337205086833,10.319496874519963,10.299844641613564,10.078154890393224,9.602247315485496,late
gene-CPT_phageK_gp162,phage,gene-CPT_phageK_gp162,0.0,0.0,0.0,1.791759469228055,0.0,0.0,4.553876891600541,1.9459101490553132,3.5263605246161616,7.187657164114956,5.123963979403259,6.942156705699469,7.739359202689098,6.8966943316227125,6.827629234502852,6.192362489474872,6.144185634125646,6.376726947898627,5.937536205082426,5.37989735354046,5.572154032177765,middle
gene-CPT_phageK_gp159,phage,gene-CPT_phageK_gp159,0.0,0.0,0.0,5.641907070938114,1.0986122886681098,0.0,2.4849066497880004,1.3862943611198906,2.3978952727983707,4.969813299576001,4.143134726391533,5.537334267018537,6.616065185132817,6.635946555686647,7.02197642307216,9.279306576440906,8.881697406469304,10.145570613669733,10.182330676320705,10.007487142554613,9.785041797329646,late
gene-CPT_phageK_gp006,phage,gene-CPT_phageK_gp006,0.0,0.0,0.0,0.6931471805599453,0.0,0.0,3.8918202981106265,1.3862943611198906,2.8903717578961645,6.687108607866515,5.111987788356544,6.926577033222725,7.455876687491824,7.3752557780097545,7.063903961472068,5.808142489980444,6.161207321695077,5.6240175061873385,5.049856007249537,4.897839799950911,4.7535901911063645,middle
gene-CPT_phageK_gp028,phage,gene-CPT_phageK_gp028,,0.0,0.0,3.091042453358316,0.6931471805599453,0.6931471805599453,4.110873864173311,2.0794415416798357,2.995732273553991,7.416979621381154,5.278114659230517,7.471932078245122,8.784774592161016,8.043663352393944,8.394347361417392,7.839525581704678,8.03073492409854,8.080546965824498,7.3453648404168685,7.633369649679584,6.71901315438526,middle
gene-CPT_phageK_gp143,phage,gene-CPT_phageK_gp143,,1.0986122886681098,0.0,5.0689042022202315,2.1972245773362196,1.3862943611198906,5.545177444479562,3.5553480614894135,4.897839799950911,8.191463051326927,6.583409222158765,8.589699882202986,9.637371257998907,9.150484204822817,9.557328550325371,9.530610634021116,9.50218875329738,9.978826909081944,9.717157974344635,9.725914702764378,9.317848579691468,late
gene-CPT_phageK_gp079,phage,gene-CPT_phageK_gp079,0.0,0.0,0.0,1.0986122886681098,0.0,1.0986122886681098,4.718498871295094,2.1972245773362196,3.9512437185814275,6.97914527506881,5.267858159063328,7.075808863978387,7.398174092970465,7.126890808898808,6.92461239604856,5.834810737062605,5.961005339623274,6.234410725718371,5.351858133476067,5.111987788356544,5.680172609017068,middle
gene-CPT_phageK_gp173,phage,gene-CPT_phageK_gp173,,0.0,,,,1.6094379124341003,4.07753744390572,3.4011973816621555,3.1780538303479458,5.659482215759621,4.762173934797756,6.091309882077698,7.294377299288821,7.4360278163518485,7.752764808851328,11.367020693996821,10.625295073589285,,12.74608030153968,12.302731914903793,,late
gene-CPT_phageK_gp130,phage,gene-CPT_phageK_gp130,,1.0986122886681098,0.0,4.812184355372417,0.0,0.6931471805599453,3.5553480614894135,2.6390573296152584,2.302585092994046,7.400009517162692,5.598421958998375,8.08886878916199,9.291090521661292,9.032528630660057,9.336091577281744,9.378055776380775,9.551586907757695,9.583695426166113,9.3940775929113,9.457590998633625,8.783549477153265,late
gene-CPT_phageK_gp027,phage,gene-CPT_phageK_gp027,0.0,0.0,0.0,3.044522437723423,0.6931471805599453,0.0,3.2188758248682006,1.791759469228055,1.9459101490553132,6.951772164398911,4.624972813284271,6.9782137426306985,8.35490952835879,7.504391559161238,7.8674885686991285,7.426549072397305,7.559038255443384,7.61972421378267,6.947937068614969,7.208600337960199,6.375024819828097,middle
gene-CPT_phageK_gp094,phage,gene-CPT_phageK_gp094,0.0,0.0,0.0,3.044522437723423,0.6931471805599453,0.0,3.6375861597263857,0.6931471805599453,2.995732273553991,6.883462586413092,4.7535901911063645,6.97166860472579,8.08825472712243,7.3310603052186325,7.562681246721884,7.532088143541722,7.342131730584722,7.440146680662688,7.3613754289773485,6.947937068614969,6.630683385642372,middle
gene-CPT_phageK_gp082,phage,gene-CPT_phageK_gp082,,0.0,0.0,3.7612001156935624,0.6931471805599453,1.0986122886681098,5.049856007249537,3.332204510175204,4.110873864173311,8.363342466597977,6.267200548541362,8.440528106480752,9.711115659888671,9.065083359319043,9.281078386481525,8.796641458940915,8.863898604317479,8.654168646443315,8.074649075066652,8.112827478751374,7.532088143541722,middle
gene-CPT_phageK_gp047,phage,gene-CPT_phageK_gp047,0.0,0.0,0.0,1.0986122886681098,0.0,0.0,3.7612001156935624,2.0794415416798357,2.3978952727983707,6.68586094706836,4.859812404361672,6.940222469119639,7.6251071482389,7.480992162869525,7.20934025660291,6.0867747269123065,6.371611847231857,5.872117789475416,5.4680601411351315,5.337538079701318,4.969813299576001,middle
gene-CPT_phageK_gt001,phage,tRNA-Met,0.0,0.0,0.0,2.9444389791664403,0.0,0.6931471805599453,3.58351893845611,1.3862943611198906,2.9444389791664403,5.777652323222656,4.564348191467836,6.693323668269949,6.756932389247553,6.807934943699926,6.98100574072173,7.731930721948486,7.037905963447182,7.912423121473705,7.762596048540069,7.297091005160418,7.1770187659099,late
gene-CPT_phageK_gt003,phage,tRNA-Phe,0.0,0.0,0.0,3.784189633918261,0.0,0.6931471805599453,,1.0986122886681098,1.791759469228055,,3.091042453358316,5.099866427824199,6.3578422665081,6.0014148779611505,6.391917113392602,8.19836438996762,7.532088143541722,7.668093709082406,8.20166019080868,7.432483807917119,7.017506142941256,late
gene-CPT_phageK_gp016,phage,gene-CPT_phageK_gp016,0.0,0.0,,3.091042453358316,1.0986122886681098,2.1972245773362196,6.674561391814426,4.330733340286331,6.42648845745769,8.209852481301272,6.842683282238422,7.781138509845015,8.224967478914584,7.878155336503324,7.503840746698951,6.9975959829819265,6.625392368007956,7.450079569807499,6.51471269087253,6.131226489483141,6.8658910748834385,middle
gene-CPT_phageK_gp233,phage,gene-CPT_phageK_gp233,0.0,0.0,0.0,3.4339872044851463,0.0,0.0,4.060443010546419,1.6094379124341003,2.8903717578961645,7.581209826196346,5.3230099791384085,7.727094484779841,8.769351707798972,8.010359588919783,8.253748343328501,8.09009578318096,8.029758520440822,7.939515260662406,7.696667081526462,7.539027055823995,6.71901315438526,middle
gene-CPT_phageK_gp022,phage,gene-CPT_phageK_gp022,0.0,0.6931471805599453,0.0,3.6109179126442243,0.6931471805599453,1.0986122886681098,1.9459101490553132,0.0,1.0986122886681098,6.040254711277414,3.713572066704308,6.690842277418564,8.159946655578548,7.318539548567902,8.104703468371108,8.084254106307318,7.853993087224244,8.189799618728228,7.716460800176355,7.720905251936779,6.921658184151129,late
gene-CPT_phageK_gp115,phage,gene-CPT_phageK_gp115,0.0,0.0,,5.10594547390058,1.3862943611198906,0.0,2.9444389791664403,1.9459101490553132,1.0986122886681098,,3.5553480614894135,5.303304908059076,6.418364935936212,6.532334292222349,6.668228248417403,7.781138509845015,7.362645270417825,8.932212512329214,9.71456425210761,9.388904879892426,10.229151590440738,late
gene-CPT_phageK_gp102,phage,gene-CPT_phageK_gp102,0.0,0.6931471805599453,0.0,4.219507705176107,0.6931471805599453,1.3862943611198906,5.627621113690637,3.1780538303479458,4.890349128221754,8.442685139241176,6.240275845170769,8.664232934065552,9.654064192201437,8.978408314628894,9.290075339995036,8.979164648964709,8.94389780251682,9.048409504829962,8.616857514529183,8.597297435657898,8.349484346990128,middle
gene-CPT_phageK_gp035,phage,gene-CPT_phageK_gp035,0.0,0.0,,1.791759469228055,1.0986122886681098,1.6094379124341003,5.598421958998375,4.02535169073515,5.313205979041787,7.348587530927593,6.418364935936212,6.951772164398911,7.409741954080923,7.346010209913293,7.134890851565884,6.093569770045136,6.300785794663244,6.887552571664617,5.5134287461649825,5.752572638825633,6.366470447731438,middle
gene-CPT_phageK_gp071,phage,gene-CPT_phageK_gp071,0.0,0.6931471805599453,0.0,2.995732273553991,0.0,0.6931471805599453,4.605170185988092,2.4849066497880004,3.8501476017100584,7.86940171257709,5.849324779946859,8.077136638538454,9.031333316150057,8.612139668725192,8.702344075220351,8.19229373114764,8.325306029752582,8.239593454305968,7.461065514354283,7.424761761823209,7.069023426578259,middle
gene-CPT_phageK_gp214,phage,gene-CPT_phageK_gp214,0.0,0.6931471805599453,0.0,2.6390573296152584,0.0,0.6931471805599453,3.091042453358316,1.9459101490553132,2.0794415416798357,6.828712071641684,4.553876891600541,7.007600613951853,8.187299270155147,7.5406215286571525,7.736743682453495,7.323830566202317,7.696667081526462,7.471932078245122,6.833031732786201,7.074963197966044,6.22455842927536,middle
gene-CPT_phageK_gp095,phage,gene-CPT_phageK_gp095,0.0,0.0,0.0,3.9889840465642745,1.0986122886681098,0.6931471805599453,4.48863636973214,2.4849066497880004,3.5553480614894135,7.497207223203318,5.424950017481403,7.649692623711514,8.857941984804711,8.09009578318096,8.420241665339788,8.503094267036737,8.27052509505507,8.386400901166214,8.308199063206446,7.883069351305753,7.516433302915632,middle
gene-CPT_phageK_gp207,phage,gene-CPT_phageK_gp207,0.0,0.0,0.0,1.0986122886681098,0.0,0.0,3.091042453358316,1.791759469228055,1.791759469228055,6.059123195581797,4.0943445622221,6.0063531596017325,7.170888478512505,6.582025138892826,6.61472560020376,6.2324480165505225,6.423246963533519,6.2285110035911835,5.908082938168931,5.7899601708972535,5.1647859739235145,middle
gene-CPT_phageK_gp151,phage,gene-CPT_phageK_gp151,0.0,0.0,0.0,4.204692619390966,0.6931471805599453,1.0986122886681098,4.844187086458591,2.4849066497880004,3.7612001156935624,7.698029170272805,5.940171252720432,7.884952945759814,8.695339376799712,8.39660622842712,8.316544717929398,8.211482916445066,8.129174996911793,8.730367211692958,8.839131752546109,8.72891172506098,8.546751993657782,late
gene-CPT_phageK_gp004,phage,gene-CPT_phageK_gp004,0.0,0.0,0.0,1.6094379124341003,0.0,0.0,4.430816798843313,2.1972245773362196,3.4965075614664802,7.156176637480615,5.375278407684165,7.318539548567902,7.8826922062890254,7.729295674310482,7.450660796211539,6.202535517187923,6.42648845745769,6.171700597410915,5.44673737166631,5.424950017481403,5.438079308923196,middle
gene-CPT_phageK_gp200,phage,gene-CPT_phageK_gp200,0.0,0.0,,2.772588722239781,0.0,0.0,4.663439094112067,1.9459101490553132,3.9318256327243257,7.4127640174265625,5.14166355650266,7.255591274253665,8.560635749259074,7.696667081526462,7.915348169263078,7.583756300707112,7.734996194022781,7.768533300926033,7.080867896690782,7.068172000388042,6.536691597591305,middle
gene-CPT_phageK_gp148,phage,gene-CPT_phageK_gp148,,,,7.057036981697891,2.6390573296152584,2.4849066497880004,6.0014148779611505,4.709530201312334,4.700480365792417,9.133459327640225,7.538494999413465,9.96843224117651,10.880835753711198,,11.05377472944226,11.39471608844349,11.212752370173659,11.741724991060595,11.555304646445313,11.642593153092266,11.404727594492241,early
gene-CPT_phageK_gp036,phage,gene-CPT_phageK_gp036,0.0,0.0,,2.772588722239781,0.6931471805599453,,6.502790045915623,4.787491742782046,6.163314804034641,8.09101504171053,7.095893221097532,7.720905251936779,8.167919362957816,8.075271546297458,7.820840879907344,7.466799475018602,7.172424577124845,7.842671474979457,6.849066282633458,6.816735880594968,7.151485463904735,middle
gene-CPT_phageK_gp190,phage,gene-CPT_phageK_gp190,0.0,0.0,0.0,3.6375861597263857,0.6931471805599453,0.0,,0.6931471805599453,0.0,,,,,,,6.293419278846481,5.214935757608986,7.302496423727326,8.50045386741194,7.462789157412448,8.176391596633795,late
gene-CPT_phageK_gp210,phage,gene-CPT_phageK_gp210,,0.0,0.0,4.553876891600541,0.6931471805599453,0.6931471805599453,3.713572066704308,2.1972245773362196,2.3978952727983707,7.155396301896734,5.159055299214529,7.532088143541722,8.712430973476739,8.288534459413917,8.491465042843506,8.546363568716018,8.655737000864297,8.762333040602343,9.02905827475689,8.508354242749032,8.326274787396764,late
gene-CPT_phageK_gp176,phage,gene-CPT_phageK_gp176,0.0,0.0,0.0,5.68697535633982,0.6931471805599453,1.0986122886681098,2.995732273553991,2.0794415416798357,2.302585092994046,5.8998973535824915,4.2626798770413155,6.18826412308259,7.365812837209472,6.933423025730715,7.4821189235521155,9.485165142425407,9.276221741089696,10.299575498831695,10.244591901483902,10.226874549608686,9.96843224117651,late
gene-CPT_phageK_gp024,phage,gene-CPT_phageK_gp024,0.0,0.0,0.0,2.70805020110221,0.0,0.6931471805599453,1.9459101490553132,1.3862943611198906,0.6931471805599453,6.129050210060545,3.8066624897703196,6.429719478039138,8.178077463849608,7.168579897264035,7.793999089503996,7.5678626054638825,7.564238475170491,7.669495251007694,7.254177846456518,7.3427791893318455,6.364750756851911,middle
gene-CPT_phageK_gp172,phage,gene-CPT_phageK_gp172,0.0,0.0,0.0,3.295836866004329,0.0,0.0,1.9459101490553132,1.0986122886681098,1.0986122886681098,,2.4849066497880004,,,,4.8283137373023015,6.901737206656574,6.507277712385012,7.740229524763182,7.953318346560431,7.747164966520335,7.903596289614301,late
gene-CPT_phageK_gp230,phage,gene-CPT_phageK_gp230,0.0,0.0,0.0,3.1354942159291497,0.6931471805599453,0.6931471805599453,5.231108616854587,2.995732273553991,4.127134385045092,8.029758520440822,5.823045895483019,8.018954683155718,9.018332049592685,8.356319965828153,8.480944058741116,7.964503363551548,8.146129510025405,7.878912912297133,7.366445148327599,7.4570320891223805,6.698268054115413,middle
gene-CPT_phageK_gp205,phage,gene-CPT_phageK_gp205,0.0,0.0,0.0,4.31748811353631,1.3862943611198906,1.3862943611198906,5.135798437050262,2.9444389791664403,4.1588830833596715,8.230843564198235,6.248042874508429,8.406485069431817,9.678717679477334,9.038246335337664,9.337325383730672,9.105424202026622,9.327323087461798,9.449121024069791,8.742414582525413,8.92399074475818,8.30795254527102,middle
gene-CPT_phageK_gp045,phage,gene-CPT_phageK_gp045,0.0,0.0,0.0,1.791759469228055,0.0,1.791759469228055,5.634789603169249,3.295836866004329,5.187385805840755,7.4109518755836366,5.4510384535657,6.061456918928017,7.277938572945661,6.135564891081739,5.517452896464707,5.351858133476067,4.875197323201151,5.476463551931511,4.882801922586371,4.143134726391533,4.976733742420574,middle
gene-CPT_phageK_gp178,phage,gene-CPT_phageK_gp178,0.0,0.0,0.0,2.833213344056216,0.0,0.0,1.6094379124341003,0.0,0.6931471805599453,,,,,,4.499809670330265,6.5337888379333435,6.274762021241939,7.132497551660044,7.642524134232902,7.095064377287131,7.146772179452637,late
gene-CPT_phageK_gp138,phage,gene-CPT_phageK_gp138,,0.6931471805599453,0.0,3.871201010907891,1.0986122886681098,0.6931471805599453,5.583496308781699,2.9444389791664403,4.553876891600541,8.758569510991506,6.8001700683022,8.889859587773016,10.196679418161507,9.478380804172675,9.875705171523677,9.017726025696795,9.306377560173125,9.076694687106265,8.201385955238608,8.438149984075784,7.989560449333865,middle
gene-CPT_phageK_gp199,phage,gene-CPT_phageK_gp199,0.0,0.0,,4.875197323201151,0.6931471805599453,0.6931471805599453,5.153291594497779,2.3978952727983707,3.5553480614894135,7.355001921105257,5.765191102784844,8.062747901086354,8.138272638530186,8.127995055771946,8.325548307161398,9.348448774093812,8.757154527656606,9.583626581720113,9.643031466337938,8.788745881938135,8.860215358901183,late
gene-CPT_phageK_gp145,phage,gene-CPT_phageK_gp145,0.0,0.0,0.0,4.060443010546419,0.0,0.6931471805599453,1.9459101490553132,1.791759469228055,1.791759469228055,5.940171252720432,3.9318256327243257,6.558197802812269,8.132706489693264,7.781138509845015,8.162516250140179,8.432288684325794,8.432070937999402,8.743372131273969,8.601901919343192,8.759668671029939,8.412277021466677,late
gene-CPT_phageK_gp220,phage,gene-CPT_phageK_gp220,,0.0,0.0,3.6375861597263857,1.0986122886681098,1.0986122886681098,5.783825182329737,3.258096538021482,4.875197323201151,8.388905171114706,6.803505257608338,8.750207862525711,9.61707134520558,9.265112607823163,9.377886643187983,8.671115273688494,8.857799727175905,8.576593534697684,7.7886260656250315,7.965545573129992,7.434847875211999,middle
gene-CPT_phageK_gp125,phage,gene-CPT_phageK_gp125,,1.6094379124341003,,5.293304824724492,1.6094379124341003,2.4849066497880004,6.532334292222349,4.330733340286331,5.537334267018537,,7.757478766584179,,10.950648639613158,10.524547794201172,10.745550305055986,10.26339725898479,10.332441296713197,10.355263563507542,9.60008251961911,9.773492755919941,9.385553389532843,middle
gene-CPT_phageK_gp052,phage,gene-CPT_phageK_gp052,0.0,0.0,0.0,1.6094379124341003,0.0,0.0,4.143134726391533,1.3862943611198906,3.091042453358316,6.54534966033442,4.574710978503383,6.630683385642372,7.346010209913293,6.8885724595653635,6.643789733147672,5.908082938168931,6.008813185442595,5.697093486505405,5.442417710521793,4.927253685157205,4.77912349311153,middle
gene-CPT_phageK_gp154,phage,gene-CPT_phageK_gp154,0.0,1.0986122886681098,0.0,3.8501476017100584,0.0,0.6931471805599453,4.9344739331306915,2.4849066497880004,3.828641396489095,7.00669522683704,5.5053315359323625,7.144407180321139,7.687997166393016,7.522400231387125,7.3938782901077555,7.7886260656250315,7.468513271496337,8.503499864284235,8.420021279663963,8.399760094524142,8.384575666801398,late
gene-CPT_phageK_gp141,phage,gene-CPT_phageK_gp141,,1.0986122886681098,0.0,5.1298987149230735,1.3862943611198906,1.6094379124341003,5.805134968916488,3.7376696182833684,4.919980925828125,8.580355766373877,6.8966943316227125,8.955577146281511,9.903637541287253,9.473857817428666,9.766922993079902,9.517972119735584,9.613135251528469,9.920393832602487,9.607168286688683,9.726750374036074,9.242710752006634,late
gene-CPT_phageK_gp064,phage,gene-CPT_phageK_gp064,,0.6931471805599453,0.0,4.770684624465665,0.0,1.6094379124341003,5.676753802268282,3.6109179126442243,4.770684624465665,8.812099108957337,7.044905117129371,9.365376374075716,10.107978215351128,9.925004395998378,10.02791513091118,9.718963572186974,9.819072801393764,9.755509449764629,9.015055148790369,9.228573140237243,8.550434525196039,middle
gene-CPT_phageK_gp017,phage,gene-CPT_phageK_gp017,0.0,0.0,,1.9459101490553132,0.0,1.6094379124341003,5.700443573390687,3.8501476017100584,5.583496308781699,7.289610521451167,6.246106765481563,6.714170529909472,7.175489713624222,7.047517221357296,6.70196036600254,5.683579767338681,5.733341276897746,6.455198563340122,5.262690188904886,5.37989735354046,6.040254711277414,middle
gene-CPT_phageK_gp127,phage,gene-CPT_phageK_gp127,0.0,0.0,0.0,4.110873864173311,0.6931471805599453,0.6931471805599453,3.912023005428146,1.6094379124341003,3.367295829986474,6.171700597410915,4.290459441148391,6.466144724237619,7.074116816197362,6.744059186311348,7.122866658599083,8.246958032568177,7.964503363551548,8.79920924224139,8.720623711420426,8.65591111072806,7.958227192322312,late
gene-CPT_phageK_gp196,phage,gene-CPT_phageK_gp196,,0.0,,3.4339872044851463,0.0,0.6931471805599453,4.77912349311153,2.9444389791664403,3.7612001156935624,7.437206366871292,5.683579767338681,7.939871576361883,8.694669696546992,8.40357646462927,8.582418976333944,8.270781013162674,8.447199819595703,8.542470998600505,7.9211727215870145,7.913886714856082,7.421775793644647,middle
gene-CPT_phageK_gp077,phage,gene-CPT_phageK_gp077,0.0,0.0,0.0,0.6931471805599453,0.0,0.6931471805599453,4.248495242049359,1.3862943611198906,3.4657359027997265,6.721425700790643,5.272999558563747,6.829793737512425,7.327123292259293,7.215239978730097,6.8679744089702925,5.877735781779639,6.1224928095143865,6.030685260261263,5.198497031265826,5.043425116919247,5.365976015021851,middle
gene-CPT_phageK_gp091,phage,gene-CPT_phageK_gp091,0.0,0.0,0.0,2.1972245773362196,0.0,0.0,5.170483995038151,3.1354942159291497,4.584967478670572,8.155936337972394,6.12029741895095,8.183118079394745,8.990067695753655,8.57035473953047,8.450839690866216,7.332369205929062,7.667158255319148,7.598399329323964,6.853299093186078,6.80903930604298,6.949856455000773,middle
gene-CPT_phageK_gp222,phage,gene-CPT_phageK_gp222,0.0,0.0,0.0,2.4849066497880004,0.0,0.0,4.0943445622221,1.0986122886681098,2.70805020110221,7.3758821482150125,5.438079308923196,7.421177528595393,8.706324840138741,8.097730573664219,8.222016437202196,7.5688956634069955,7.937017489515454,7.487733761436444,6.816735880594968,7.194436851100335,6.180016653652572,middle
gene-CPT_phageK_gp161,phage,gene-CPT_phageK_gp161,0.0,0.6931471805599453,0.0,3.5263605246161616,1.0986122886681098,1.3862943611198906,5.66988092298052,3.044522437723423,4.624972813284271,8.48590890137647,6.1092475827643655,8.401557847817314,9.522519916028351,8.455104999102815,8.559677803022392,8.689801056022553,8.267705664762426,8.333510708982942,8.158516244806831,7.508238774678663,7.440733707389261,middle
gene-CPT_phageK_gp170,phage,gene-CPT_phageK_gp170,0.0,0.0,0.0,4.718498871295094,1.0986122886681098,0.0,2.833213344056216,1.0986122886681098,1.0986122886681098,5.099866427824199,3.4657359027997265,4.90527477843843,6.338594078203183,6.0112671744041615,6.173786103901937,8.330381569349418,8.012349639327795,9.11007795003779,9.300455261418444,9.143345503151904,9.206131527202128,late
gene-CPT_phageK_gp107,phage,gene-CPT_phageK_gp107,,0.6931471805599453,0.0,3.6635616461296463,0.0,0.0,4.0943445622221,2.5649493574615367,3.091042453358316,7.2399325913204695,5.638354669333745,7.676473646389156,8.630878955820053,8.309184527686298,8.571870752706934,8.064321960910803,8.23217423638394,8.370547611074752,7.77485576666552,7.9909154630913255,7.693481640835175,middle
gene-CPT_phageK_gp103,phage,gene-CPT_phageK_gp103,,0.6931471805599453,0.0,3.367295829986474,0.0,1.0986122886681098,3.332204510175204,1.6094379124341003,1.6094379124341003,6.45833828334479,4.6913478822291435,6.802394763324311,8.027150106832774,7.59890045687141,7.953669778649798,7.8551570058813445,7.943782692458625,8.245121966478605,8.190354403763262,8.198089248956116,8.10076824307173,late
gene-CPT_phageK_gp049,phage,gene-CPT_phageK_gp049,0.0,0.0,0.0,1.0986122886681098,0.0,0.6931471805599453,4.143134726391533,1.9459101490553132,3.1354942159291497,6.914730892718563,5.225746673713202,7.140453043101158,7.6586995582682995,7.5485559791698735,7.242082359256962,6.035481432524756,6.395261598115449,5.932245187448011,5.2832037287379885,5.0689042022202315,5.501258210544727,middle
gene-CPT_phageK_gp219,phage,gene-CPT_phageK_gp219,0.0,0.0,0.0,2.833213344056216,0.0,0.6931471805599453,5.351858133476067,2.8903717578961645,4.61512051684126,7.771910256435763,6.0844994130751715,8.06777619577889,8.83579236650274,8.46168048148598,8.53503310954457,7.47477218239787,7.701200180857446,7.519149957669823,6.536691597591305,6.643789733147672,6.467698726104354,middle
gene-CPT_phageK_gp005,phage,gene-CPT_phageK_gp005,0.0,0.6931471805599453,0.0,1.0986122886681098,0.0,0.0,4.07753744390572,2.0794415416798357,3.4657359027997265,6.953684210870537,5.25227342804663,7.1308988302963465,7.637234388789473,7.579678823090456,7.22402480828583,6.052089168924417,6.343880434126331,5.932245187448011,5.267858159063328,5.1298987149230735,5.204006687076795,middle
gene-CPT_phageK_gp037,phage,gene-CPT_phageK_gp037,0.0,0.0,0.0,1.791759469228055,0.0,2.3978952727983707,5.683579767338681,3.6888794541139363,5.572154032177765,7.32052696227274,6.148468295917647,6.725033642166843,7.1808311990445555,7.01301578963963,6.61472560020376,5.683579767338681,5.805134968916488,6.516193076042964,5.332718793265369,5.214935757608986,6.059123195581797,middle
gene-CPT_phageK_gp131,phage,gene-CPT_phageK_gp131,0.0,0.6931471805599453,,5.54907608489522,1.3862943611198906,0.6931471805599453,5.003946305945459,3.332204510175204,4.07753744390572,8.483429561263428,6.840546529288687,9.038127549330516,10.159291886089886,9.903137491271833,10.135432259803407,10.035567892893337,10.190957102406585,10.19144458718234,9.99606673382922,10.075464117275093,9.366317953430535,late
gene-CPT_phageK_gp073,phage,gene-CPT_phageK_gp073,,0.0,0.0,1.6094379124341003,0.6931471805599453,0.6931471805599453,3.828641396489095,2.302585092994046,3.1354942159291497,6.856461984594587,5.056245805348308,7.087573705557973,7.862112211662748,7.555381944240273,7.5883236773352225,6.804614520062624,6.855408798609928,6.840546529288687,6.054439346269371,6.035481432524756,5.8998973535824915,middle
gene-CPT_phageK_gp062,phage,gene-CPT_phageK_gp062,0.0,0.0,0.0,1.6094379124341003,0.6931471805599453,0.6931471805599453,4.890349128221754,2.5649493574615367,4.204692619390966,7.681560362559537,5.736572297479192,7.578656850594762,8.380456667842767,7.919356190660617,7.920083199053234,6.677083461247136,7.026426808699636,6.7226297948554485,5.811140992976701,5.958424693029782,5.634789603169249,middle
gene-CPT_phageK_gp054,phage,gene-CPT_phageK_gp054,0.0,0.6931471805599453,0.0,2.302585092994046,0.0,0.0,4.174387269895637,2.302585092994046,2.995732273553991,7.3758821482150125,5.438079308923196,7.421177528595393,8.36240897761537,7.884576510596324,7.791109510610028,6.655440350367647,7.00850518208228,6.486160788944089,5.924255797414532,5.8289456176102075,5.4116460518550396,middle
gene-CPT_phageK_gp132,phage,gene-CPT_phageK_gp132,,0.0,0.0,4.04305126783455,0.0,1.0986122886681098,3.5553480614894135,2.302585092994046,2.995732273553991,7.284134806195205,5.493061443340548,7.659171367666058,8.830835365537549,8.370547611074752,8.661293535389994,8.48528964240323,8.576970395452099,8.67214355141406,8.510168576479273,8.438799123988225,7.932721027481948,middle
gene-CPT_phageK_gp192,phage,gene-CPT_phageK_gp192,0.0,0.0,0.0,5.043425116919247,0.0,0.6931471805599453,3.091042453358316,1.3862943611198906,1.9459101490553132,5.932245187448011,3.912023005428146,6.3578422665081,8.099857910737585,7.10085190894405,7.7102051944325325,9.508888197738269,8.77043908654689,9.126306376366173,9.54287630006159,8.719807451477955,8.05579245097777,late
gene-CPT_phageK_gp042,phage,gene-CPT_phageK_gp042,0.0,0.0,0.0,0.6931471805599453,0.0,1.3862943611198906,4.672828834461906,2.4849066497880004,4.442651256490317,6.6052979209482015,4.418840607796598,5.087596335232384,6.240275845170769,4.90527477843843,4.718498871295094,3.7376696182833684,4.127134385045092,4.290459441148391,3.6109179126442243,3.295836866004329,3.9318256327243257,middle
gene-CPT_phageK_gp217,phage,gene-CPT_phageK_gp217,0.0,0.0,0.0,4.127134385045092,0.0,0.0,3.9512437185814275,1.6094379124341003,2.772588722239781,7.295735072749282,4.962844630259907,7.616775808698373,8.73165920153676,7.983440063006542,8.307459327011946,8.601166625192416,8.507142855562735,8.784774592161016,8.641002477142523,8.251663923605589,7.5256399750415355,late
gene-CPT_phageK_gp122,phage,gene-CPT_phageK_gp122,0.0,0.6931471805599453,,4.04305126783455,0.0,1.0986122886681098,5.062595033026967,3.4011973816621555,4.382026634673881,7.8160138391590275,6.075346031088684,8.315566483564277,9.174402265170553,8.79527937019457,9.215924750270084,8.875287128108384,8.723394022000136,8.979164648964709,8.471358655072438,8.434028950155469,8.098034756176071,middle
gene-CPT_phageK_gp074,phage,gene-CPT_phageK_gp074,,0.6931471805599453,0.0,1.791759469228055,0.6931471805599453,0.0,3.6635616461296463,2.302585092994046,2.1972245773362196,6.755768921984255,4.812184355372417,6.816735880594968,7.656337166430183,7.303843225277705,7.180069874302796,6.3473892096560105,6.48768401848461,6.255750041753367,5.627621113690637,5.488937726156687,5.4510384535657,middle
gene-CPT_phageK_gp031,phage,gene-CPT_phageK_gp031,0.0,0.0,0.0,4.624972813284271,0.6931471805599453,0.0,2.70805020110221,0.6931471805599453,1.0986122886681098,5.5254529391317835,3.6888794541139363,6.3473892096560105,7.277247726631484,6.805722553416985,7.07326971745971,8.225503097566918,7.7306140660637395,8.753055515138222,9.367600498174767,8.545780648268149,8.899730794880696,late
gene-CPT_phageK_gp221,phage,gene-CPT_phageK_gp221,,1.0986122886681098,0.0,3.332204510175204,0.6931471805599453,0.6931471805599453,5.111987788356544,3.044522437723423,4.0943445622221,8.371010681238156,6.612041034833092,8.533263371593732,9.648337205086833,9.18307194482199,9.240190393945069,8.522578663692576,8.848652886213905,8.400659375160286,7.716460800176355,7.969703583278656,7.207118856207756,middle
gene-CPT_phageK_gp023,phage,gene-CPT_phageK_gp023,0.0,0.0,0.0,2.9444389791664403,0.0,0.6931471805599453,1.791759469228055,1.0986122886681098,0.6931471805599453,5.981414211254481,3.5553480614894135,6.532334292222349,7.977625098784593,7.059617628291383,7.877017895622398,7.700295203420117,7.451241684987676,7.942362237674335,7.297091005160418,7.408530566894626,6.634633357861686,middle
gene-CPT_phageK_gp216,phage,gene-CPT_phageK_gp216,,0.0,0.0,5.0689042022202315,0.6931471805599453,1.0986122886681098,5.0238805208462765,2.995732273553991,3.8501476017100584,7.998671361015776,5.883322388488279,8.335671314792847,9.509036565691064,8.693328989123106,9.140347000155648,9.60951909544164,9.334944535200714,9.740850969058572,9.508146027598816,9.201299627324033,8.505727713306959,late
gene-CPT_phageK_gp053,phage,gene-CPT_phageK_gp053,0.0,0.0,0.0,1.0986122886681098,0.0,0.0,4.532599493153256,2.0794415416798357,3.8501476017100584,6.98933526597456,5.117993812416755,7.074963197966044,7.655864017616056,7.313220387090301,6.97354301952014,5.934894195619588,6.18826412308259,5.945420608606575,5.4116460518550396,4.997212273764115,5.147494476813453,middle
gene-CPT_phageK_gp040,phage,gene-CPT_phageK_gp040,0.0,0.0,0.0,1.3862943611198906,0.0,0.6931471805599453,4.812184355372417,2.6390573296152584,4.143134726391533,6.282266746896006,4.5217885770490405,5.5093883366279774,6.169610732491456,5.58724865840025,4.875197323201151,4.290459441148391,4.07753744390572,4.77912349311153,3.9889840465642745,3.367295829986474,4.189654742026425,middle
gene-CPT_phageK_gp226,phage,gene-CPT_phageK_gp226,0.0,0.0,0.0,3.091042453358316,0.0,0.6931471805599453,1.6094379124341003,0.0,1.0986122886681098,,3.367295829986474,5.10594547390058,5.8944028342648505,5.8888779583328805,5.560681631015528,6.261491684321042,6.063785208687608,6.977281341630747,7.952263308657046,7.25063551189868,7.761744984658913,late
gene-CPT_phageK_gp048,phage,gene-CPT_phageK_gp048,0.0,0.0,0.0,0.0,0.0,0.0,3.970291913552122,1.3862943611198906,2.4849066497880004,6.621405651764134,4.9344739331306915,6.829793737512425,7.430114138561801,7.40184157874383,7.083387847625295,5.7899601708972535,6.07993319509559,5.662960480135946,5.0689042022202315,5.043425116919247,4.852030263919617,middle
gene-CPT_phageK_gp179,phage,gene-CPT_phageK_gp179,0.0,0.6931471805599453,0.0,6.093569770045136,1.791759469228055,1.9459101490553132,3.8501476017100584,2.6390573296152584,2.9444389791664403,6.779921907472252,5.247024072160486,7.358193752733032,8.846928500099018,8.408939605975984,9.064736398117391,10.361861316299695,10.244378583319053,11.027978741746653,10.602219111389974,10.763229096719098,10.153156182789694,late
gene-CPT_phageK_gp038,phage,gene-CPT_phageK_gp038,0.0,0.0,0.0,3.1780538303479458,1.791759469228055,2.6390573296152584,6.675823221634848,4.31748811353631,6.318968113746434,8.213923595622743,6.878326468291325,7.73718007783463,8.227108234348146,7.927685045615778,7.462214939768189,7.004881989712859,6.716594773520978,7.363913501405819,6.516193076042964,6.1463292576688975,6.884486652042782,middle
gene-CPT_phageK_gp072,phage,gene-CPT_phageK_gp072,,0.6931471805599453,0.0,3.044522437723423,0.6931471805599453,1.0986122886681098,5.081404364984463,2.8903717578961645,4.04305126783455,7.912056888179006,5.976350909297934,8.206583614320753,9.00601857490256,8.738254576526122,8.821437352166997,8.116118431609365,8.210124405164267,8.197263371414335,7.3098814858247865,7.292337176173877,7.069874128458572,middle
gene-CPT_phageK_gp011,phage,gene-CPT_phageK_gp011,0.0,0.0,,2.8903717578961645,1.0986122886681098,2.3978952727983707,5.996452088619021,4.04305126783455,5.998936561946683,7.5678626054638825,6.102558594613569,6.90975328164481,7.38770923908104,6.884486652042782,6.60934924316738,6.2766434893416445,5.945420608606575,6.4967749901858625,5.8998973535824915,5.497168225293202,5.993961427306569,middle
gene-CPT_phageK_gp007,phage,gene-CPT_phageK_gp007,0.0,0.0,0.0,1.0986122886681098,0.0,0.6931471805599453,3.7612001156935624,1.791759469228055,2.6390573296152584,6.784457062637643,5.003946305945459,6.917705609835305,7.591861714889934,7.533158807455563,7.194436851100335,6.052089168924417,6.386879319362645,5.75890177387728,5.337538079701318,5.318119993844216,4.68213122712422,middle
gene-CPT_phageK_gp086,phage,gene-CPT_phageK_gp086,,1.0986122886681098,,3.1780538303479458,0.6931471805599453,1.0986122886681098,5.241747015059643,3.1780538303479458,4.189654742026425,8.274357006756292,6.507277712385012,8.544224530467268,9.414097209490203,9.004422601327041,9.094255892955381,8.210124405164267,8.458716261657262,8.39479954320217,7.506042178518122,7.6783263565068856,7.605392364814935,middle
gene-CPT_phageK_gp085,phage,gene-CPT_phageK_gp085,0.0,0.0,0.0,2.5649493574615367,0.0,0.0,3.6109179126442243,1.3862943611198906,2.8903717578961645,7.259819610363186,5.288267030694535,7.379008127628304,8.52456594574565,7.857093864902493,7.941651252930556,7.400009517162692,7.585281078639126,7.3901814282264295,6.7357800142423265,6.70073110954781,6.54534966033442,middle
gene-CPT_phageK_gp147,phage,gene-CPT_phageK_gp147,0.0,0.0,0.0,2.70805020110221,0.0,0.0,1.9459101490553132,1.0986122886681098,1.0986122886681098,5.472270673671475,3.4657359027997265,6.089044875446846,7.414572881350589,6.9865664594064265,7.21081845347222,7.317212408359839,7.421177528595393,7.617267813628347,7.558516743045645,7.542213463193403,7.155396301896734,late
gene-CPT_phageK_gp174,phage,gene-CPT_phageK_gp174,0.0,0.0,0.0,6.728628613084702,2.302585092994046,2.0794415416798357,3.258096538021482,2.302585092994046,2.3978952727983707,4.890349128221754,4.127134385045092,5.267858159063328,7.151485463904735,6.754604099487962,7.44600149832412,10.393355081710641,9.878426121940757,11.04404120899241,11.305569137056349,11.068917014241554,11.057092949498278,late
gene-CPT_phageK_gp088,phage,gene-CPT_phageK_gp088,0.0,0.0,0.0,2.6390573296152584,0.0,0.6931471805599453,4.852030263919617,2.5649493574615367,4.1588830833596715,7.822845290279774,5.783825182329737,7.757478766584179,8.66561319653451,8.11552088154677,7.97349996402463,6.92951677076365,7.277247726631484,7.229113877793302,6.553933404025811,6.322565239927284,6.517671272912275,middle
gene-CPT_phageK_gp093,phage,gene-CPT_phageK_gp093,0.0,0.6931471805599453,0.0,1.791759469228055,0.0,0.0,4.02535169073515,2.1972245773362196,3.4011973816621555,7.089243155027514,5.10594547390058,7.191429330036379,7.8551570058813445,7.484368643286131,7.311886164077165,6.059123195581797,6.415096959171596,6.375024819828097,5.783825182329737,5.768320995793772,5.942799375126701,middle
gene-CPT_phageK_gp109,phage,gene-CPT_phageK_gp109,0.0,0.0,0.0,4.700480365792417,0.6931471805599453,0.6931471805599453,4.1588830833596715,2.70805020110221,2.9444389791664403,7.3833681469923835,5.288267030694535,7.926241523170962,8.916640227198839,8.38022733634308,8.732304571033183,9.085910293598007,8.822322177471738,9.15302900526307,9.173572647783969,8.722742874329398,8.259975659768276,late
gene-CPT_phageK_gp206,phage,gene-CPT_phageK_gp206,0.0,0.0,,4.718498871295094,1.0986122886681098,1.0986122886681098,4.912654885736052,2.8903717578961645,3.6109179126442243,8.189244525735901,6.212606095751519,8.500250470685925,9.759501702007746,9.132919225007598,9.460632055209405,9.447229025082065,9.555701556014641,9.78796446128059,9.369734424126433,9.312987208936326,8.828494129466652,late
gene-CPT_phageK_gp104,phage,gene-CPT_phageK_gp104,0.0,0.0,0.0,3.7612001156935624,0.0,1.3862943611198906,3.713572066704308,2.1972245773362196,2.302585092994046,6.787844982309579,4.927253685157205,6.946013991099227,8.33758794211651,7.78155595923534,8.076204527239026,7.843064016692054,8.10711747075039,8.264105763728956,8.25608813381491,8.235890725928495,8.139440521874608,middle
gene-CPT_phageK_gp089,phage,gene-CPT_phageK_gp089,0.0,0.6931471805599453,0.0,2.0794415416798357,1.3862943611198906,0.6931471805599453,4.30406509320417,2.3978952727983707,2.995732273553991,7.493317248862145,5.43372200355424,7.562161631225652,8.499232866039245,8.076204527239026,7.890956716138919,6.943122422819428,7.340186835320115,7.024649030453636,6.583409222158765,6.410174881966167,6.416732282512326,middle
gene-CPT_phageK_gp134,phage,gene-CPT_phageK_gp134,0.0,0.0,0.0,4.5217885770490405,1.0986122886681098,0.6931471805599453,5.0369526024136295,3.4339872044851463,4.143134726391533,8.146998697389993,6.4425401664681985,8.575462099540212,9.67633597982438,9.128262260940575,9.63756697186586,9.359277484750553,9.352360631996612,9.651236971915612,9.104979856318357,9.16502914926618,8.643825842349603,middle
gene-CPT_phageK_gp015,phage,gene-CPT_phageK_gp015,,0.0,0.0,1.0986122886681098,0.6931471805599453,1.3862943611198906,5.288267030694535,3.1354942159291497,5.062595033026967,7.134093721192866,5.384495062789089,6.306275286948016,7.136483208590247,6.401917196727186,5.877735781779639,5.356586274672012,5.209486152841421,5.6131281063880705,4.844187086458591,4.330733340286331,5.123963979403259,middle
gene-CPT_phageK_gp075,phage,gene-CPT_phageK_gp075,0.0,0.6931471805599453,0.0,1.791759469228055,0.0,0.0,4.31748811353631,2.5649493574615367,3.2188758248682006,7.136483208590247,5.123963979403259,7.166265974133638,7.974188669286011,7.603897968521881,7.415175109613295,6.371611847231857,6.672032945461067,6.416732282512326,5.68697535633982,5.493061443340548,5.71042701737487,middle
gene-CPT_phageK_gp140,phage,gene-CPT_phageK_gp140,0.0,0.0,,3.258096538021482,1.3862943611198906,0.0,5.673323267171493,3.2188758248682006,4.804021044733257,8.220672170297252,6.434546518787453,8.384347278082808,9.360483030405902,8.840580188488795,9.03264808356589,8.136518252115291,8.36799688505411,8.323365694436081,7.515889085215125,7.532623618788788,7.424761761823209,middle
gene-CPT_phageK_gp149,phage,gene-CPT_phageK_gp149,0.0,0.0,0.0,4.8283137373023015,0.6931471805599453,0.6931471805599453,5.159055299214529,2.995732273553991,4.330733340286331,7.699389406256737,6.093569770045136,8.341171747170762,9.095153962167066,8.92996487470684,9.157256000883727,9.34005197849784,9.11701821474481,9.65975856761281,9.414586486185929,9.477309402830421,9.260082463870997,late
gene-CPT_phageK_gp034,phage,gene-CPT_phageK_gp034,,0.0,,2.4849066497880004,0.0,1.6094379124341003,5.648974238161206,3.784189633918261,5.293304824724492,7.381501894506707,6.428105272684596,7.258412150595307,7.543273346705446,7.5251007461258,7.323170717943469,6.345636360828596,6.536691597591305,7.107425474110705,5.857933154483459,5.940171252720432,6.380122536899765,middle
gene-CPT_phageK_gp186,phage,gene-CPT_phageK_gp186,0.0,0.0,0.0,3.5553480614894135,0.0,0.0,2.302585092994046,0.6931471805599453,0.6931471805599453,,2.5649493574615367,,5.68697535633982,4.890349128221754,5.863631175598097,7.777373602657861,7.533158807455563,8.339023005744759,8.301025253838453,8.217438537730187,7.884199933676039,late
gene-CPT_phageK_gp019,phage,gene-CPT_phageK_gp019,0.0,0.6931471805599453,,2.0794415416798357,0.6931471805599453,0.6931471805599453,5.583496308781699,4.060443010546419,5.351858133476067,7.349873704738337,6.3561076606958915,6.952728644624869,7.447751280047908,7.37650812632622,7.138866999945524,6.1675164908883415,6.218600119691729,6.866933284461882,5.598421958998375,5.834810737062605,6.432940092739179,middle
gene-CPT_phageK_gp025,phage,gene-CPT_phageK_gp025,0.0,0.0,0.0,2.3978952727983707,0.0,0.0,2.3978952727983707,1.0986122886681098,1.0986122886681098,6.073044534100405,4.248495242049359,6.429719478039138,7.834788107388194,7.003065458786462,7.509883061154913,7.1785454837637,7.336936913707618,7.364547014255642,6.977281341630747,7.034387929915503,6.013715156042802,middle
gene-CPT_phageK_gp014,phage,gene-CPT_phageK_gp014,0.0,0.0,0.0,1.6094379124341003,0.0,1.0986122886681098,4.406719247264253,1.6094379124341003,4.343805421853684,6.1779441140506,4.709530201312334,5.501258210544727,6.26530121273771,5.598421958998375,5.049856007249537,4.394449154672439,4.343805421853684,4.543294782270004,3.8918202981106265,3.5263605246161616,4.2626798770413155,middle
gene-CPT_phageK_gp171,phage,gene-CPT_phageK_gp171,0.0,0.0,0.0,4.6913478822291435,0.6931471805599453,0.0,3.2188758248682006,1.791759469228055,2.0794415416798357,4.8283137373023015,4.02535169073515,4.983606621708336,6.289715570908998,5.983936280687191,6.403574197934815,8.472823243680297,8.129174996911793,9.33917324381915,9.494240301132503,9.333884558067638,9.466067273186413,late
gene-CPT_phageK_gp187,phage,gene-CPT_phageK_gp187,0.0,0.0,0.0,2.772588722239781,0.0,0.0,,0.0,0.0,,,,,,4.51085950651685,6.405228458030842,6.118097198041348,6.695798917058491,7.156176637480615,6.480044561926653,6.322565239927284,late
gene-CPT_phageK_gp146,phage,gene-CPT_phageK_gp146,0.0,0.0,0.0,5.480638923341991,0.6931471805599453,0.0,3.6888794541139363,2.833213344056216,2.4849066497880004,7.477604243197589,5.594711379601839,8.16735198705607,9.512221163827776,9.207235557022704,9.5258078304359,9.743025330095067,9.75452339939617,10.079204010277946,9.91056246620809,10.072259391783,9.69953369561506,late
gene-CPT_phageK_gp177,phage,gene-CPT_phageK_gp177,0.0,0.0,0.0,3.6375861597263857,0.0,0.0,2.302585092994046,0.0,1.791759469228055,,2.8903717578961645,4.762173934797756,5.932245187448011,5.262690188904886,5.823045895483019,7.788211557847076,7.536363938404511,8.446985296372741,8.570923513837204,8.382975849296429,8.189244525735901,late
gene-CPT_phageK_gp110,phage,gene-CPT_phageK_gp110,0.0,0.0,0.0,4.2626798770413155,1.3862943611198906,0.6931471805599453,4.110873864173311,2.0794415416798357,2.9444389791664403,7.310550158534422,5.247024072160486,7.793999089503996,8.820551743253025,8.313116702819253,8.618666160346871,8.818926087090677,8.706986763048892,8.946505025998682,8.862908295118627,8.491875383431948,8.036249942132116,late
gene-CPT_phageK_gp203,phage,gene-CPT_phageK_gp203,0.0,0.0,0.0,2.1972245773362196,0.0,0.0,2.995732273553991,1.9459101490553132,1.9459101490553132,6.739336627357174,4.634728988229636,6.683360945766275,8.122074375362217,7.20414929203594,7.584264818389059,7.215239978730097,7.462789157412448,7.491645473605133,6.754604099487962,6.890609120147166,6.300785794663244,middle
gene-CPT_phageK_gp152,phage,gene-CPT_phageK_gp152,0.0,0.0,0.0,3.828641396489095,0.0,0.0,4.51085950651685,1.9459101490553132,3.7612001156935624,7.392647520721623,5.676753802268282,7.482681828154651,8.303504798872783,8.00736706798333,7.8528278122817445,7.791935956938058,7.733245646529795,8.388677769180811,8.47407690034261,8.367532416861831,8.225503097566918,late
gene-CPT_phageK_gp120,phage,gene-CPT_phageK_gp120,,1.3862943611198906,0.0,5.908082938168931,2.1972245773362196,2.3978952727983707,5.961005339623274,4.219507705176107,5.19295685089021,8.971956271245688,7.436617265234227,9.784872921199886,10.628593565580923,10.422906150720138,10.862052024637613,10.840051389249838,10.737852137511432,11.15470647245893,10.24491179343424,10.606956282167944,9.96988372217581,late
gene-CPT_phageK_gp097,phage,gene-CPT_phageK_gp097,0.0,1.0986122886681098,,3.044522437723423,0.6931471805599453,1.0986122886681098,5.0106352940962555,1.9459101490553132,4.174387269895637,7.562681246721884,5.673323267171493,7.744569809354496,8.67265729404031,8.227909837597483,8.472823243680297,7.789040401657477,7.795234929002173,7.933796874815411,7.272398392570047,7.194436851100335,7.332369205929062,middle
gene-CPT_phageK_gp078,phage,gene-CPT_phageK_gp078,0.0,0.0,0.0,1.6094379124341003,0.0,0.6931471805599453,5.017279836814924,2.70805020110221,4.30406509320417,7.385230923066573,5.69035945432406,7.496097345175956,7.9441374911141125,7.6708948313621175,7.408530566894626,6.467698726104354,6.513230110912307,6.74993119378857,6.021023349349527,5.655991810819852,6.186208623900494,middle
gene-CPT_phageK_gp218,phage,gene-CPT_phageK_gp218,0.0,0.0,0.0,4.04305126783455,0.6931471805599453,0.0,3.8501476017100584,2.1972245773362196,2.302585092994046,7.083387847625295,4.6913478822291435,7.363913501405819,8.53954159508,7.689828668736484,8.0861025356691,8.501470230951002,8.328934041955529,8.628734566149145,8.59840444684106,8.117908942383155,7.4377951216719325,late
gene-CPT_phageK_gp180,phage,gene-CPT_phageK_gp180,0.0,0.0,0.0,4.74493212836325,1.3862943611198906,1.0986122886681098,3.6109179126442243,1.791759469228055,2.772588722239781,6.161207321695077,4.394449154672439,6.45833828334479,8.118207049405783,7.480428306074208,8.105911197986508,9.209439966733019,9.30383071506352,9.759963542450086,9.494240301132503,9.611529685221559,8.844912950899548,late
gene-CPT_phageK_gp198,phage,gene-CPT_phageK_gp198,0.0,0.0,0.0,2.6390573296152584,1.3862943611198906,0.6931471805599453,4.8283137373023015,2.1972245773362196,4.143134726391533,7.760893195851024,5.545177444479562,7.821643126239982,8.799360083179907,7.91862865334224,8.262558973010657,7.317876198626496,7.4949862339505335,7.61085279039525,6.742880635791903,6.56244409369372,6.811244378601294,middle
gene-CPT_phageK_gp157,phage,gene-CPT_phageK_gp157,0.0,0.0,0.0,4.430816798843313,1.791759469228055,0.6931471805599453,5.752572638825633,3.4657359027997265,5.056245805348308,8.254268770090183,6.815639990074331,8.350193650720067,9.09829086816756,8.840580188488795,8.729235349659273,8.664923303440572,8.601534339849989,9.099967314494812,9.08805973726735,9.040500592684284,8.662677858158219,late
gene-CPT_phageK_gp100,phage,gene-CPT_phageK_gp100,0.0,0.0,0.0,4.07753744390572,0.0,0.0,2.3978952727983707,1.791759469228055,1.791759469228055,5.8289456176102075,4.1588830833596715,6.536691597591305,7.234898420314831,7.038783541388542,7.257002707092073,7.174724309836376,6.933423025730715,7.628517626575055,8.751316246773456,7.687997166393016,8.523572798380277,late
gene-CPT_phageK_gp194,phage,gene-CPT_phageK_gp194,0.0,0.0,0.0,3.6888794541139363,0.0,1.3862943611198906,4.248495242049359,1.9459101490553132,3.367295829986474,6.566672429803241,5.0689042022202315,6.967909201801884,7.605890001053122,7.536363938404511,7.330405211844402,7.427144133408616,7.404279118037268,8.190077049719049,8.284504227258497,7.898782356970309,8.265392930852224,late
gene-CPT_phageK_gp067,phage,gene-CPT_phageK_gp067,,0.0,,3.091042453358316,1.0986122886681098,0.0,4.442651256490317,2.302585092994046,3.6635616461296463,7.5251007461258,5.568344503761097,7.6511201757027,8.648747631156539,8.081165777725433,8.127995055771946,7.972810784121404,7.807916628926408,7.618251097876695,7.675081857716334,7.033506484287697,6.633318433280377,middle
gene-CPT_phageK_gp001,phage,gene-CPT_phageK_gp001,0.0,0.0,0.0,1.0986122886681098,1.0986122886681098,1.3862943611198906,4.465908118654584,1.791759469228055,3.044522437723423,7.003065458786462,5.204006687076795,7.0707241072602764,7.641564441260972,7.360103972989152,7.076653815443951,6.156978985585555,6.171700597410915,5.963579343618446,5.298317366548036,5.135798437050262,5.0238805208462765,middle
gene-CPT_phageK_gp167,phage,gene-CPT_phageK_gp167,0.0,0.0,0.0,4.955827057601261,0.6931471805599453,0.0,2.0794415416798357,1.3862943611198906,0.6931471805599453,,2.70805020110221,,5.545177444479562,5.25227342804663,5.117993812416755,8.021584533455107,7.44716835960004,9.164715193949908,9.712266512555141,9.189116735524555,9.783971766534565,late
gene-CPT_phageK_gp213,phage,gene-CPT_phageK_gp213,0.0,0.6931471805599453,,3.9318256327243257,1.0986122886681098,0.6931471805599453,5.950642552587727,3.4339872044851463,4.955827057601261,9.049936850483158,6.932447891572509,9.004422601327041,10.106632457343649,9.43236329562169,9.549451979534325,8.960724500330858,9.384545748167879,9.154193211353181,8.384575666801398,8.680331928793418,7.942362237674335,middle
gene-CPT_phageK_gp068,phage,gene-CPT_phageK_gp068,0.0,0.0,0.0,2.5649493574615367,1.0986122886681098,0.0,4.553876891600541,2.302585092994046,3.7376696182833684,7.496097345175956,5.424950017481403,7.619233416226805,8.36240897761537,7.989899374942939,7.99699040583765,7.342131730584722,7.293017679772782,7.247792581767846,6.7661917146603505,6.373319789577012,6.251903883165888,middle
gene-CPT_phageK_gp029,phage,gene-CPT_phageK_gp029,0.0,0.0,0.0,1.791759469228055,0.0,0.6931471805599453,3.7612001156935624,1.6094379124341003,3.044522437723423,7.080026499922591,4.804021044733257,6.949856455000773,8.284504227258497,7.473637108496206,7.720017940432244,7.118826249062078,7.325807502595773,7.294377299288821,6.588926477533519,6.86484777797086,6.0014148779611505,middle
gene-CPT_phageK_gp069,phage,gene-CPT_phageK_gp069,0.0,0.0,0.0,2.0794415416798357,0.0,0.0,4.02535169073515,1.6094379124341003,3.258096538021482,6.695798917058491,4.418840607796598,6.720220155135295,7.613324979540639,7.151485463904735,7.062191632286556,6.220590170099739,6.413458957167357,6.364750756851911,5.736572297479192,5.424950017481403,5.332718793265369,middle
gene-CPT_phageK_gp169,phage,gene-CPT_phageK_gp169,0.0,0.0,0.0,4.499809670330265,0.0,0.0,2.1972245773362196,0.0,0.0,4.875197323201151,3.2188758248682006,4.955827057601261,6.0867747269123065,5.8888779583328805,5.877735781779639,8.043984431221553,7.7142311448490855,8.81314100828505,9.089076284483143,8.84246002419529,8.909235279192261,late
gene-CPT_phageK_gp209,phage,gene-CPT_phageK_gp209,0.0,0.6931471805599453,0.0,3.912023005428146,1.0986122886681098,0.6931471805599453,4.3694478524670215,2.4849066497880004,3.1354942159291497,7.694392802629421,5.796057750765372,8.007034012193408,9.112176123188952,8.732627099660395,8.941283763647567,8.679822114864455,8.872066513408342,8.890685920281129,8.086410275323782,8.398634855292102,7.62608275807238,middle
gene-CPT_phageK_gp135,phage,gene-CPT_phageK_gp135,0.0,0.0,0.0,3.9318256327243257,1.0986122886681098,0.0,4.48863636973214,2.3978952727983707,3.4657359027997265,7.577121930876679,5.627621113690637,7.84971375760487,9.064042114358884,8.39049553837028,8.80732226751107,8.474911799159631,8.513185170018698,8.71028982137815,8.195057690895077,8.166784289056151,7.669028288589683,middle
gene-CPT_phageK_gp160,phage,gene-CPT_phageK_gp160,0.0,0.0,0.0,5.093750200806762,1.0986122886681098,0.0,2.5649493574615367,1.3862943611198906,2.0794415416798357,4.890349128221754,4.007333185232471,5.3230099791384085,6.436150368369428,6.163314804034641,6.628041376179533,8.824677891164198,8.405143687607614,9.57129614009839,9.636653312597184,9.454462329675584,9.095602694505759,late
gene-CPT_phageK_gp008,phage,gene-CPT_phageK_gp008,0.0,0.0,0.0,1.0986122886681098,0.0,0.0,3.6635616461296463,1.6094379124341003,2.6390573296152584,6.680854678790215,5.081404364984463,6.97166860472579,7.724004656676065,7.444248649496705,7.199678345691172,6.380122536899765,6.410174881966167,5.823045895483019,5.616771097666572,5.356586274672012,4.859812404361672,middle
gene-CPT_phageK_gp009,phage,gene-CPT_phageK_gp009,0.0,0.0,0.0,2.0794415416798357,0.0,1.6094379124341003,5.501258210544727,3.4965075614664802,5.204006687076795,7.426549072397305,5.313205979041787,6.059123195581797,7.246368080102461,6.124683390894205,5.7430031878094825,5.231108616854587,4.820281565605037,5.43372200355424,5.0369526024136295,4.143134726391533,4.77912349311153,middle
gene-CPT_phageK_gp155,phage,gene-CPT_phageK_gp155,0.0,0.6931471805599453,,4.804021044733257,0.6931471805599453,1.3862943611198906,4.442651256490317,3.258096538021482,3.044522437723423,7.99799931797973,6.100318952020064,8.29154650988391,9.441690159837492,9.005036738790304,9.073145132798338,9.075322160298095,9.210440366976517,9.319463798994537,9.376701909191407,9.396570945266852,8.911125383710678,middle
gene-CPT_phageK_gp098,phage,gene-CPT_phageK_gp098,0.0,0.0,,2.772588722239781,0.0,0.0,4.672828834461906,2.5649493574615367,3.912023005428146,7.53955882930103,5.442417710521793,7.596392304064196,8.773848885262895,8.001689978099135,8.291295851905407,7.53955882930103,7.700295203420117,7.9287663216266955,7.4109518755836366,7.317212408359839,7.536363938404511,middle
gene-CPT_phageK_gp046,phage,gene-CPT_phageK_gp046,0.0,0.0,0.0,0.6931471805599453,0.6931471805599453,0.0,3.4011973816621555,1.9459101490553132,2.0794415416798357,6.74993119378857,4.969813299576001,7.01571242048723,7.687080155783135,7.43955930913332,7.199678345691172,6.342121418721152,6.525029657843462,5.840641657373398,5.736572297479192,5.313205979041787,4.890349128221754,middle
gene-CPT_phageK_gp061,phage,gene-CPT_phageK_gp061,0.0,0.0,0.0,1.6094379124341003,0.0,0.0,4.30406509320417,1.0986122886681098,3.6635616461296463,7.312553498102598,5.209486152841421,7.13966033596492,8.090708716083997,7.4645098346365275,7.5443321080536885,6.522092798170152,6.755768921984255,6.410174881966167,5.831882477283517,5.680172609017068,5.298317366548036,middle
gene-CPT_phageK_gp021,phage,gene-CPT_phageK_gp021,0.0,0.0,0.0,2.8903717578961645,0.0,1.791759469228055,6.013715156042802,3.9318256327243257,5.659482215759621,7.913886714856082,6.447305862541213,7.5595594960077,8.257385655730436,7.56734567601324,7.415175109613295,6.9167150203536085,6.828712071641684,7.170119543449628,6.326149473155099,6.148468295917647,6.517671272912275,middle
gene-CPT_phageK_gp030,phage,gene-CPT_phageK_gp030,0.0,0.0,0.0,2.8903717578961645,0.6931471805599453,0.6931471805599453,4.897839799950911,2.4849066497880004,4.04305126783455,7.707512194600341,5.676753802268282,7.719573989259581,8.761550139129644,8.116715624819111,8.314832179284556,7.783224016336037,7.8632667240095735,7.868636894184167,7.213031659834869,7.385851078125209,6.586171654854675,middle
gene-CPT_phageK_gp084,phage,gene-CPT_phageK_gp084,0.0,0.0,0.0,2.302585092994046,0.6931471805599453,0.0,5.204006687076795,3.2188758248682006,4.59511985013459,8.087640287778983,6.359573868672378,8.188133414510478,9.07566546864958,8.629807335785372,8.658519127506672,7.724446645633537,7.943072717277933,7.793586803371584,7.02108396428914,7.030857476116121,6.992096427415888,middle
gene-CPT_phageK_gp181,phage,gene-CPT_phageK_gp181,0.0,0.0,0.0,3.258096538021482,0.0,0.0,,1.0986122886681098,0.6931471805599453,4.912654885736052,2.772588722239781,4.77912349311153,6.7464121285733745,5.673323267171493,6.413458957167357,7.52456122628536,7.522400231387125,7.9672801789422,7.803843303538772,7.730174795246222,6.994849985833071,late
gene-CPT_phageK_gp083,phage,gene-CPT_phageK_gp083,0.0,0.6931471805599453,0.0,3.1354942159291497,0.0,0.6931471805599453,5.288267030694535,3.5263605246161616,4.61512051684126,8.439231649946526,6.54965074223381,8.65434302956347,9.647885373547759,9.188299241099303,9.351579483668907,8.57300625623545,8.696175846944678,8.559869465696673,7.669495251007694,7.836764783264067,7.596894438144544,middle
gene-CPT_phageK_gp060,phage,gene-CPT_phageK_gp060,,0.0,,0.6931471805599453,0.6931471805599453,0.0,4.605170185988092,1.9459101490553132,3.9318256327243257,7.038783541388542,5.43372200355424,6.8679744089702925,7.4645098346365275,7.112327444710911,6.806829360392176,5.393627546352362,5.8971538676367405,5.680172609017068,4.574710978503383,4.820281565605037,4.700480365792417,middle
gene-CPT_phageK_gp225,phage,gene-CPT_phageK_gp225,,1.0986122886681098,0.0,4.820281565605037,0.6931471805599453,0.6931471805599453,4.6913478822291435,2.8903717578961645,3.4657359027997265,8.180320874773685,6.028278520230698,8.416488487294606,9.652394528314963,8.953122840328222,9.181117513299279,9.346094292953802,9.30546871706776,9.446123703636829,9.230535079261703,9.085117227222105,8.300031711779575,middle
gene-CPT_phageK_gt002,phage,tRNA-Trp,0.0,0.0,0.0,4.543294782270004,0.0,0.0,2.302585092994046,0.0,2.0794415416798357,5.170483995038151,3.4965075614664802,5.598421958998375,7.025538314638521,6.54534966033442,6.990256500493881,8.97297111339799,7.853604813097837,8.536995818712418,8.974111581113318,8.165363632473982,7.828436359157585,late
gene-CPT_phageK_gp111,phage,gene-CPT_phageK_gp111,,1.0986122886681098,0.0,5.288267030694535,1.3862943611198906,1.9459101490553132,5.768320995793772,3.828641396489095,4.804021044733257,8.831127635012084,6.876264611890766,9.291090521661292,10.187951953831922,9.757999245787522,10.008883067581468,9.840281476632336,9.863446502998944,10.012655809536781,9.607302767592598,9.4894104675794,9.07829359105585,middle
gene-CPT_phageK_gp142,phage,gene-CPT_phageK_gp142,0.0,0.0,0.0,4.990432586778736,1.0986122886681098,1.0986122886681098,5.003946305945459,3.1354942159291497,3.8918202981106265,7.905072849498666,6.175867270105761,8.21716859576607,9.424079843215099,8.812396905266864,9.23863624113103,9.247925132303454,9.253878673990666,9.681031265002055,9.436599066190539,9.481130576757746,9.005036738790304,late
gene-CPT_phageK_gp211,phage,gene-CPT_phageK_gp211,,0.6931471805599453,0.0,4.04305126783455,0.0,0.0,3.091042453358316,1.0986122886681098,1.791759469228055,6.566672429803241,4.663439094112067,7.079184394609668,8.126222529458525,7.809135398120538,8.017966703493599,8.266935347610456,8.213110697596676,8.432941638968646,8.670429167315095,8.166784289056151,7.987864096085687,late
gene-CPT_phageK_gp066,phage,gene-CPT_phageK_gp066,,,,2.1972245773362196,0.0,0.0,4.430816798843313,1.9459101490553132,3.4011973816621555,7.280008252884188,5.204006687076795,7.251344983372214,8.151909872940905,7.787796878181171,7.606387389772652,6.606650186198215,6.97166860472579,6.642486801367256,5.940171252720432,5.8971538676367405,5.780743515792329,early
gene-CPT_phageK_gp144,phage,gene-CPT_phageK_gp144,0.0,0.0,0.0,5.501258210544727,1.6094379124341003,1.3862943611198906,4.867534450455582,2.8903717578961645,4.189654742026425,7.3277805384216315,5.739792912179234,7.862112211662748,9.178333575841096,8.956737613177264,9.257033099968165,9.73601519859238,9.602517585757411,10.036750159040897,9.9763661979487,10.05659483106667,9.768011412973678,late
gene-CPT_phageK_gp224,phage,gene-CPT_phageK_gp224,,0.6931471805599453,0.0,4.454347296253507,0.0,0.6931471805599453,5.081404364984463,2.833213344056216,4.007333185232471,8.244071270295786,6.159095388491933,8.380456667842767,9.591444479171411,8.935771938669784,9.1539816383068,9.068085324395312,9.115809888129949,9.237858258012922,8.781862489558945,8.847503625923641,8.064007347096661,middle
gene-CPT_phageK_gp229,phage,gene-CPT_phageK_gp229,0.0,0.0,0.0,1.3862943611198906,0.0,0.6931471805599453,4.204692619390966,1.9459101490553132,3.5553480614894135,7.1372784372603855,5.030437921392435,7.133295954896068,7.943072717277933,7.416378479192928,7.421177528595393,6.687108607866515,6.956545443151569,6.732210706467206,6.073044534100405,6.18826412308259,5.673323267171493,middle
gene-CPT_phageK_gp185,phage,gene-CPT_phageK_gp185,0.0,0.0,0.0,3.4657359027997265,0.6931471805599453,0.6931471805599453,2.0794415416798357,0.0,1.0986122886681098,,,,5.820082930352362,5.081404364984463,5.976350909297934,7.839131648274333,7.609862200913554,8.525756422076725,8.373322820996535,8.405591014834934,8.041734711487537,late
gene-CPT_phageK_gp063,phage,gene-CPT_phageK_gp063,0.0,0.0,0.0,1.3862943611198906,0.0,0.0,4.499809670330265,1.9459101490553132,3.6888794541139363,6.851184927493743,4.882801922586371,6.650279048587422,7.377133712833954,6.78332520060396,6.78897174299217,5.393627546352362,5.69035945432406,5.2832037287379885,4.465908118654584,4.418840607796598,4.394449154672439,middle
gene-CPT_phageK_gp204,phage,gene-CPT_phageK_gp204,0.0,1.0986122886681098,0.0,3.6635616461296463,0.0,0.0,4.663439094112067,2.6390573296152584,3.5553480614894135,7.70796153183549,5.666426688112432,7.828436359157585,9.139166552521658,8.470101583882387,8.787372988731876,8.449556542700426,8.657650544111494,8.789355452209982,8.020270472819238,8.200013648175434,7.551186867296149,middle
gene-CPT_phageK_gp128,phage,gene-CPT_phageK_gp128,0.0,0.0,0.0,4.709530201312334,0.0,0.6931471805599453,2.3978952727983707,2.302585092994046,0.6931471805599453,6.473890696352274,4.465908118654584,7.1785454837637,8.528528701079983,8.189522110748094,8.535425959677298,9.035867930125628,8.935113740791747,9.171495588152615,9.328656598794225,9.105757331783742,8.566173813637858,late
gene-CPT_phageK_gp193,phage,gene-CPT_phageK_gp193,0.0,0.0,0.0,4.812184355372417,1.0986122886681098,0.6931471805599453,,0.6931471805599453,0.6931471805599453,,2.9444389791664403,,5.407171771460119,5.41610040220442,5.476463551931511,7.857867559331803,7.344719054149673,9.257128533474942,9.444779883032243,9.149103062504993,10.058266606323683,late
gene-CPT_phageK_gp002,phage,gene-CPT_phageK_gp002,0.0,0.0,0.0,1.3862943611198906,0.0,0.6931471805599453,3.9318256327243257,0.6931471805599453,2.0794415416798357,6.61338421837956,4.564348191467836,6.591673732008658,7.3783837129967145,6.900730664045173,6.633318433280377,5.908082938168931,5.877735781779639,5.638354669333745,5.3471075307174685,4.804021044733257,4.787491742782046,middle
gene-CPT_phageK_gp129,phage,gene-CPT_phageK_gp129,,0.6931471805599453,0.0,4.3694478524670215,0.0,0.0,2.0794415416798357,2.1972245773362196,0.6931471805599453,6.293419278846481,4.532599493153256,6.9930151229329605,8.272059622210412,8.000349495324684,8.332308352219117,8.561401446080557,8.670429167315095,8.794824928014517,8.682199026000504,8.706986763048892,8.069342366811636,late
gene-CPT_phageK_gp106,phage,gene-CPT_phageK_gp106,,0.0,,3.1354942159291497,0.0,0.6931471805599453,3.8501476017100584,2.0794415416798357,3.5263605246161616,6.898714534329988,5.25227342804663,7.222566018822171,8.19063168090354,7.832014180505469,8.052933036797567,7.618742377670413,7.745002803515839,7.868636894184167,7.293697720601438,7.448333860897476,7.160845906664299,middle
gene-CPT_phageK_gp105,phage,gene-CPT_phageK_gp105,0.0,0.0,,4.04305126783455,0.0,1.6094379124341003,4.584967478670572,2.70805020110221,3.4339872044851463,7.450079569807499,5.720311776607412,7.839131648274333,8.84043543926657,8.46653127661401,8.736489351001554,8.503702601233739,8.558143177745192,8.695339376799712,8.353025845202325,8.37309184744198,7.918992488165245,middle
gene-CPT_phageK_gp126,phage,gene-CPT_phageK_gp126,0.0,0.0,0.0,3.8066624897703196,0.6931471805599453,0.6931471805599453,3.1354942159291497,0.6931471805599453,2.4849066497880004,5.700443573390687,3.6635616461296463,6.19644412779452,6.641182169740591,6.3784261836515865,6.760414691083428,7.9748769005588755,7.583247524303362,8.525161361065415,8.43750042250699,8.350193650720067,7.794823152179389,late
gene-CPT_phageK_gp208,phage,gene-CPT_phageK_gp208,0.0,0.0,0.0,3.5553480614894135,1.0986122886681098,0.6931471805599453,4.836281906951478,2.70805020110221,3.828641396489095,8.062432791583195,6.059123195581797,8.131236549696116,9.318387276059317,8.79133399330135,8.981932990986873,8.541690663016626,8.88723835429314,8.698180525197055,7.96102146588337,8.206583614320753,7.510977752014095,middle
gene-CPT_phageK_gp189,phage,gene-CPT_phageK_gp189,0.0,0.0,0.0,3.871201010907891,0.0,0.0,,0.0,0.0,,,,,,,6.7357800142423265,5.60947179518496,7.783224016336037,8.792549614177382,7.893198869544609,8.584290934948731,late
gene-CPT_phageK_gp136,phage,gene-CPT_phageK_gp136,0.0,0.0,0.0,3.5553480614894135,0.6931471805599453,0.0,4.3694478524670215,2.5649493574615367,3.2188758248682006,7.80954132465341,5.886104031450156,8.013343181386672,9.396736947923277,8.711113884053544,9.072686206677387,8.506536611227709,8.83651926920248,8.555066843844319,7.779048644925556,7.960672608388117,7.358830898342354,middle
gene-CPT_phageK_gp041,phage,gene-CPT_phageK_gp041,0.0,0.0,0.0,1.0986122886681098,0.0,1.0986122886681098,3.6109179126442243,2.302585092994046,3.1354942159291497,6.16541785423142,4.394449154672439,6.565264970035361,7.437206366871292,6.720220155135295,6.963189985870238,6.762729506931879,6.369900982828227,6.872128101338986,6.182084906716632,5.616771097666572,5.886104031450156,middle
gene-CPT_phageK_gp018,phage,gene-CPT_phageK_gp018,0.0,0.6931471805599453,0.0,2.8903717578961645,0.6931471805599453,,6.456769655572163,4.574710978503383,6.212606095751519,8.103796712981794,7.10002716662926,7.699389406256737,8.16763571524637,8.074649075066652,7.762170607138205,7.4570320891223805,7.113142108707088,7.769800996003896,6.78105762593618,6.778784897685177,7.183111701743281,middle
