ID,gene-DMS3-2_0,gene-DMS3-3_1,gene-DMS3-4_2,gene-DMS3-5_3,gene-DMS3-6_4,gene-DMS3-7_5,gene-DMS3-11_6,gene-DMS3-30_7,gene-DMS3-31_8,gene-DMS3-32_9,gene-DMS3-33_10,gene-DMS3-34_11,gene-DMS3-36_12,gene-DMS3-37_13,gene-DMS3-39_14,gene-DMS3-41_15
length,435.0,210.0,1962.0,753.0,666.0,636.0,519.0,207.0,222.0,972.0,915.0,342.0,417.0,474.0,771.0,3483.0
GC_content,66.9,61.9,67.94,64.67,66.37,63.05,63.01,56.52,65.32,67.8,61.97,64.62,61.39,64.35,64.46,65.43
motif_TATA,0.0,0.0,0.0,0.0,0.0,0.0,0.0,0.0,0.0,0.0,0.0,0.0,0.0,0.0,0.0,0.0
motif_sigma35,0.0,0.0,2.0,0.0,0.0,0.0,0.0,0.0,0.0,0.0,0.0,0.0,0.0,0.0,0.0,0.0
motif_sigma10,0.0,0.0,0.0,0.0,0.0,0.0,0.0,0.0,0.0,0.0,0.0,0.0,0.0,0.0,0.0,0.0
k3_AAA,0.0069,0.024,0.0056,0.0146,0.0045,0.0095,0.0077,0.0146,0.0045,0.0103,0.0088,0.0118,0.0241,0.0021,0.0052,0.0069
k3_AAC,0.0139,0.0288,0.0112,0.0133,0.0181,0.0142,0.0271,0.0146,0.0136,0.0082,0.0208,0.0088,0.0193,0.0064,0.0091,0.0132
k3_AAG,0.0092,0.0144,0.0102,0.0146,0.0151,0.0189,0.0251,0.0195,0.0182,0.0216,0.0164,0.0324,0.0193,0.0064,0.0182,0.0152
k3_AAT,0.0046,0.0096,0.0051,0.0107,0.0015,0.0079,0.0077,0.0146,0.0,0.0041,0.0055,0.0029,0.0096,0.0021,0.0052,0.0072
k3_ACA,0.0069,0.0192,0.0107,0.0053,0.009,0.0189,0.0155,0.0098,0.0136,0.0082,0.011,0.0059,0.0145,0.0021,0.0104,0.0098
k3_ACC,0.0208,0.0481,0.023,0.024,0.0331,0.0174,0.0271,0.0244,0.0364,0.0289,0.0318,0.0382,0.0169,0.0254,0.0234,0.021
k3_ACG,0.0162,0.024,0.0184,0.0146,0.0196,0.0047,0.0097,0.0293,0.0091,0.0186,0.023,0.0118,0.0265,0.0085,0.013,0.0152
k3_ACT,0.0092,0.0096,0.0051,0.008,0.0045,0.011,0.0058,0.0146,0.0,0.0052,0.012,0.0059,0.0096,0.0106,0.0052,0.0089
k3_AGA,0.0069,0.0048,0.0071,0.0053,0.0166,0.0079,0.0135,0.0098,0.0091,0.0093,0.0066,0.0118,0.0096,0.0064,0.0065,0.0118
k3_AGC,0.03,0.0192,0.0255,0.0213,0.0226,0.0221,0.0213,0.0244,0.0318,0.0227,0.0186,0.0265,0.0265,0.0233,0.0299,0.027
k3_AGG,0.0139,0.0048,0.0168,0.0107,0.0136,0.0331,0.0251,0.0146,0.0182,0.0237,0.0153,0.0324,0.0072,0.0254,0.0195,0.0175
k3_AGT,0.0046,0.0096,0.0036,0.0093,0.009,0.0126,0.0097,0.0146,0.0136,0.0031,0.0055,0.0088,0.012,0.0064,0.0052,0.0078
k3_ATA,0.0023,0.0,0.0015,0.0027,0.003,0.0016,0.0019,0.0,0.0045,0.001,0.0011,0.0,0.0072,0.0021,0.0026,0.0029
k3_ATC,0.0092,0.0096,0.0102,0.02,0.0151,0.0079,0.0232,0.0195,0.0136,0.0124,0.0142,0.0088,0.0289,0.0169,0.0195,0.0138
k3_ATG,0.0185,0.0144,0.0179,0.012,0.009,0.0189,0.0077,0.039,0.0091,0.0113,0.0142,0.0059,0.0024,0.0106,0.0143,0.0135
k3_ATT,0.0023,0.0,0.0056,0.0013,0.0015,0.0032,0.0019,0.0,0.0045,0.0031,0.0055,0.0029,0.0024,0.0064,0.0078,0.0037
k3_CAA,0.0139,0.0288,0.0122,0.0146,0.0181,0.0158,0.0232,0.0098,0.0136,0.0175,0.0252,0.0294,0.0289,0.0064,0.0182,0.0169
k3_CAC,0.0092,0.024,0.0189,0.0133,0.0181,0.0221,0.0097,0.0244,0.0045,0.0175,0.0197,0.0294,0.0145,0.0106,0.0117,0.0121
k3_CAG,0.0139,0.0096,0.0224,0.0146,0.0256,0.0284,0.0213,0.0146,0.0318,0.0175,0.0186,0.0147,0.0145,0.0297,0.0273,0.029
k3_CAT,0.0069,0.0048,0.0148,0.0093,0.012,0.011,0.0116,0.0049,0.0136,0.0072,0.0131,0.0029,0.0169,0.0106,0.0156,0.0115
k3_CCA,0.0115,0.0192,0.026,0.0293,0.0286,0.0189,0.0174,0.0146,0.0227,0.0268,0.0296,0.0471,0.0217,0.0212,0.0169,0.0215
k3_CCC,0.0231,0.0144,0.0265,0.024,0.0196,0.0063,0.0155,0.0,0.0273,0.0237,0.0131,0.0118,0.0072,0.0254,0.0195,0.0124
k3_CCG,0.0485,0.0288,0.0474,0.0439,0.0407,0.0284,0.0484,0.0146,0.0364,0.0495,0.0329,0.0353,0.0337,0.0381,0.039,0.0327
k3_CCT,0.0254,0.0337,0.0184,0.0213,0.0166,0.0237,0.0193,0.0146,0.0318,0.0289,0.0131,0.0059,0.0145,0.0127,0.0208,0.0187
k3_CGA,0.0393,0.0337,0.0327,0.028,0.0301,0.0158,0.0368,0.0634,0.0182,0.0278,0.0329,0.0353,0.0337,0.0275,0.0286,0.0267
k3_CGC,0.0577,0.0385,0.05,0.0439,0.0452,0.0426,0.0309,0.0195,0.0545,0.0515,0.0296,0.0294,0.0361,0.0275,0.039,0.0348
k3_CGG,0.0139,0.0337,0.0286,0.0213,0.0346,0.0158,0.0232,0.0049,0.0182,0.0268,0.0263,0.0265,0.0265,0.0233,0.0325,0.035
k3_CGT,0.0139,0.0048,0.0117,0.016,0.0181,0.0158,0.0193,0.0098,0.0136,0.0082,0.0164,0.0118,0.012,0.0233,0.0117,0.0112
k3_CTA,0.0115,0.0144,0.0066,0.0067,0.0105,0.0063,0.0077,0.0049,0.0182,0.0052,0.0088,0.0,0.0096,0.0169,0.0104,0.008
k3_CTC,0.0092,0.0288,0.0077,0.008,0.009,0.011,0.0077,0.0146,0.0182,0.0186,0.0164,0.0176,0.0072,0.0148,0.013,0.0121
k3_CTG,0.0393,0.0288,0.0276,0.0439,0.0196,0.0237,0.0271,0.039,0.0364,0.0289,0.0285,0.0265,0.0386,0.0254,0.0273,0.0316
k3_CTT,0.0069,0.0048,0.0066,0.008,0.0045,0.0095,0.0058,0.0,0.0,0.0082,0.0099,0.0176,0.0,0.0042,0.0039,0.0052
k3_GAA,0.0139,0.024,0.0133,0.024,0.0166,0.0221,0.0348,0.039,0.0136,0.0155,0.0164,0.0147,0.012,0.0085,0.0104,0.0161
k3_GAC,0.0231,0.0385,0.0189,0.016,0.0151,0.011,0.0155,0.0341,0.0227,0.0278,0.0241,0.0235,0.0217,0.0191,0.0221,0.023
k3_GAG,0.0323,0.0096,0.0199,0.0173,0.0211,0.0237,0.0232,0.0244,0.0227,0.0186,0.0088,0.0324,0.0193,0.0233,0.0143,0.0175
k3_GAT,0.0092,0.0048,0.0117,0.0107,0.012,0.0079,0.0097,0.0293,0.0045,0.0144,0.012,0.0088,0.0145,0.0127,0.013,0.0106
k3_GCA,0.0185,0.0144,0.0235,0.012,0.0226,0.0252,0.0174,0.0098,0.0091,0.0144,0.0219,0.0176,0.0313,0.0169,0.0273,0.0282
k3_GCC,0.0554,0.0288,0.0551,0.0533,0.0346,0.041,0.0271,0.0195,0.05,0.067,0.0274,0.0353,0.0506,0.0275,0.0364,0.0382
k3_GCG,0.0393,0.024,0.0393,0.0226,0.0437,0.0426,0.0387,0.0244,0.05,0.0247,0.0285,0.0294,0.0241,0.0339,0.0364,0.0402
k3_GCT,0.0208,0.0288,0.0199,0.0266,0.0151,0.0126,0.0174,0.0244,0.0318,0.0206,0.0241,0.0353,0.0169,0.0233,0.0221,0.025
k3_GGA,0.0162,0.0192,0.0128,0.0173,0.012,0.03,0.0155,0.0146,0.0136,0.0258,0.0131,0.0235,0.0072,0.0191,0.0117,0.0152
k3_GGC,0.0277,0.0288,0.0393,0.0386,0.0422,0.0268,0.0309,0.0244,0.0273,0.0402,0.0383,0.0412,0.0337,0.0403,0.0442,0.0511
k3_GGG,0.0162,0.0192,0.0163,0.008,0.0151,0.0252,0.0135,0.0146,0.0136,0.0113,0.012,0.0147,0.012,0.0233,0.0104,0.0175
k3_GGT,0.0139,0.0048,0.0163,0.012,0.0136,0.0158,0.0155,0.0146,0.0045,0.0082,0.0164,0.0029,0.012,0.0191,0.0195,0.0141
k3_GTA,0.0,0.0,0.0031,0.004,0.003,0.0079,0.0019,0.0098,0.0045,0.0031,0.0055,0.0,0.0048,0.0042,0.0091,0.0037
k3_GTC,0.0208,0.0096,0.0133,0.0226,0.0271,0.0174,0.0271,0.0049,0.0045,0.0103,0.0164,0.0147,0.0096,0.0212,0.0234,0.0144
k3_GTG,0.0139,0.0048,0.0112,0.008,0.0105,0.0174,0.0174,0.0098,0.0182,0.0113,0.011,0.0059,0.0217,0.0169,0.0065,0.0118
k3_GTT,0.0046,0.0096,0.0077,0.008,0.009,0.0095,0.0,0.0146,0.0045,0.001,0.0099,0.0059,0.0072,0.0191,0.0039,0.0083
k3_TAA,0.0,0.0,0.001,0.0,0.0,0.0032,0.0019,0.0,0.0045,0.001,0.0011,0.0,0.0072,0.0021,0.0052,0.0026
k3_TAC,0.0069,0.0096,0.0082,0.0093,0.0151,0.0047,0.0058,0.0049,0.0182,0.0072,0.0131,0.0,0.012,0.0106,0.0091,0.0066
k3_TAG,0.0,0.0048,0.0005,0.0,0.0,0.0047,0.0,0.0049,0.0,0.001,0.0022,0.0,0.0024,0.0021,0.0013,0.0026
k3_TAT,0.0092,0.0,0.0031,0.004,0.0015,0.0032,0.0039,0.0049,0.0091,0.001,0.0033,0.0,0.0,0.0106,0.0091,0.0043
k3_TCA,0.0069,0.0144,0.0082,0.0053,0.0136,0.0142,0.0155,0.0195,0.0182,0.0103,0.0142,0.0059,0.0072,0.0169,0.0182,0.0101
k3_TCC,0.0092,0.0048,0.0138,0.0173,0.0181,0.0126,0.0309,0.0,0.0045,0.0093,0.0164,0.0147,0.0024,0.0191,0.0169,0.0138
k3_TCG,0.0208,0.0337,0.0179,0.028,0.0241,0.0142,0.0135,0.0293,0.0091,0.0216,0.0208,0.0265,0.0241,0.0212,0.0234,0.0195
k3_TCT,0.0115,0.0048,0.0051,0.0107,0.0075,0.0032,0.0058,0.0049,0.0091,0.0062,0.0142,0.0147,0.0145,0.0148,0.0065,0.0043
k3_TGA,0.0185,0.024,0.0117,0.0186,0.0075,0.0126,0.0193,0.0439,0.0273,0.0144,0.0099,0.0118,0.0193,0.0106,0.013,0.0135
k3_TGC,0.0185,0.0096,0.023,0.0107,0.006,0.03,0.0174,0.0098,0.0273,0.0124,0.0153,0.0206,0.0265,0.0106,0.0091,0.0187
k3_TGG,0.03,0.0144,0.023,0.036,0.0196,0.0237,0.0135,0.0341,0.0091,0.0237,0.0263,0.0088,0.0193,0.0297,0.0234,0.0279
k3_TGT,0.0069,0.0048,0.0036,0.0053,0.009,0.0079,0.0019,0.0,0.0,0.0062,0.0044,0.0029,0.0048,0.0106,0.0065,0.0052
k3_TTA,0.0023,0.0,0.0015,0.0,0.0,0.0,0.0,0.0,0.0045,0.001,0.0044,0.0,0.0,0.0021,0.0026,0.0014
k3_TTC,0.0092,0.0096,0.0138,0.0107,0.012,0.0079,0.0077,0.0146,0.0045,0.0062,0.0186,0.0206,0.0024,0.0191,0.0091,0.0075
k3_TTG,0.0023,0.0048,0.0046,0.0067,0.003,0.0142,0.0,0.0,0.0,0.0052,0.0022,0.0059,0.0072,0.0085,0.0039,0.0083
k3_TTT,0.0023,0.0,0.0041,0.0027,0.003,0.0032,0.0019,0.0,0.0,0.0031,0.0033,0.0059,0.0,0.0042,0.0013,0.004
k4_AAAA,0.0,0.0,0.0,0.0027,0.003,0.0016,0.0,0.0049,0.0,0.0021,0.0033,0.0029,0.0097,0.0,0.0,0.0014
k4_AAAC,0.0023,0.0097,0.0015,0.0013,0.0015,0.0047,0.0039,0.0,0.0,0.0041,0.0033,0.0029,0.0048,0.0021,0.0013,0.0014
k4_AAAG,0.0023,0.0145,0.001,0.0027,0.0,0.0,0.0,0.0049,0.0046,0.0031,0.0011,0.0029,0.0048,0.0,0.0026,0.0014
k4_AAAT,0.0023,0.0,0.0031,0.008,0.0,0.0032,0.0039,0.0049,0.0,0.001,0.0011,0.0029,0.0048,0.0,0.0013,0.0026
k4_AACA,0.0023,0.0048,0.0026,0.0013,0.0015,0.0079,0.0116,0.0,0.0,0.0,0.0033,0.0,0.0024,0.0,0.0013,0.0032
k4_AACC,0.0023,0.0193,0.0031,0.0067,0.009,0.0016,0.0097,0.0,0.0091,0.0041,0.0066,0.0059,0.0072,0.0042,0.0026,0.0032
k4_AACG,0.0023,0.0048,0.0041,0.0013,0.0075,0.0016,0.0058,0.0049,0.0046,0.0021,0.0044,0.0,0.0097,0.0,0.0026,0.0037
k4_AACT,0.0069,0.0,0.0015,0.004,0.0,0.0032,0.0,0.0098,0.0,0.0021,0.0066,0.0029,0.0,0.0021,0.0026,0.0032
k4_AAGA,0.0046,0.0048,0.0015,0.0027,0.0075,0.0016,0.0097,0.0,0.0046,0.0052,0.0022,0.0059,0.0024,0.0,0.0013,0.0029
k4_AAGC,0.0023,0.0097,0.0046,0.008,0.0045,0.0016,0.0058,0.0098,0.0091,0.0041,0.0055,0.0088,0.0097,0.0,0.0052,0.0066
k4_AAGG,0.0023,0.0,0.0036,0.0,0.0,0.0126,0.0078,0.0049,0.0046,0.0114,0.0066,0.0177,0.0048,0.0042,0.0117,0.0049
k4_AAGT,0.0,0.0,0.0005,0.004,0.003,0.0032,0.0019,0.0049,0.0,0.001,0.0022,0.0,0.0024,0.0021,0.0,0.0009
k4_AATA,0.0,0.0,0.001,0.0,0.0,0.0,0.0,0.0,0.0,0.001,0.0,0.0,0.0024,0.0,0.0,0.0017
k4_AATC,0.0023,0.0048,0.0015,0.0027,0.0015,0.0016,0.0058,0.0049,0.0,0.001,0.0022,0.0029,0.0072,0.0,0.0039,0.0023
k4_AATG,0.0,0.0048,0.0015,0.008,0.0,0.0063,0.0019,0.0098,0.0,0.0021,0.0033,0.0,0.0,0.0021,0.0013,0.0029
k4_AATT,0.0023,0.0,0.001,0.0,0.0,0.0,0.0,0.0,0.0,0.0,0.0,0.0,0.0,0.0,0.0,0.0003
k4_ACAA,0.0023,0.0145,0.0015,0.0,0.006,0.0016,0.0097,0.0,0.0046,0.0021,0.0033,0.0059,0.0048,0.0,0.0026,0.0032
k4_ACAC,0.0,0.0048,0.001,0.0013,0.003,0.0063,0.0019,0.0098,0.0,0.0031,0.0044,0.0,0.0048,0.0,0.0026,0.0006
k4_ACAG,0.0,0.0,0.0031,0.0013,0.0,0.0063,0.0019,0.0,0.0046,0.0021,0.0,0.0,0.0024,0.0021,0.0052,0.0032
k4_ACAT,0.0046,0.0,0.0051,0.0027,0.0,0.0047,0.0019,0.0,0.0046,0.001,0.0033,0.0,0.0024,0.0,0.0,0.0029
k4_ACCA,0.0023,0.0048,0.0077,0.0067,0.006,0.0032,0.0019,0.0147,0.0046,0.0031,0.0099,0.0088,0.0048,0.0042,0.0026,0.0052
k4_ACCC,0.0069,0.0,0.0056,0.0053,0.006,0.0016,0.0058,0.0,0.0137,0.0103,0.0033,0.0059,0.0024,0.0042,0.0052,0.0029
k4_ACCG,0.0069,0.029,0.0082,0.0027,0.0151,0.0095,0.0136,0.0,0.0091,0.0083,0.011,0.0177,0.0048,0.0127,0.0091,0.0086
k4_ACCT,0.0046,0.0145,0.0015,0.0093,0.006,0.0032,0.0058,0.0098,0.0091,0.0072,0.0077,0.0059,0.0048,0.0042,0.0065,0.0043
k4_ACGA,0.0069,0.0048,0.0071,0.0053,0.0045,0.0016,0.0039,0.0245,0.0046,0.001,0.0077,0.0059,0.0024,0.0021,0.0,0.0032
k4_ACGC,0.0046,0.0145,0.0051,0.004,0.006,0.0032,0.0019,0.0,0.0046,0.0093,0.0033,0.0029,0.0072,0.0042,0.0052,0.0066
k4_ACGG,0.0,0.0048,0.0036,0.0013,0.006,0.0,0.0,0.0,0.0,0.0072,0.0088,0.0029,0.0169,0.0021,0.0065,0.004
k4_ACGT,0.0046,0.0,0.0026,0.004,0.003,0.0,0.0039,0.0049,0.0,0.001,0.0033,0.0,0.0,0.0,0.0013,0.0014
k4_ACTA,0.0023,0.0,0.0005,0.0013,0.0015,0.0016,0.0,0.0,0.0,0.0021,0.0,0.0,0.0,0.0021,0.0013,0.0014
k4_ACTC,0.0,0.0048,0.0005,0.0,0.0,0.0032,0.0,0.0049,0.0,0.001,0.0033,0.0029,0.0024,0.0042,0.0013,0.0029
k4_ACTG,0.0046,0.0048,0.0031,0.0053,0.0015,0.0047,0.0039,0.0098,0.0,0.001,0.0044,0.0,0.0072,0.0021,0.0026,0.0034
k4_ACTT,0.0023,0.0,0.001,0.0013,0.0015,0.0016,0.0019,0.0,0.0,0.001,0.0044,0.0029,0.0,0.0021,0.0,0.0011
k4_AGAA,0.0023,0.0,0.0031,0.004,0.0045,0.0047,0.0058,0.0049,0.0046,0.0031,0.0033,0.0029,0.0048,0.0,0.0026,0.0029
k4_AGAC,0.0046,0.0,0.0005,0.0,0.003,0.0,0.0039,0.0049,0.0046,0.0021,0.0011,0.0059,0.0,0.0,0.0013,0.0026
k4_AGAG,0.0,0.0048,0.002,0.0,0.006,0.0016,0.0019,0.0,0.0,0.0021,0.0011,0.0,0.0024,0.0042,0.0,0.0029
k4_AGAT,0.0,0.0,0.0015,0.0013,0.003,0.0016,0.0019,0.0,0.0,0.0021,0.0011,0.0029,0.0024,0.0021,0.0026,0.0034
k4_AGCA,0.0023,0.0048,0.0051,0.0027,0.009,0.0047,0.0019,0.0049,0.0,0.0041,0.0055,0.0059,0.0072,0.0042,0.0078,0.0075
k4_AGCC,0.0093,0.0,0.0066,0.0067,0.006,0.0095,0.0019,0.0098,0.0183,0.0114,0.0044,0.0059,0.0048,0.0042,0.0065,0.0075
k4_AGCG,0.0093,0.0097,0.0092,0.0053,0.006,0.0063,0.0116,0.0098,0.0091,0.0031,0.0044,0.0118,0.0097,0.0149,0.0065,0.0078
k4_AGCT,0.0093,0.0048,0.0046,0.0067,0.0015,0.0016,0.0058,0.0,0.0046,0.0041,0.0044,0.0029,0.0048,0.0,0.0091,0.0043
k4_AGGA,0.0046,0.0,0.0015,0.0053,0.0,0.0111,0.0058,0.0049,0.0091,0.0093,0.0077,0.0088,0.0024,0.0064,0.0052,0.0029
k4_AGGC,0.0046,0.0048,0.0051,0.0027,0.0075,0.0095,0.0039,0.0049,0.0,0.0114,0.0033,0.0147,0.0024,0.0106,0.0052,0.0086
k4_AGGG,0.0,0.0,0.0041,0.0013,0.0015,0.0079,0.0058,0.0,0.0091,0.0031,0.0011,0.0059,0.0,0.0042,0.0013,0.0029
k4_AGGT,0.0046,0.0,0.0061,0.0013,0.0045,0.0047,0.0097,0.0049,0.0,0.0,0.0033,0.0029,0.0024,0.0042,0.0078,0.0032
k4_AGTA,0.0,0.0,0.0005,0.0,0.003,0.0032,0.0019,0.0,0.0,0.001,0.0011,0.0,0.0024,0.0,0.0026,0.0014
k4_AGTC,0.0023,0.0048,0.001,0.0053,0.003,0.0047,0.0039,0.0049,0.0,0.0,0.0,0.0029,0.0024,0.0042,0.0026,0.002
k4_AGTG,0.0023,0.0,0.001,0.0013,0.0,0.0016,0.0039,0.0049,0.0091,0.001,0.0022,0.0029,0.0024,0.0021,0.0,0.0017
k4_AGTT,0.0,0.0048,0.001,0.0027,0.003,0.0032,0.0,0.0049,0.0046,0.001,0.0022,0.0029,0.0048,0.0,0.0,0.0026
k4_ATAA,0.0,0.0,0.0005,0.0,0.0,0.0,0.0,0.0,0.0,0.0,0.0,0.0,0.0048,0.0,0.0013,0.0
k4_ATAC,0.0023,0.0,0.0005,0.0013,0.003,0.0,0.0,0.0,0.0046,0.001,0.0011,0.0,0.0024,0.0,0.0013,0.0011
k4_ATAG,0.0,0.0,0.0,0.0,0.0,0.0016,0.0,0.0,0.0,0.0,0.0,0.0,0.0,0.0021,0.0,0.0006
k4_ATAT,0.0,0.0,0.0005,0.0013,0.0,0.0,0.0019,0.0,0.0,0.0,0.0,0.0,0.0,0.0,0.0,0.0011
k4_ATCA,0.0023,0.0,0.002,0.0027,0.0015,0.0032,0.0058,0.0147,0.0091,0.0031,0.0044,0.0,0.0,0.0021,0.0052,0.0032
k4_ATCC,0.0023,0.0,0.0031,0.004,0.006,0.0047,0.0097,0.0,0.0,0.0,0.0033,0.0059,0.0024,0.0021,0.0078,0.0043
k4_ATCG,0.0,0.0097,0.0036,0.0107,0.006,0.0,0.0078,0.0049,0.0,0.0093,0.0033,0.0029,0.0193,0.0085,0.0065,0.0055
k4_ATCT,0.0046,0.0,0.0015,0.0027,0.0015,0.0,0.0,0.0,0.0046,0.0,0.0033,0.0,0.0072,0.0042,0.0,0.0009
k4_ATGA,0.0023,0.0145,0.0041,0.0027,0.0015,0.0016,0.0039,0.0147,0.0046,0.0031,0.0022,0.0,0.0,0.0,0.0039,0.0023
k4_ATGC,0.0046,0.0,0.0077,0.0013,0.0,0.0126,0.0019,0.0049,0.0046,0.001,0.0022,0.0029,0.0024,0.0,0.0013,0.0043
k4_ATGG,0.0046,0.0,0.0051,0.008,0.003,0.0047,0.0019,0.0196,0.0,0.0072,0.0077,0.0029,0.0,0.0064,0.0052,0.0063
k4_ATGT,0.0069,0.0,0.001,0.0,0.0045,0.0,0.0,0.0,0.0,0.0,0.0022,0.0,0.0,0.0042,0.0039,0.0006
k4_ATTA,0.0,0.0,0.0,0.0,0.0,0.0,0.0,0.0,0.0046,0.0,0.0022,0.0,0.0,0.0021,0.0026,0.0003
k4_ATTC,0.0023,0.0,0.0036,0.0013,0.0015,0.0,0.0019,0.0,0.0,0.001,0.0022,0.0029,0.0,0.0021,0.0013,0.002
k4_ATTG,0.0,0.0,0.0015,0.0,0.0,0.0032,0.0,0.0,0.0,0.001,0.0,0.0,0.0024,0.0,0.0026,0.0006
k4_ATTT,0.0,0.0,0.0005,0.0,0.0,0.0,0.0,0.0,0.0,0.001,0.0011,0.0,0.0,0.0021,0.0013,0.0009
k4_CAAA,0.0023,0.0193,0.0015,0.0027,0.0015,0.0047,0.0,0.0,0.0,0.0021,0.0011,0.0059,0.0048,0.0,0.0013,0.0014
k4_CAAC,0.0093,0.0097,0.0056,0.004,0.009,0.0,0.0097,0.0049,0.0046,0.0031,0.0121,0.0029,0.0121,0.0,0.0052,0.0043
k4_CAAG,0.0023,0.0,0.0051,0.0053,0.0075,0.0079,0.0116,0.0,0.0091,0.0114,0.0088,0.0206,0.0072,0.0042,0.0104,0.0089
k4_CAAT,0.0,0.0,0.0,0.0027,0.0,0.0032,0.0019,0.0049,0.0,0.001,0.0033,0.0,0.0048,0.0021,0.0013,0.0023
k4_CACA,0.0023,0.0048,0.0026,0.0013,0.0015,0.0047,0.0019,0.0,0.0046,0.0021,0.0,0.0,0.0048,0.0,0.0039,0.0014
k4_CACC,0.0046,0.0145,0.0112,0.0053,0.0106,0.0111,0.0078,0.0196,0.0,0.0093,0.0132,0.0206,0.0,0.0085,0.0078,0.0066
k4_CACG,0.0,0.0,0.0036,0.004,0.0045,0.0,0.0,0.0,0.0,0.0062,0.0033,0.0059,0.0097,0.0,0.0,0.0023
k4_CACT,0.0023,0.0048,0.0015,0.0027,0.0015,0.0063,0.0,0.0049,0.0,0.0,0.0033,0.0029,0.0,0.0021,0.0,0.0017
k4_CAGA,0.0,0.0,0.002,0.0013,0.0045,0.0047,0.0039,0.0049,0.0046,0.0031,0.0033,0.0029,0.0048,0.0021,0.0026,0.0055
k4_CAGC,0.0093,0.0097,0.0117,0.0067,0.0136,0.0047,0.0058,0.0049,0.0137,0.0083,0.0066,0.0059,0.0048,0.0127,0.0156,0.0118
k4_CAGG,0.0046,0.0,0.0071,0.004,0.0075,0.0126,0.0058,0.0,0.0046,0.0052,0.0077,0.0029,0.0,0.0127,0.0052,0.0078
k4_CAGT,0.0,0.0,0.0015,0.0027,0.0,0.0063,0.0058,0.0049,0.0091,0.001,0.0011,0.0029,0.0048,0.0021,0.0039,0.004
k4_CATA,0.0,0.0,0.0,0.0,0.0,0.0,0.0,0.0,0.0,0.0,0.0,0.0,0.0,0.0,0.0,0.0003
k4_CATC,0.0023,0.0,0.0066,0.0067,0.009,0.0032,0.0116,0.0,0.0137,0.0062,0.0044,0.0,0.0145,0.0042,0.0091,0.006
k4_CATG,0.0046,0.0048,0.0061,0.0027,0.003,0.0063,0.0,0.0049,0.0,0.001,0.0055,0.0,0.0,0.0021,0.0039,0.004
k4_CATT,0.0,0.0,0.002,0.0,0.0,0.0016,0.0,0.0,0.0,0.0,0.0033,0.0029,0.0024,0.0042,0.0026,0.0011
k4_CCAA,0.0046,0.0,0.0056,0.0093,0.003,0.0016,0.0039,0.0049,0.0,0.0062,0.0088,0.0177,0.0097,0.0,0.0026,0.004
k4_CCAC,0.0023,0.0048,0.0066,0.0067,0.0045,0.0047,0.0,0.0098,0.0046,0.0052,0.0066,0.0177,0.0024,0.0,0.0013,0.0029
k4_CCAG,0.0046,0.0097,0.0097,0.0107,0.0166,0.0095,0.0116,0.0,0.0137,0.0114,0.0121,0.0118,0.0048,0.0149,0.0091,0.0112
k4_CCAT,0.0,0.0048,0.0041,0.0027,0.0045,0.0032,0.0019,0.0,0.0046,0.0041,0.0022,0.0,0.0048,0.0064,0.0039,0.0034
k4_CCCA,0.0023,0.0048,0.0056,0.0027,0.006,0.0,0.0,0.0,0.0046,0.0031,0.0044,0.0059,0.0,0.0021,0.0026,0.0026
k4_CCCC,0.0,0.0,0.0031,0.004,0.0045,0.0,0.0039,0.0,0.0046,0.0041,0.0022,0.0,0.0,0.0085,0.0052,0.0006
k4_CCCG,0.0162,0.0,0.0112,0.0133,0.0075,0.0016,0.0097,0.0,0.0137,0.0103,0.0044,0.0059,0.0048,0.0127,0.0052,0.0049
k4_CCCT,0.0046,0.0097,0.0066,0.004,0.0015,0.0047,0.0019,0.0,0.0046,0.0062,0.0022,0.0,0.0024,0.0021,0.0065,0.0043
k4_CCGA,0.0069,0.0097,0.0107,0.012,0.0075,0.0032,0.0136,0.0049,0.0046,0.0103,0.0099,0.0088,0.0145,0.0106,0.0117,0.0098
k4_CCGC,0.0347,0.0097,0.0219,0.0147,0.0166,0.0158,0.0136,0.0098,0.0183,0.0237,0.0088,0.0147,0.0097,0.0085,0.0117,0.0112
k4_CCGG,0.0023,0.0048,0.0128,0.012,0.0106,0.0032,0.0078,0.0,0.0046,0.0114,0.0077,0.0088,0.0072,0.0085,0.0117,0.0078
k4_CCGT,0.0046,0.0048,0.002,0.0053,0.006,0.0063,0.0136,0.0,0.0091,0.0041,0.0066,0.0029,0.0024,0.0106,0.0039,0.004
k4_CCTA,0.0046,0.0097,0.001,0.0013,0.0,0.0,0.0,0.0049,0.0,0.0,0.0022,0.0,0.0024,0.0021,0.0039,0.0032
k4_CCTC,0.0046,0.0097,0.0031,0.004,0.006,0.0063,0.0078,0.0,0.0091,0.0093,0.0044,0.0029,0.0,0.0,0.0039,0.0049
k4_CCTG,0.0139,0.0097,0.0123,0.0147,0.009,0.0095,0.0097,0.0098,0.0228,0.0155,0.0066,0.0,0.0121,0.0085,0.0117,0.0095
k4_CCTT,0.0023,0.0048,0.002,0.0013,0.0015,0.0079,0.0019,0.0,0.0,0.0041,0.0,0.0029,0.0,0.0021,0.0013,0.0011
k4_CGAA,0.0046,0.0097,0.0051,0.0067,0.009,0.0047,0.0116,0.0245,0.0046,0.0052,0.0066,0.0059,0.0048,0.0042,0.0026,0.006
k4_CGAC,0.0069,0.0193,0.0112,0.008,0.0075,0.0016,0.0039,0.0147,0.0046,0.0093,0.0154,0.0088,0.0169,0.0106,0.0143,0.0078
k4_CGAG,0.0208,0.0048,0.0117,0.0093,0.009,0.0032,0.0136,0.0147,0.0091,0.0083,0.0066,0.0177,0.0097,0.0085,0.0091,0.0083
k4_CGAT,0.0069,0.0,0.0046,0.004,0.0045,0.0063,0.0078,0.0098,0.0,0.0052,0.0044,0.0029,0.0024,0.0042,0.0026,0.0046
k4_CGCA,0.0116,0.0097,0.0077,0.004,0.006,0.0079,0.0097,0.0049,0.0046,0.0041,0.0055,0.0029,0.0048,0.0021,0.0052,0.0069
k4_CGCC,0.0278,0.0145,0.0214,0.0213,0.0196,0.0126,0.0078,0.0049,0.0228,0.0299,0.0088,0.0147,0.0169,0.0149,0.0182,0.0115
k4_CGCG,0.0162,0.0,0.0143,0.0107,0.0136,0.0158,0.0078,0.0098,0.0183,0.0072,0.0055,0.0,0.0072,0.0064,0.0078,0.0083
k4_CGCT,0.0023,0.0145,0.0066,0.008,0.006,0.0063,0.0058,0.0,0.0091,0.0103,0.0099,0.0118,0.0072,0.0042,0.0078,0.008
k4_CGGA,0.0023,0.0097,0.0041,0.0027,0.0075,0.0032,0.0058,0.0049,0.0,0.0052,0.0022,0.0088,0.0,0.0064,0.0039,0.004
k4_CGGC,0.0069,0.0097,0.0189,0.016,0.0151,0.0063,0.0116,0.0,0.0137,0.0134,0.0164,0.0088,0.0169,0.0127,0.0221,0.021
k4_CGGG,0.0046,0.0097,0.0041,0.0,0.006,0.0032,0.0019,0.0,0.0046,0.0021,0.0022,0.0088,0.0024,0.0021,0.0026,0.0063
k4_CGGT,0.0,0.0048,0.0015,0.0027,0.006,0.0032,0.0039,0.0,0.0,0.0062,0.0055,0.0,0.0072,0.0021,0.0039,0.0037
k4_CGTA,0.0,0.0,0.0015,0.0013,0.0,0.0,0.0,0.0049,0.0046,0.001,0.0022,0.0,0.0024,0.0042,0.0013,0.0006
k4_CGTC,0.0023,0.0,0.0031,0.008,0.0075,0.0047,0.0136,0.0,0.0046,0.0021,0.0055,0.0059,0.0024,0.0106,0.0078,0.0057
k4_CGTG,0.0093,0.0,0.0031,0.0027,0.0045,0.0079,0.0058,0.0049,0.0046,0.0052,0.0044,0.0029,0.0048,0.0,0.0013,0.0029
k4_CGTT,0.0023,0.0048,0.0041,0.004,0.006,0.0032,0.0,0.0,0.0,0.0,0.0044,0.0029,0.0024,0.0085,0.0013,0.002
k4_CTAA,0.0,0.0,0.0,0.0,0.0,0.0,0.0019,0.0,0.0046,0.0,0.0,0.0,0.0024,0.0,0.0013,0.0017
k4_CTAC,0.0023,0.0097,0.0061,0.0053,0.0106,0.0032,0.0039,0.0049,0.0091,0.0031,0.0066,0.0,0.0072,0.0085,0.0052,0.0032
k4_CTAG,0.0,0.0048,0.0,0.0,0.0,0.0016,0.0,0.0,0.0,0.001,0.0,0.0,0.0,0.0,0.0,0.0014
k4_CTAT,0.0093,0.0,0.0005,0.0013,0.0,0.0016,0.0019,0.0,0.0046,0.001,0.0022,0.0,0.0,0.0085,0.0039,0.0017
k4_CTCA,0.0,0.0048,0.001,0.0,0.003,0.0016,0.0039,0.0049,0.0091,0.0062,0.0044,0.0029,0.0048,0.0021,0.0013,0.0026
k4_CTCC,0.0023,0.0048,0.002,0.0053,0.0015,0.0063,0.0039,0.0,0.0,0.0062,0.0044,0.0029,0.0,0.0085,0.0026,0.0037
k4_CTCG,0.0069,0.0193,0.0041,0.0013,0.003,0.0016,0.0,0.0049,0.0046,0.0041,0.0044,0.0029,0.0024,0.0042,0.0065,0.0046
k4_CTCT,0.0,0.0,0.0005,0.0013,0.0015,0.0016,0.0,0.0049,0.0046,0.0021,0.0033,0.0088,0.0,0.0,0.0026,0.0011
k4_CTGA,0.0093,0.0048,0.0036,0.0107,0.0045,0.0047,0.0097,0.0294,0.0091,0.0083,0.0055,0.0059,0.0048,0.0042,0.0013,0.0063
k4_CTGC,0.0069,0.0097,0.0107,0.004,0.0045,0.0079,0.0058,0.0049,0.0183,0.0072,0.0088,0.0147,0.0145,0.0021,0.0065,0.0078
k4_CTGG,0.0231,0.0097,0.0117,0.024,0.0075,0.0111,0.0097,0.0049,0.0091,0.0083,0.0132,0.0029,0.0145,0.017,0.0169,0.0147
k4_CTGT,0.0,0.0048,0.0015,0.0053,0.003,0.0,0.0019,0.0,0.0,0.0052,0.0011,0.0029,0.0048,0.0021,0.0026,0.0029
k4_CTTA,0.0,0.0,0.0005,0.0,0.0,0.0,0.0,0.0,0.0,0.0,0.0,0.0,0.0,0.0,0.0,0.0
k4_CTTC,0.0023,0.0,0.0041,0.004,0.003,0.0,0.0039,0.0,0.0,0.0031,0.0099,0.0147,0.0,0.0021,0.0026,0.0023
k4_CTTG,0.0023,0.0048,0.001,0.0027,0.0015,0.0079,0.0,0.0,0.0,0.0031,0.0,0.0,0.0,0.0021,0.0013,0.0023
k4_CTTT,0.0023,0.0,0.001,0.0013,0.0,0.0016,0.0019,0.0,0.0,0.0021,0.0,0.0029,0.0,0.0,0.0,0.0006
k4_GAAA,0.0046,0.0048,0.0036,0.0093,0.0,0.0032,0.0078,0.0098,0.0046,0.0062,0.0033,0.0029,0.0048,0.0021,0.0039,0.0037
k4_GAAC,0.0023,0.0097,0.0041,0.008,0.0075,0.0079,0.0136,0.0098,0.0046,0.001,0.0055,0.0029,0.0024,0.0042,0.0013,0.006
k4_GAAG,0.0046,0.0,0.0036,0.0067,0.0075,0.0095,0.0136,0.0147,0.0046,0.0062,0.0066,0.0088,0.0048,0.0021,0.0039,0.0049
k4_GAAT,0.0023,0.0097,0.002,0.0,0.0015,0.0016,0.0,0.0049,0.0,0.0021,0.0011,0.0,0.0,0.0,0.0013,0.0014
k4_GACA,0.0023,0.0097,0.0031,0.0013,0.003,0.0032,0.0019,0.0098,0.0091,0.0052,0.0077,0.0059,0.0024,0.0021,0.0026,0.0043
k4_GACC,0.0093,0.0097,0.0056,0.0093,0.0075,0.0047,0.0097,0.0049,0.0091,0.0124,0.0055,0.0118,0.0072,0.0085,0.0117,0.0089
k4_GACG,0.0116,0.0145,0.0087,0.0053,0.003,0.0016,0.0,0.0196,0.0046,0.0083,0.011,0.0059,0.0048,0.0042,0.0052,0.0072
k4_GACT,0.0,0.0048,0.0015,0.0,0.0015,0.0016,0.0039,0.0,0.0,0.0021,0.0,0.0,0.0072,0.0042,0.0026,0.0026
k4_GAGA,0.0023,0.0,0.0031,0.0013,0.0045,0.0016,0.0,0.0,0.0,0.001,0.0011,0.0029,0.0024,0.0042,0.0026,0.0029
k4_GAGC,0.0185,0.0,0.0092,0.0067,0.0045,0.0111,0.0097,0.0098,0.0091,0.0093,0.0044,0.0118,0.0097,0.0106,0.0078,0.0072
k4_GAGG,0.0069,0.0048,0.0061,0.0067,0.006,0.0079,0.0116,0.0098,0.0091,0.0072,0.0011,0.0118,0.0024,0.0064,0.0026,0.0046
k4_GAGT,0.0046,0.0048,0.0015,0.0027,0.006,0.0032,0.0019,0.0049,0.0046,0.001,0.0022,0.0059,0.0048,0.0021,0.0013,0.0029
k4_GATA,0.0,0.0,0.0005,0.0013,0.003,0.0016,0.0019,0.0,0.0,0.0,0.0011,0.0,0.0048,0.0021,0.0026,0.0006
k4_GATC,0.0023,0.0048,0.002,0.008,0.0045,0.0016,0.0039,0.0098,0.0,0.0052,0.0055,0.0059,0.0072,0.0064,0.0039,0.0032
k4_GATG,0.0069,0.0,0.0071,0.0,0.003,0.0032,0.0039,0.0196,0.0046,0.0062,0.0033,0.0029,0.0024,0.0042,0.0039,0.0046
k4_GATT,0.0,0.0,0.002,0.0013,0.0015,0.0016,0.0,0.0,0.0,0.0031,0.0022,0.0,0.0,0.0,0.0026,0.0023
k4_GCAA,0.0069,0.0048,0.0036,0.004,0.006,0.0079,0.0039,0.0,0.0,0.0041,0.0077,0.0029,0.0097,0.0021,0.0078,0.006
k4_GCAC,0.0046,0.0097,0.0077,0.004,0.0075,0.0063,0.0039,0.0,0.0,0.0072,0.0055,0.0118,0.0072,0.0042,0.0039,0.006
k4_GCAG,0.0046,0.0,0.0087,0.0013,0.006,0.0079,0.0058,0.0098,0.0046,0.0021,0.0055,0.0029,0.0048,0.0085,0.0065,0.0121
k4_GCAT,0.0023,0.0,0.0036,0.0027,0.003,0.0032,0.0039,0.0,0.0046,0.001,0.0033,0.0,0.0097,0.0021,0.0091,0.004
k4_GCCA,0.0069,0.0097,0.0082,0.012,0.0075,0.0158,0.0058,0.0,0.0091,0.0186,0.0077,0.0236,0.0169,0.0127,0.0065,0.0075
k4_GCCC,0.0139,0.0145,0.0158,0.012,0.006,0.0032,0.0019,0.0,0.0091,0.0083,0.0044,0.0059,0.0048,0.0085,0.0065,0.0063
k4_GCCG,0.0231,0.0,0.0235,0.0227,0.0136,0.0126,0.0155,0.0147,0.0137,0.0289,0.0121,0.0059,0.0217,0.0042,0.0182,0.0164
k4_GCCT,0.0116,0.0048,0.0077,0.0067,0.0075,0.0095,0.0039,0.0049,0.0183,0.0114,0.0033,0.0,0.0072,0.0021,0.0052,0.008
k4_GCGA,0.0139,0.0048,0.0092,0.004,0.0121,0.0095,0.0155,0.0196,0.0091,0.0062,0.0055,0.0088,0.0097,0.0064,0.0104,0.0089
k4_GCGC,0.0116,0.0097,0.0174,0.0093,0.0151,0.0174,0.0136,0.0,0.0274,0.0114,0.0143,0.0088,0.0097,0.0149,0.0143,0.0112
k4_GCGG,0.0093,0.0097,0.0066,0.004,0.0121,0.0095,0.0097,0.0,0.0091,0.0052,0.0044,0.0059,0.0,0.0085,0.0091,0.0172
k4_GCGT,0.0046,0.0,0.0061,0.0053,0.0045,0.0063,0.0,0.0049,0.0046,0.0021,0.0044,0.0059,0.0048,0.0042,0.0026,0.0029
k4_GCTA,0.0023,0.0048,0.0031,0.0013,0.006,0.0047,0.0058,0.0,0.0137,0.0021,0.0033,0.0,0.0024,0.0042,0.0026,0.0026
k4_GCTC,0.0046,0.0145,0.0041,0.0027,0.003,0.0016,0.0,0.0098,0.0091,0.0072,0.0077,0.0118,0.0048,0.0064,0.0065,0.0034
k4_GCTG,0.0139,0.0097,0.0112,0.0187,0.0045,0.0063,0.0097,0.0147,0.0091,0.0093,0.0121,0.0147,0.0097,0.0127,0.0104,0.0167
k4_GCTT,0.0,0.0,0.0015,0.004,0.0015,0.0,0.0019,0.0,0.0,0.0021,0.0011,0.0088,0.0,0.0,0.0026,0.0023
k4_GGAA,0.0023,0.0097,0.0031,0.0053,0.0015,0.0126,0.0058,0.0,0.0,0.0041,0.0033,0.0029,0.0024,0.0042,0.0052,0.0029
k4_GGAC,0.0069,0.0097,0.0036,0.0053,0.0015,0.0063,0.0019,0.0049,0.0046,0.0114,0.0066,0.0088,0.0,0.0064,0.0013,0.0069
k4_GGAG,0.0069,0.0,0.0036,0.0067,0.0045,0.0111,0.0078,0.0049,0.0091,0.0062,0.0011,0.0088,0.0,0.0042,0.0,0.0034
k4_GGAT,0.0,0.0,0.0026,0.0,0.0045,0.0,0.0,0.0049,0.0,0.0041,0.0022,0.0029,0.0048,0.0042,0.0052,0.002
k4_GGCA,0.0023,0.0,0.0071,0.0053,0.006,0.0032,0.0039,0.0,0.0046,0.0052,0.0077,0.0059,0.0072,0.0085,0.0117,0.0124
k4_GGCC,0.0139,0.0145,0.0189,0.0227,0.0075,0.0095,0.0097,0.0049,0.0046,0.0196,0.011,0.0088,0.0217,0.0064,0.0104,0.0149
k4_GGCG,0.0093,0.0097,0.0092,0.0053,0.0211,0.0111,0.0116,0.0,0.0091,0.0124,0.0143,0.0147,0.0048,0.0127,0.0195,0.0164
k4_GGCT,0.0023,0.0048,0.0041,0.0053,0.0075,0.0032,0.0058,0.0196,0.0091,0.0031,0.0055,0.0118,0.0,0.0127,0.0026,0.0075
k4_GGGA,0.0023,0.0048,0.001,0.0,0.0015,0.0063,0.0,0.0,0.0,0.001,0.0,0.0,0.0,0.0021,0.0,0.0011
k4_GGGC,0.0046,0.0048,0.0092,0.004,0.009,0.0063,0.0078,0.0049,0.0091,0.0083,0.0055,0.0147,0.0048,0.0085,0.0065,0.0103
k4_GGGG,0.0069,0.0097,0.0026,0.0,0.0045,0.0079,0.0058,0.0049,0.0,0.0021,0.0055,0.0,0.0072,0.0085,0.0013,0.0032
k4_GGGT,0.0023,0.0,0.0036,0.004,0.0,0.0047,0.0,0.0049,0.0046,0.0,0.0011,0.0,0.0,0.0042,0.0026,0.0029
k4_GGTA,0.0,0.0,0.001,0.0,0.0,0.0032,0.0,0.0049,0.0,0.001,0.0022,0.0,0.0,0.0,0.0039,0.0009
k4_GGTC,0.0139,0.0,0.0071,0.0067,0.0121,0.0032,0.0097,0.0,0.0,0.0041,0.0077,0.0029,0.0024,0.0042,0.0117,0.0049
k4_GGTG,0.0,0.0048,0.0061,0.004,0.0015,0.0063,0.0058,0.0,0.0046,0.0031,0.0044,0.0,0.0097,0.0085,0.0039,0.0063
k4_GGTT,0.0,0.0,0.002,0.0013,0.0,0.0032,0.0,0.0098,0.0,0.0,0.0022,0.0,0.0,0.0064,0.0,0.002
k4_GTAA,0.0,0.0,0.0005,0.0,0.0,0.0032,0.0,0.0,0.0,0.001,0.0011,0.0,0.0,0.0021,0.0026,0.0006
k4_GTAC,0.0,0.0,0.001,0.0027,0.0015,0.0016,0.0019,0.0,0.0,0.0021,0.0033,0.0,0.0024,0.0,0.0013,0.0017
k4_GTAG,0.0,0.0,0.0005,0.0,0.0,0.0016,0.0,0.0049,0.0,0.0,0.0,0.0,0.0024,0.0,0.0013,0.0006
k4_GTAT,0.0,0.0,0.001,0.0013,0.0015,0.0016,0.0,0.0049,0.0046,0.0,0.0011,0.0,0.0,0.0021,0.0039,0.0009
k4_GTCA,0.0046,0.0048,0.0015,0.0013,0.003,0.0047,0.0039,0.0,0.0,0.0,0.0033,0.0,0.0024,0.0085,0.0065,0.0029
k4_GTCC,0.0023,0.0,0.0036,0.0053,0.0075,0.0016,0.0174,0.0,0.0046,0.0021,0.0044,0.0029,0.0,0.0,0.0052,0.004
k4_GTCG,0.0116,0.0048,0.0061,0.0107,0.0121,0.0095,0.0,0.0049,0.0,0.0062,0.0033,0.0088,0.0024,0.0042,0.0091,0.0063
k4_GTCT,0.0023,0.0,0.002,0.0053,0.0045,0.0016,0.0058,0.0,0.0,0.0021,0.0055,0.0029,0.0048,0.0085,0.0026,0.0011
k4_GTGA,0.0069,0.0048,0.002,0.0053,0.0,0.0032,0.0058,0.0,0.0137,0.0031,0.0011,0.0029,0.0121,0.0042,0.0052,0.0029
k4_GTGC,0.0046,0.0,0.0031,0.0013,0.0,0.0063,0.0097,0.0,0.0046,0.0031,0.0033,0.0029,0.0048,0.0064,0.0,0.004
k4_GTGG,0.0023,0.0,0.0056,0.0013,0.009,0.0047,0.0019,0.0098,0.0,0.0041,0.0055,0.0,0.0048,0.0042,0.0013,0.0043
k4_GTGT,0.0,0.0,0.0005,0.0,0.0015,0.0032,0.0,0.0,0.0,0.001,0.0011,0.0,0.0,0.0021,0.0,0.0006
k4_GTTA,0.0023,0.0,0.0,0.0,0.0,0.0,0.0,0.0,0.0,0.0,0.0011,0.0,0.0,0.0,0.0,0.0006
k4_GTTC,0.0023,0.0097,0.0041,0.004,0.006,0.0063,0.0,0.0147,0.0046,0.001,0.0044,0.0,0.0024,0.0106,0.0039,0.0017
k4_GTTG,0.0,0.0,0.0015,0.0027,0.0015,0.0016,0.0,0.0,0.0,0.0,0.0022,0.0059,0.0048,0.0064,0.0,0.0037
k4_GTTT,0.0,0.0,0.002,0.0013,0.0015,0.0016,0.0,0.0,0.0,0.0,0.0022,0.0,0.0,0.0021,0.0,0.0023
k4_TAAA,0.0,0.0,0.0005,0.0,0.0,0.0,0.0,0.0,0.0,0.0,0.0011,0.0,0.0048,0.0,0.0,0.0003
k4_TAAC,0.0,0.0,0.0,0.0,0.0,0.0016,0.0,0.0,0.0046,0.0,0.0,0.0,0.0,0.0,0.0013,0.0014
k4_TAAG,0.0,0.0,0.0005,0.0,0.0,0.0016,0.0,0.0,0.0,0.001,0.0,0.0,0.0024,0.0,0.0013,0.0
k4_TAAT,0.0,0.0,0.0,0.0,0.0,0.0,0.0019,0.0,0.0,0.0,0.0,0.0,0.0,0.0,0.0013,0.0009
k4_TACA,0.0,0.0,0.0026,0.0013,0.003,0.0032,0.0,0.0,0.0,0.001,0.0,0.0,0.0048,0.0,0.0026,0.0009
k4_TACC,0.0046,0.0048,0.0031,0.0027,0.006,0.0,0.0,0.0,0.0183,0.0031,0.0066,0.0,0.0024,0.0042,0.0013,0.0023
k4_TACG,0.0023,0.0048,0.002,0.004,0.0045,0.0016,0.0039,0.0049,0.0,0.0021,0.0044,0.0,0.0024,0.0042,0.0052,0.002
k4_TACT,0.0,0.0,0.0005,0.0013,0.0015,0.0,0.0019,0.0,0.0,0.001,0.0022,0.0,0.0024,0.0021,0.0,0.0014
k4_TAGA,0.0,0.0,0.0005,0.0,0.0,0.0,0.0,0.0049,0.0,0.0,0.0,0.0,0.0,0.0,0.0,0.0006
k4_TAGC,0.0,0.0,0.0,0.0,0.0,0.0047,0.0,0.0,0.0,0.001,0.0022,0.0,0.0024,0.0,0.0013,0.0014
k4_TAGG,0.0,0.0,0.0,0.0,0.0,0.0,0.0,0.0,0.0,0.0,0.0,0.0,0.0,0.0021,0.0,0.0003
k4_TAGT,0.0,0.0048,0.0,0.0,0.0,0.0,0.0,0.0,0.0,0.0,0.0,0.0,0.0,0.0,0.0,0.0
k4_TATA,0.0023,0.0,0.0,0.0013,0.0,0.0,0.0,0.0,0.0046,0.0,0.0,0.0,0.0,0.0,0.0,0.0003
k4_TATC,0.0023,0.0,0.0,0.0027,0.0,0.0016,0.0019,0.0049,0.0,0.0,0.0022,0.0,0.0,0.0064,0.0026,0.0023
k4_TATG,0.0046,0.0,0.0026,0.0,0.0015,0.0016,0.0,0.0,0.0,0.001,0.0011,0.0,0.0,0.0021,0.0039,0.0017
k4_TATT,0.0,0.0,0.0005,0.0,0.0,0.0,0.0019,0.0,0.0046,0.0,0.0,0.0,0.0,0.0021,0.0026,0.0
k4_TCAA,0.0,0.0097,0.0015,0.0013,0.003,0.0047,0.0058,0.0049,0.0091,0.0052,0.0055,0.0029,0.0048,0.0042,0.0052,0.0037
k4_TCAC,0.0023,0.0048,0.0036,0.0013,0.003,0.0047,0.0039,0.0049,0.0,0.0021,0.0033,0.0,0.0,0.0064,0.0039,0.0026
k4_TCAG,0.0046,0.0,0.001,0.0013,0.003,0.0047,0.0019,0.0049,0.0091,0.0021,0.0011,0.0,0.0024,0.0042,0.0065,0.0026
k4_TCAT,0.0,0.0,0.002,0.0013,0.0045,0.0,0.0039,0.0049,0.0,0.001,0.0044,0.0029,0.0,0.0021,0.0026,0.0011
k4_TCCA,0.0,0.0,0.0046,0.008,0.009,0.0,0.0097,0.0,0.0046,0.0021,0.0077,0.0088,0.0,0.0021,0.0052,0.0063
k4_TCCC,0.0023,0.0,0.002,0.0027,0.003,0.0016,0.0039,0.0,0.0,0.001,0.0033,0.0,0.0,0.0042,0.0026,0.0026
k4_TCCG,0.0023,0.0,0.0046,0.0053,0.0045,0.0047,0.0097,0.0,0.0,0.0021,0.0055,0.0059,0.0024,0.0085,0.0065,0.0029
k4_TCCT,0.0046,0.0048,0.0026,0.0013,0.0015,0.0063,0.0078,0.0,0.0,0.0041,0.0,0.0,0.0,0.0042,0.0026,0.002
k4_TCGA,0.0116,0.0145,0.0056,0.0067,0.006,0.0016,0.0039,0.0147,0.0,0.0103,0.0099,0.0118,0.0072,0.0085,0.0065,0.0049
k4_TCGC,0.0069,0.0048,0.0056,0.016,0.0075,0.0063,0.0019,0.0098,0.0046,0.0072,0.0033,0.0029,0.0097,0.0,0.0078,0.0057
k4_TCGG,0.0023,0.0145,0.0056,0.004,0.006,0.0032,0.0058,0.0049,0.0046,0.0031,0.0055,0.0088,0.0024,0.0042,0.0052,0.006
k4_TCGT,0.0,0.0,0.001,0.0013,0.0045,0.0032,0.0019,0.0,0.0,0.001,0.0022,0.0029,0.0048,0.0085,0.0039,0.0029
k4_TCTA,0.0023,0.0,0.002,0.0027,0.003,0.0,0.0019,0.0,0.0046,0.001,0.0033,0.0,0.0048,0.0085,0.0026,0.0009
k4_TCTC,0.0,0.0,0.0,0.0013,0.0,0.0,0.0,0.0,0.0,0.001,0.0011,0.0,0.0,0.0042,0.0013,0.0009
k4_TCTG,0.0069,0.0048,0.001,0.0053,0.0045,0.0032,0.0039,0.0049,0.0046,0.0031,0.0055,0.0118,0.0097,0.0021,0.0026,0.002
k4_TCTT,0.0023,0.0,0.002,0.0013,0.0,0.0,0.0,0.0,0.0,0.001,0.0044,0.0029,0.0,0.0,0.0,0.0006
k4_TGAA,0.0046,0.0048,0.002,0.008,0.0015,0.0,0.0116,0.0098,0.0046,0.0031,0.0033,0.0029,0.0,0.0,0.0,0.0043
k4_TGAC,0.0046,0.0097,0.0036,0.0027,0.003,0.0032,0.0058,0.0098,0.0091,0.0052,0.0011,0.0,0.0048,0.0021,0.0052,0.0057
k4_TGAG,0.0046,0.0,0.0026,0.0013,0.0015,0.0079,0.0,0.0049,0.0046,0.0021,0.0,0.0059,0.0072,0.0064,0.0052,0.0029
k4_TGAT,0.0023,0.0048,0.0031,0.0053,0.0,0.0,0.0,0.0147,0.0046,0.0031,0.0044,0.0,0.0048,0.0021,0.0026,0.0006
k4_TGCA,0.0023,0.0,0.0036,0.0,0.0015,0.0095,0.0019,0.0,0.0,0.001,0.0033,0.0029,0.0121,0.0021,0.0026,0.0014
k4_TGCC,0.0046,0.0,0.0082,0.0027,0.0015,0.0095,0.0078,0.0,0.0046,0.0062,0.0033,0.0059,0.0072,0.0021,0.0013,0.0043
k4_TGCG,0.0046,0.0048,0.0066,0.0013,0.003,0.0095,0.0078,0.0049,0.0137,0.0021,0.0044,0.0029,0.0024,0.0,0.0026,0.0078
k4_TGCT,0.0069,0.0048,0.0046,0.0067,0.0,0.0016,0.0,0.0049,0.0091,0.0031,0.0044,0.0088,0.0048,0.0064,0.0026,0.0052
k4_TGGA,0.0069,0.0048,0.0061,0.0093,0.003,0.0095,0.0039,0.0049,0.0046,0.0103,0.0033,0.0059,0.0048,0.0042,0.0026,0.0072
k4_TGGC,0.0116,0.0097,0.0061,0.016,0.0106,0.0047,0.0078,0.0147,0.0046,0.0072,0.0132,0.0029,0.0097,0.0085,0.0104,0.0112
k4_TGGG,0.0046,0.0,0.0056,0.0067,0.003,0.0063,0.0,0.0098,0.0,0.0041,0.0033,0.0,0.0024,0.0085,0.0052,0.0052
k4_TGGT,0.0069,0.0,0.0051,0.004,0.003,0.0032,0.0019,0.0049,0.0,0.0021,0.0066,0.0,0.0024,0.0085,0.0052,0.0043
k4_TGTA,0.0,0.0,0.0,0.0027,0.0,0.0016,0.0,0.0,0.0,0.0,0.0,0.0,0.0,0.0,0.0013,0.0009
k4_TGTC,0.0023,0.0048,0.002,0.0027,0.0045,0.0047,0.0,0.0,0.0,0.0041,0.0033,0.0029,0.0024,0.0021,0.0013,0.0017
k4_TGTG,0.0023,0.0,0.001,0.0,0.0045,0.0016,0.0019,0.0,0.0,0.0021,0.0,0.0,0.0024,0.0042,0.0013,0.0009
k4_TGTT,0.0023,0.0,0.0005,0.0,0.0,0.0,0.0,0.0,0.0,0.0,0.0011,0.0,0.0,0.0042,0.0026,0.0017
k4_TTAA,0.0,0.0,0.0,0.0,0.0,0.0,0.0,0.0,0.0,0.0,0.0,0.0,0.0,0.0,0.0,0.0003
k4_TTAC,0.0023,0.0,0.0005,0.0,0.0,0.0,0.0,0.0,0.0046,0.001,0.0022,0.0,0.0,0.0021,0.0013,0.0006
k4_TTAG,0.0,0.0,0.0,0.0,0.0,0.0,0.0,0.0,0.0,0.0,0.0022,0.0,0.0,0.0,0.0,0.0
k4_TTAT,0.0,0.0,0.001,0.0,0.0,0.0,0.0,0.0,0.0,0.0,0.0,0.0,0.0,0.0,0.0013,0.0006
k4_TTCA,0.0,0.0048,0.0036,0.0013,0.006,0.0047,0.0019,0.0,0.0,0.001,0.0022,0.0029,0.0,0.0042,0.0052,0.0014
k4_TTCC,0.0023,0.0,0.0051,0.0027,0.003,0.0,0.0,0.0,0.0,0.001,0.0044,0.0029,0.0,0.0085,0.0013,0.0017
k4_TTCG,0.0023,0.0,0.0041,0.0053,0.003,0.0032,0.0058,0.0147,0.0046,0.0021,0.0099,0.0118,0.0,0.0042,0.0013,0.0032
k4_TTCT,0.0046,0.0048,0.001,0.0013,0.0,0.0,0.0,0.0,0.0,0.0021,0.0022,0.0029,0.0024,0.0021,0.0013,0.0011
k4_TTGA,0.0,0.0,0.002,0.0,0.0015,0.0032,0.0,0.0,0.0,0.0,0.0011,0.0029,0.0024,0.0021,0.0026,0.002
k4_TTGC,0.0023,0.0,0.0015,0.004,0.0015,0.0032,0.0,0.0,0.0,0.001,0.0011,0.0,0.0048,0.0021,0.0013,0.0026
k4_TTGG,0.0,0.0048,0.0005,0.0027,0.0,0.0032,0.0,0.0,0.0,0.0041,0.0,0.0029,0.0,0.0021,0.0,0.0026
k4_TTGT,0.0,0.0,0.0005,0.0,0.0,0.0047,0.0,0.0,0.0,0.0,0.0,0.0,0.0,0.0021,0.0,0.0011
k4_TTTA,0.0,0.0,0.001,0.0,0.0,0.0,0.0,0.0,0.0,0.001,0.0011,0.0,0.0,0.0,0.0,0.0006
k4_TTTC,0.0023,0.0,0.002,0.0013,0.0015,0.0016,0.0019,0.0,0.0,0.001,0.0022,0.0029,0.0,0.0042,0.0013,0.0014
k4_TTTG,0.0,0.0,0.0005,0.0013,0.0,0.0016,0.0,0.0,0.0,0.001,0.0,0.0,0.0,0.0,0.0,0.0017
k4_TTTT,0.0,0.0,0.0005,0.0,0.0015,0.0,0.0,0.0,0.0,0.0,0.0,0.0029,0.0,0.0,0.0,0.0003
rscu_TTT,0.0,0.0,0.1,0.0,0.0,0.8,0.0,0.0,0.0,0.3333,0.0,0.4,0.0,0.0,0.0,1.0
rscu_TTC,2.0,2.0,1.9,2.0,2.0,1.2,2.0,2.0,2.0,1.6667,2.0,1.6,0.0,2.0,2.0,1.0
rscu_TTA,0.0,0.0,0.0,0.0,0.0,0.0,0.0,0.0,0.0,0.0,0.0,0.0,0.0,0.0,0.0,0.0
rscu_TTG,0.3333,0.6,0.2143,0.75,0.5,0.75,0.0,0.0,0.0,0.4737,0.2143,1.0,0.75,1.2,0.4615,0.6614
rscu_CTT,0.0,0.0,0.1071,0.1875,0.5,0.75,0.0,0.0,0.0,0.1579,0.0,0.0,0.0,0.0,0.0,0.2362
rscu_CTC,1.3333,3.0,0.8571,0.375,1.5,0.75,1.4118,1.7143,2.0,2.0526,2.1429,1.0,0.75,0.4,1.6154,1.0866
rscu_CTA,0.3333,0.6,0.1071,0.0,0.0,0.0,0.7059,0.0,0.0,0.0,0.0,0.0,0.375,0.0,0.0,0.4724
rscu_CTG,4.0,1.8,4.7143,4.6875,3.5,3.75,3.8824,4.2857,4.0,3.3158,3.6429,4.0,4.125,4.4,3.9231,3.5433
rscu_TCT,0.75,0.0,0.3871,0.3529,0.4,0.0,0.0,0.0,2.4,0.0,0.0,0.6,0.0,0.5,0.4,0.2143
rscu_TCC,0.0,1.5,1.3548,2.1176,1.6,0.4,3.0,0.0,0.0,1.3846,1.7143,2.4,0.0,1.0,0.0,1.0714
rscu_TCA,0.0,0.0,0.0,0.3529,0.4,0.4,0.0,0.0,0.0,0.0,0.0,0.0,0.75,1.0,0.0,0.0714
rscu_TCG,1.5,1.5,0.7742,1.4118,1.6,1.2,1.0,2.4,0.0,1.3846,1.7143,1.8,0.75,1.0,0.4,1.8571
rscu_AGT,0.75,0.0,0.1935,0.0,0.8,0.8,0.0,0.0,1.2,0.0,0.0,0.0,1.5,0.5,0.4,0.6429
rscu_AGC,3.0,3.0,3.2903,1.7647,1.2,3.2,2.0,3.6,2.4,3.2308,2.5714,1.2,3.0,2.0,4.8,2.1429
rscu_TAT,1.0,0.0,0.4444,0.3333,0.2,0.0,0.6667,0.0,0.8,0.25,0.5455,0.0,0.0,0.75,0.8,0.8889
rscu_TAC,1.0,2.0,1.5556,1.6667,1.8,2.0,1.3333,2.0,1.2,1.75,1.4545,0.0,2.0,1.25,1.2,1.1111
rscu_TGT,0.0,0.0,0.0,0.0,0.0,1.5,0.0,0.0,0.0,0.0,0.0,0.6667,1.0,0.0,0.0,0.0
rscu_TGC,2.0,0.0,2.0,2.0,2.0,0.5,2.0,2.0,2.0,0.0,2.0,1.3333,1.0,0.0,0.0,0.0
rscu_TGG,1.0,1.0,1.0,1.0,1.0,1.0,1.0,1.0,0.0,1.0,1.0,0.0,1.0,1.0,1.0,1.0
rscu_CCT,0.6667,0.0,0.3077,0.0,0.0,1.6,0.5,0.0,0.5714,0.4211,0.0,0.0,0.0,0.3077,0.2353,0.7273
rscu_CCC,1.3333,0.0,1.1282,0.6154,1.0,0.4,1.0,0.0,0.5714,1.2632,1.0,1.7143,0.6667,1.5385,0.7059,1.6364
rscu_CCA,0.6667,0.0,0.0,0.3077,1.0,0.8,0.0,0.0,1.1429,0.0,0.0,0.5714,0.6667,0.3077,0.0,0.3636
rscu_CCG,1.3333,4.0,2.5641,3.0769,2.0,1.2,2.5,0.0,1.7143,2.3158,3.0,1.7143,2.6667,1.8462,3.0588,1.2727
rscu_CAT,0.0,1.0,0.25,0.5,0.0,0.5714,0.0,0.0,0.0,0.0,1.3333,0.0,1.0,1.0,0.0,1.0
rscu_CAC,2.0,1.0,1.75,1.5,2.0,1.4286,0.0,0.0,2.0,2.0,0.6667,0.0,1.0,1.0,2.0,1.0
rscu_CAA,0.0,0.0,0.3226,0.4444,0.0,0.4,0.0,0.6667,0.0,0.5714,0.4,0.5,0.5,0.2857,0.3077,0.4675
rscu_CAG,2.0,2.0,1.6774,1.5556,2.0,1.6,2.0,1.3333,2.0,1.4286,1.6,1.5,1.5,1.7143,1.6923,1.5325
rscu_CGT,0.6667,0.0,0.5,1.125,0.5217,1.0909,1.8462,1.5,0.0,0.6316,1.7143,0.0,0.0,0.5455,0.0,0.75
rscu_CGC,3.3333,3.0,4.0,4.125,4.1739,3.2727,4.1538,4.5,4.2857,3.4737,4.2857,4.0,4.2857,2.1818,4.5,2.8333
rscu_CGA,1.0,0.0,0.0,0.0,0.0,0.0,0.0,0.0,0.0,0.3158,0.0,1.0,1.7143,1.0909,1.5,0.5833
rscu_CGG,1.0,3.0,1.3333,0.375,1.3043,1.0909,0.0,0.0,0.8571,0.9474,0.0,1.0,0.0,0.5455,0.0,1.5
rscu_AGA,0.0,0.0,0.0833,0.0,0.0,0.0,0.0,0.0,0.0,0.0,0.0,0.0,0.0,0.0,0.0,0.0833
rscu_AGG,0.0,0.0,0.0833,0.375,0.0,0.5455,0.0,0.0,0.8571,0.6316,0.0,0.0,0.0,1.6364,0.0,0.25
rscu_ATT,0.75,0.0,0.9231,0.2308,0.0,1.5,0.0,0.0,0.0,0.4286,1.2,1.5,0.3,0.4286,0.5625,0.4091
rscu_ATC,1.5,3.0,1.9615,2.7692,3.0,1.5,3.0,3.0,3.0,2.5714,1.8,1.5,2.4,2.1429,2.4375,2.3864
rscu_ATA,0.75,0.0,0.1154,0.0,0.0,0.0,0.0,0.0,0.0,0.0,0.0,0.0,0.3,0.4286,0.0,0.2045
rscu_ATG,1.0,1.0,1.0,1.0,1.0,1.0,1.0,1.0,1.0,1.0,1.0,1.0,0.0,0.0,1.0,1.0
rscu_ACT,0.0,0.0,0.0,0.0,0.3333,0.3636,0.4,0.8,0.0,0.0,0.5,0.3636,0.0,0.0,0.4706,0.3529
rscu_ACC,4.0,2.4,3.3548,2.7692,3.0,2.1818,3.2,3.2,4.0,3.1579,2.8333,3.2727,0.5714,4.0,2.8235,2.7647
rscu_ACA,0.0,0.8,0.0,0.0,0.0,1.0909,0.4,0.0,0.0,0.2105,0.0,0.0,0.5714,0.0,0.0,0.1176
rscu_ACG,0.0,0.8,0.6452,1.2308,0.6667,0.3636,0.0,0.0,0.0,0.6316,0.6667,0.3636,2.8571,0.0,0.7059,0.7647
rscu_AAT,0.0,0.0,0.0,0.5714,0.0,1.0,0.0,0.0,0.0,0.5,0.3529,0.0,0.6667,0.0,0.4,0.5
rscu_AAC,2.0,2.0,2.0,1.4286,2.0,1.0,2.0,2.0,2.0,1.5,1.6471,2.0,1.3333,2.0,1.6,1.5
rscu_AAA,1.0,2.0,0.3158,0.7692,0.2857,0.3636,0.3636,1.0,0.5,0.5,0.4286,0.4444,0.75,0.6667,0.3636,0.3784
rscu_AAG,1.0,0.0,1.6842,1.2308,1.7143,1.6364,1.6364,1.0,1.5,1.5,1.5714,1.5556,1.25,1.3333,1.6364,1.6216
rscu_GTT,0.4444,1.3333,0.5405,0.7059,0.4211,0.3636,0.0,1.0,0.0,0.0,0.5714,1.0,0.4,0.7059,0.0,0.6207
rscu_GTC,2.2222,2.6667,2.1622,2.3529,2.7368,1.0909,2.5714,0.0,2.0,2.1818,1.5238,2.0,0.8,1.6471,3.0,1.5862
rscu_GTA,0.0,0.0,0.0,0.0,0.0,0.3636,0.0,1.0,0.0,0.0,0.381,0.0,0.4,0.0,0.4,0.2069
rscu_GTG,1.3333,0.0,1.2973,0.9412,0.8421,2.1818,1.4286,2.0,2.0,1.8182,1.5238,1.0,2.4,1.6471,0.6,1.5862
rscu_GCT,0.4,0.8,0.2667,0.5,0.6316,0.5714,0.2353,2.0,0.0,0.3333,0.25,0.8,0.2353,0.6316,0.25,0.5739
rscu_GCC,2.8,2.4,2.72,2.875,1.4737,1.7143,2.1176,2.0,2.0,2.5333,2.125,1.6,3.2941,1.8947,1.875,1.6522
rscu_GCA,0.2,0.4,0.32,0.0,0.4211,0.5714,0.4706,0.0,0.5,0.4,0.375,0.5333,0.0,0.4211,0.375,0.4696
rscu_GCG,0.6,0.4,0.6933,0.625,1.4737,1.1429,1.1765,0.0,1.5,0.7333,1.25,1.0667,0.4706,1.0526,1.5,1.3043
rscu_GAT,0.6667,0.0,0.3333,0.4,0.8571,0.5714,0.8571,0.6667,0.0,0.3478,0.4,0.5714,0.3636,0.75,0.8571,0.4333
rscu_GAC,1.3333,2.0,1.6667,1.6,1.1429,1.4286,1.1429,1.3333,2.0,1.6522,1.6,1.4286,1.6364,1.25,1.1429,1.5667
rscu_GAA,0.3636,1.2,0.6122,0.8235,0.6667,0.6667,0.8421,1.2,0.0,0.8,0.8571,0.6154,0.75,0.5714,0.6667,0.8116
rscu_GAG,1.6364,0.8,1.3878,1.1765,1.3333,1.3333,1.1579,0.8,2.0,1.2,1.1429,1.3846,1.25,1.4286,1.3333,1.1884
rscu_GGT,0.5,1.3333,0.3556,0.25,0.381,0.9231,0.0,1.3333,0.0,0.8696,0.5714,0.0,0.0,0.0,0.8,0.6737
rscu_GGC,3.0,1.3333,2.9333,3.5,3.0476,0.9231,2.4,0.0,3.0,2.6087,2.4762,4.0,3.4286,1.7143,2.72,2.1474
rscu_GGA,0.0,0.0,0.0889,0.25,0.381,0.9231,0.4,1.3333,0.0,0.1739,0.1905,0.0,0.0,1.4286,0.16,0.4211
rscu_GGG,0.5,1.3333,0.6222,0.0,0.1905,1.2308,1.2,1.3333,1.0,0.3478,0.7619,0.0,0.5714,0.8571,0.32,0.7579
