Geneid,Entity,Symbol,5_R1,5_R2,5_R3,15_R1,15_R2,15_R3,30_R1,30_R2,30_R3
gene-phage515_00114,phage,tmpE,7.050989447068045,7.197435354096591,7.036148493750536,7.8632667240095735,7.987184748233473,8.233768709217097,8.607764889600624,7.906915488678587,7.907651594711089
gene-phage515_00175,phage,gene-phage515_00175,8.239857411018601,8.378850241794492,8.258163361537619,8.84130362048157,8.889170455363413,9.253974408996244,9.154827662045925,8.851949671253948,8.520587424484253
gene-phage515_00173,phage,gene-phage515_00173,9.05204779298159,9.223552703448318,9.029657471850737,10.372334262809115,10.533135671533165,10.793413774978955,10.686406878987126,10.621498062820763,10.102502332271744
gene-phage515_00223,phage,gene-phage515_00223,6.86484777797086,7.050122520269059,6.814542897259958,8.15478757276852,7.91862865334224,8.460622839927844,8.063062911326792,7.914617709040679,7.422373700986824
gene-phage515_00208,phage,gene-phage515_00208,7.6004023345004,7.646831391430482,7.65728279297819,7.291656209174461,7.010311867307229,7.537962659768208,6.591673732008658,6.75343791859778,6.133398042996649
gene-phage515_00180,phage,gene-phage515_00180,7.528869256642251,7.64826303090192,7.465655310134056,8.146129510025405,8.127699852817772,8.522578663692576,8.65084957622891,8.255308811785596,7.942717540573791
gene-phage515_00124,phage,gene-phage515_00124,6.637258031284457,6.78105762593618,6.349138991379798,9.449750895754265,9.616804980417431,9.897419177134521,10.326170250261358,9.435561763085358,9.64439293693626
gene-phage515_00028,phage,gene-phage515_00028,7.830425617820331,7.853604813097837,7.717351272185329,9.078635880978755,9.19502366786429,9.46335335689267,9.358674166481876,9.045937315684574,8.812099108957337
gene-phage515_00152,phage,gene-phage515_00152,9.161360189754465,9.312084355859467,9.09459276343187,10.940685324169365,11.127762859199894,11.370474410171052,11.86999832972797,11.272406837471928,11.128291866441996
gene-phage515_00073,phage,lysK.2,4.007333185232471,4.30406509320417,3.912023005428146,6.2166061010848646,6.508769136971682,6.744059186311348,10.684760072732194,9.531553927636756,9.77854771798028
gene-phage515_00062,phage,rbn,8.394347361417392,8.508757712595136,8.372629740224884,9.501217335324483,9.632072452548218,9.913487387114461,10.14533508864411,9.944437538865083,9.516647908551128
gene-phage515_00019,phage,gene-phage515_00019,8.646816959209742,8.787830829258759,8.795582216956426,7.5883236773352225,7.51425465281641,8.099554282376364,7.8351837552667485,7.687997166393016,7.23561914106675
gene-phage515_00204,phage,nadV,8.969032850034301,9.196748418456716,8.951958168569265,10.31877096958163,10.412922209355978,10.69901079971294,10.855666527972762,10.409190075603348,10.100656670078102
gene-phage515_00205,phage,gene-phage515_00205,7.459914766241105,7.578656850594762,7.509883061154913,7.580189417944541,7.427738840532894,7.826842098158293,7.014814351275545,7.094234845924755,6.520621127558696
gene-phage515_00230,phage,gene-phage515_00230,7.776954403322442,7.86940171257709,7.918264686095274,6.584791392385716,6.484635235635252,7.123672785204607,6.925595197110468,6.580639137284949,6.192362489474872
gene-phage515_00044,phage,mbpP,7.66105638236183,7.737616282857904,7.516977224604321,8.941676305360163,9.035272443893536,9.316140790862395,9.452894316810216,9.226508953137767,8.7879833961978
gene-phage515_00095,phage,pro,5.313205979041787,5.1647859739235145,5.147494476813453,7.953669778649798,8.394347361417392,8.58876938990546,11.525061524189727,10.16708182945882,10.62186378714185
gene-phage515_00015,phage,gene-phage515_00015,7.843064016692054,7.926241523170962,8.0040315078527,6.565264970035361,6.459904454377535,7.095064377287131,6.9411900550683745,6.591673732008658,6.194405391104672
gene-phage515_00167,phage,gene-phage515_00167,7.471363088187097,7.59337419312129,7.432483807917119,8.931948346431495,9.003193193746572,9.335474102732949,9.091669442258505,8.605020901781758,8.493719835230594
gene-phage515_00126,phage,gene-phage515_00126,7.591861714889934,7.772331575169614,7.636752112435779,9.27199975236291,9.42843117965374,9.743670851082243,10.538131297472674,9.892072649720829,9.766234959109752
gene-phage515_00209,phage,gene-phage515_00209,8.003028666384733,8.106816038947052,8.058010800802085,7.789040401657477,7.536363938404511,8.075271546297458,7.203405521083095,7.114769448366463,6.626717749249025
gene-phage515_00087,phage,gene-phage515_00087,7.415175109613295,7.524021415206125,7.43307534889858,7.854381210652365,8.030084094267563,8.399760094524142,9.828548465871634,9.409027282856401,9.258177701390343
gene-phage515_00138,phage,nrdI,7.455876687491824,7.584264818389059,7.3777589082278725,9.283219017388756,9.433803872101313,9.707959168254892,9.834458966125691,9.28609698437543,9.263596738276615
gene-phage515_00151,phage,gene-phage515_00151,8.300031711779575,8.387084506069217,8.224431573221159,9.693692018741418,9.795735290041899,10.055221027562059,9.858699369745993,9.275847174178303,9.25349564229011
gene-phage515_00177,phage,sci,8.647168267837984,8.761550139129644,8.644354337032917,9.40029935589935,9.445096238618559,9.843206621651198,9.778661019589283,9.59852367284982,9.043577154098081
gene-phage515_00068,phage,gene-phage515_00068,8.173575486634153,8.465268118551318,8.266164436612492,9.010180657052349,9.06566136060674,9.425532393502772,8.997642078523512,9.023769800892813,8.453187861440325
gene-phage515_00116,phage,gene-phage515_00116,7.491645473605133,7.487173694213739,7.517520850603031,7.446585099157725,7.349230824613334,7.843064016692054,8.946895523888447,8.348774539791274,8.183955717304954
gene-phage515_00094,phage,prt,6.192362489474872,6.278521424165844,6.202535517187923,7.500529485395295,7.835974581721566,8.078998258685154,10.574286869432166,9.556126244582746,9.779340559793246
gene-phage515_00091,phage,mbpF,7.554334823725748,7.765993079407675,7.504942068396171,9.7240617988542,10.040114150067954,10.30337044234806,12.057334789902779,11.415169296172337,11.230310532851465
gene-phage515_00197,phage,gene-phage515_00197,8.36799688505411,8.521384396034705,8.414495793177895,9.410256237171089,9.357466436866476,9.764168012286715,9.794007451917308,9.458449669308141,9.129021850798594
gene-phage515_00092,phage,mbpE,4.276666119016055,4.127134385045092,4.02535169073515,5.267858159063328,5.420534999272286,5.765191102784844,7.738488122494646,7.277938572945661,7.2399325913204695
gene-phage515_00077,phage,gene-phage515_00077,4.454347296253507,4.700480365792417,4.59511985013459,5.811140992976701,5.713732805509369,6.018593214496234,7.321849713788356,6.617402977974478,6.418364935936212
gene-phage515_00186,phage,gene-phage515_00186,8.332067707289548,8.41027590907016,8.333991247194975,8.676587243566487,8.624970783589669,8.960339366492091,8.506334448081361,8.307212626628308,7.901377353792616
gene-phage515_00008,phage,gene-phage515_00008,6.860663671448287,7.122866658599083,6.899723107284872,8.256866848974312,8.016317898503415,8.538758969330798,8.23031079913502,8.08271113423758,7.529943370601589
gene-phage515_00194,phage,gene-phage515_00194,7.935945103353701,8.142936010432265,7.8567067930958405,9.648143587996293,9.717037485158393,10.068832485122966,10.123706832333092,9.998024706360116,9.571156728415465
gene-phage515_00157,phage,sig,6.175867270105761,6.284134161070802,5.91350300563827,8.921324076511265,9.080117784926209,9.343209045050607,9.959584291887998,9.327056171672144,9.360310898552477
gene-phage515_00045,phage,mbpR,7.84971375760487,7.901377353792616,7.717351272185329,9.106756055719613,9.20391980417326,9.501665799342762,9.23366619727968,9.087720658428273,8.617038526385954
gene-phage515_00171,phage,gene-phage515_00171,6.601230118728877,6.725033642166843,6.46302945692067,8.481151420068972,8.623353387244627,8.902727664035522,9.186252576447092,8.588210678651517,8.533263371593732
gene-phage515_00112,phage,tmpC,6.35088571671474,6.498282149476434,6.396929655216146,7.643961949002529,7.849323818040561,8.00603417874901,10.243809512312088,8.778171881033469,9.562404703357231
gene-phage515_00070,phage,mbpV,8.528330935826693,8.693999567522082,8.578852571802965,9.770013301136158,9.729193687429403,10.23756406455664,10.29055105146374,10.117832509493988,9.641733102094262
gene-phage515_00066,phage,gene-phage515_00066,8.14757773620177,8.197263371414335,8.173293438966228,8.914894908906568,8.998136760700307,9.347838885161817,9.399554785027307,9.363662136919832,8.884887201837403
gene-phage515_00036,phage,gene-phage515_00036,7.964503363551548,8.110727582974489,7.989560449333865,8.9850695596458,9.052750451401412,9.332026890232783,9.040500592684284,9.0595174822416,8.490438454107418
gene-phage515_00034,phage,gene-phage515_00034,7.587817219993427,7.77485576666552,7.5678626054638825,8.898228985601227,8.920656296853728,9.24541789858888,9.072456664612796,8.948455992345542,8.525756422076725
gene-phage515_00190A,phage,gene-phage515_00190A,8.543445562560303,8.68169016329764,8.48632152774915,9.665674427237482,9.760713578544673,10.027164297229726,9.702288939972485,9.612533466213927,9.213535262872702
gene-phage515_00030,phage,gene-phage515_00030,8.076515327552329,8.144679183447758,8.087640287778983,8.780326390946605,8.77307495131822,9.115480090952223,8.923857580099885,8.666130304190608,8.34711636103872
gene-phage515_00184,phage,gene-phage515_00184,8.635864721133736,8.738414897167749,8.57035473953047,9.353227859524731,9.298259670014065,9.674514542898361,9.368454615069874,9.006754319877503,8.631949428714426
gene-phage515_00176,phage,gene-phage515_00176,8.2409125416889,8.338305731356565,8.200562797008564,8.929567707825337,8.938531648680692,9.298442820197728,9.2057297594185,8.96890555068972,8.583355393669907
gene-phage515_00010,phage,gene-phage515_00010,8.046549357283078,8.128880142125638,8.17103418920548,6.884486652042782,6.824373670043086,7.422373700986824,7.355641102974253,7.238496840894365,6.57507584059962
gene-phage515_00128,phage,gene-phage515_00128,8.625329850020815,8.754634047431272,8.616857514529183,9.655923226680237,9.786447990434775,10.089136899422757,10.533588431378439,9.894345894618844,9.878784939895755
gene-phage515_00079,phage,gene-phage515_00079,8.059276223305648,8.235625719964311,8.271548374755515,7.763871287820222,7.738052297689316,8.3133619511344,8.112527763478637,8.134760782418645,7.643482907077201
gene-phage515_00109,phage,gene-phage515_00109,8.764834214330834,8.924523226133914,8.871224644409553,9.333884558067638,9.14366623870819,9.747476810531971,9.81159153783159,9.61693817168028,9.161150127785412
gene-phage515_00206,phage,gene-phage515_00206,8.197538739721184,8.325306029752582,8.217708406845306,8.566364235422688,8.382975849296429,8.81922185757494,8.200837258379849,8.111328003286733,7.616775808698373
gene-phage515_00081,phage,gene-phage515_00081,3.044522437723423,2.833213344056216,2.995732273553991,3.091042453358316,3.8066624897703196,4.143134726391533,9.343646739284408,8.284756593190435,8.405367376233981
gene-phage515_00165,phage,gene-phage515_00165,6.893656354602635,6.9865664594064265,6.870053411798126,8.696175846944678,8.78523362361273,9.131838143821225,9.630102784785171,9.302646042760209,8.956222016362542
gene-phage515_00016,phage,gene-phage515_00016,8.600982717145921,8.719807451477955,8.704004653483045,7.087573705557973,7.057897937411856,7.557472901614746,7.731492029245684,7.302496423727326,6.932447891572509
gene-phage515_00037,phage,gene-phage515_00037,8.406261630708956,8.533263371593732,8.416488487294606,9.236592743120248,9.314970621054266,9.598252320836758,9.241645221804594,9.240190393945069,8.741456115998364
gene-phage515_00052,phage,gene-phage515_00052,7.486613313139955,7.609862200913554,7.365812837209472,8.72453251118548,8.82585367025321,9.096051225574055,9.248214024404264,8.989569004807029,8.629092283913646
gene-phage515_00038,phage,gene-phage515_00038,7.56734567601324,7.665753431861699,7.568379267836522,7.998671361015776,7.940939762327791,8.301769763117166,7.957527402230773,7.963807953231451,7.424165281042028
gene-phage515_00181,phage,gene-phage515_00181,7.579678823090456,7.656337166430183,7.528331766707247,7.611347717403621,7.51425465281641,7.8961806086154915,7.519149957669823,7.068172000388042,6.881411303642535
gene-phage515_00163,phage,gene-phage515_00163,8.785386587284156,8.904086913938967,8.73568594451502,10.24870713362901,10.355104426665436,10.632556742272136,10.918953711784086,10.600228268606203,10.17450656409137
gene-phage515_00046,phage,gene-phage515_00046,8.630343289348893,8.740016691519521,8.542080906924017,9.667765219015058,9.72136597574484,10.027120112981404,9.770013301136158,9.399885773859458,9.05742226555147
gene-phage515_00133,phage,asf,7.692113339595466,7.789454566086673,7.668093709082406,8.990690709916228,9.08839870117094,9.3492323708428,9.175645402179295,8.45126704130007,8.544224530467268
gene-phage515_00190,phage,mbpM,8.500250470685925,8.593413217327646,8.438582790834326,9.248214024404264,9.280052984387483,9.555489144076292,9.319912008405474,9.126197603863755,8.71833650245078
gene-phage515_00231,phage,gene-phage515_00231,8.53954159508,8.644706511715198,8.64541048921699,6.996681488176539,7.029972911706386,7.488293515159428,7.646353722445999,7.242797922793756,6.860663671448287
gene-phage515_00021,phage,gene-phage515_00021,6.776506992372183,6.858565034791365,6.523562306149512,9.120087382998621,9.202812105555392,9.55463904484686,9.731512287796317,9.215825302206753,9.071767722112243
gene-phage515_00076,phage,gene-phage515_00076,4.48863636973214,4.672828834461906,4.634728988229636,6.059123195581797,5.8888779583328805,6.386879319362645,7.334981878871814,6.81783057145415,6.539585955617669
gene-phage515_00074,phage,holA,3.6375861597263857,3.970291913552122,3.6109179126442243,5.886104031450156,6.089044875446846,6.424869023905388,10.254953955545249,9.191972714617998,9.357034751126987
gene-phage515_00140,phage,nrdF,7.149131598557407,7.249925536717988,6.923628628138427,9.403437001938096,9.656755466413301,9.924025203753676,10.672646249502169,10.017262566794972,9.899379124491585
gene-phage515_00185,phage,mbpI,7.974188669286011,8.095293776844649,7.878534196140362,8.707978826622321,8.633018756921828,8.989319566042951,8.734077192559303,8.316544717929398,7.934871565945177
gene-phage515_00047,phage,gene-phage515_00047,9.555913922843741,9.664151101014628,9.53834831589953,10.283292913863715,10.292721647533876,10.65145430286018,10.332962113104644,10.007397015926639,9.606764735432199
gene-phage515_00103,phage,gene-phage515_00103,5.093750200806762,5.117993812416755,4.962844630259907,6.416732282512326,6.669498089857879,6.956545443151569,10.725972971725227,9.677652883410428,9.792332503169966
gene-phage515_00024,phage,mbpT,6.561030665896573,6.594413459749778,6.456769655572163,8.307705966549513,8.401557847817314,8.70946507906336,8.626764827845529,7.955074273262696,7.978653729082731
gene-phage515_00063,phage,gene-phage515_00063,7.393263094763838,7.5256399750415355,7.336285660021297,8.472405008626103,8.63497622707262,8.862766742283796,9.076237387452702,8.84246002419529,8.383890344101816
gene-phage515_00226,phage,gene-phage515_00226,9.159468041602427,9.311994025702683,9.355479137642421,8.164794804244766,8.17413934342947,8.660773919893762,8.566935283311052,8.384804003370492,7.865955413933502
gene-phage515_00120,phage,tmpF,8.811503250158239,8.90449432889673,8.764990330169104,9.900834035070565,9.950466553730122,10.288749953326773,10.566948422725712,9.837347750031583,9.876681458115621
gene-phage515_00176A,phage,gene-phage515_00176A,7.932721027481948,8.007034012193408,7.846198815497425,8.685922794690725,8.70946507906336,9.076008659180891,8.946244609330543,8.875287128108384,8.370084326378025
gene-phage515_00153,phage,rec.1,6.787844982309579,6.841615476477592,6.703188113240863,8.83331693749932,9.028578658440741,9.22700081286929,9.49243184611472,8.754949455098293,8.85552084853691
gene-phage515_00210,phage,gene-phage515_00210,7.302496423727326,7.421177528595393,7.23561914106675,7.033506484287697,6.914730892718563,7.323830566202317,6.660575149839686,6.338594078203183,5.981414211254481
gene-phage515_00136,phage,gene-phage515_00136,8.286017468404763,8.427487278331744,8.231908243564177,10.033945476892105,10.16419660173648,10.486764061960361,10.868034972973572,10.515316211918485,10.26147663261959
gene-phage515_00222,phage,gene-phage515_00222,7.136483208590247,7.257707677160043,7.113956109566034,8.120291313968561,7.991253929840199,8.37378460812088,7.696212639346407,7.655390644826152,7.147559271189454
gene-phage515_00006,phage,gene-phage515_00006,7.1846291527173145,7.323830566202317,7.200424892944957,8.01102337918644,7.845416036592485,8.263848131368906,7.521859252201629,7.502186486602924,7.004881989712859
gene-phage515_00233,phage,gene-phage515_00233,8.63141433550626,8.781094735202615,8.711772645605693,7.4489161025442,7.407924322559599,7.913155185928068,7.892078421248119,7.498869733976931,7.201170883281678
gene-phage515_00004,phage,gene-phage515_00004,7.489970898834801,7.652070746116482,7.560080465021827,7.8928255262511176,7.768956044538332,8.18060094759445,7.478169694159785,7.519692404116539,6.9874902470009905
gene-phage515_00099,phage,gene-phage515_00099,6.028278520230698,5.978885764901122,5.981414211254481,7.241366283322318,7.48324441607385,7.7752758464868625,10.077062636881843,9.016755622903517,9.282381924841154
gene-phage515_00170,phage,gene-phage515_00170,6.946013991099227,7.061334366910438,6.881411303642535,8.676757761087575,8.801920904041582,9.072686206677387,9.35036314989601,8.5814816812986,8.634442751466477
gene-phage515_00189,phage,gene-phage515_00189,8.072779333169498,8.17695386822578,8.006367567650246,9.597369917928662,9.420114955551439,9.969415732650235,9.6822172456036,9.624963417869113,9.09459276343187
gene-phage515_00218,phage,gene-phage515_00218,7.591357046698551,7.681099001536359,7.653969180478774,7.668093709082406,7.523481312573497,7.9247959139564355,7.2875606403097235,7.312553498102598,6.673297967767654
gene-phage515_00229,phage,gene-phage515_00229,7.301822342137932,7.3277805384216315,7.47477218239787,6.152732694704104,5.978885764901122,6.61338421837956,6.257667587882639,6.040254711277414,5.749392985908253
gene-phage515_00058,phage,lig,8.34972083747249,8.44741429680832,8.313852267398207,9.299541017434485,9.433403920090221,9.711782104431833,9.892173792635855,9.690232448972248,9.273502946933823
gene-phage515_00017,phage,gene-phage515_00017,9.589598387915172,9.747827400695664,9.68084387626357,8.254788926148725,8.32020459757888,8.76170676846664,8.781555458546402,8.4071550862073,8.057694194815587
gene-phage515_00160,phage,tmpH_2,3.784189633918261,3.58351893845611,3.4339872044851463,5.204006687076795,5.375278407684165,5.707110264748875,8.868131713503033,7.541683099882111,7.660585461703256
gene-phage515_00147,phage,polA.2,8.293049139768444,8.359134886757962,8.19118600464279,9.662370949231669,9.763363044441961,10.028356534581997,9.910264536815152,9.288781798282745,9.199582715323222
gene-phage515_00080,phage,gene-phage515_00080,2.70805020110221,2.4849066497880004,2.3978952727983707,2.6390573296152584,2.6390573296152584,3.258096538021482,8.441607204459642,7.354362330421477,7.47477218239787
gene-phage515_00067,phage,tgl,7.617267813628347,7.679251425953058,7.70210434005105,8.784774592161016,8.6347984334905,9.125653563808989,9.959820625876288,9.332469505209247,8.907883013942248
gene-phage515_00102,phage,gene-phage515_00102,5.926926025970411,6.104793232414985,5.831882477283517,7.007600613951853,7.288927694521257,7.5443321080536885,11.145261794088814,10.084683476042573,10.249167269908254
gene-phage515_00026,phage,gene-phage515_00026,7.00850518208228,7.050122520269059,6.907755278982137,8.618846845142738,8.6652683094816,8.919453168575453,9.053101595549691,8.486115235845377,8.406708458240965
gene-phage515_00188,phage,gene-phage515_00188,8.605753368395717,8.760296220470051,8.580731212220226,9.950943493692423,9.835797403566177,10.300281844196661,9.966274540634894,9.809945808127765,9.330963814299922
gene-phage515_00111,phage,tmpB,5.342334251964811,5.332718793265369,5.209486152841421,7.170119543449628,7.491645473605133,7.796469243086058,10.828420829791625,10.090216051148289,9.929496371717178
gene-phage515_00105,phage,tmpA,5.049856007249537,5.093750200806762,4.736198448394496,6.715383386334681,6.9167150203536085,7.192182058713246,10.79904482402337,9.708870717648022,9.859849095506299
gene-phage515_00069,phage,mbpS,9.29403793099775,9.482350275033667,9.30228124567454,10.616143199484116,10.583346838769138,11.085092041000056,11.268928484460853,11.011769604649245,10.541042738838962
gene-phage515_00219,phage,gene-phage515_00219,7.47477218239787,7.664346632098617,7.565793282428515,7.812782818577581,7.73718007783463,8.133000218583613,7.430114138561801,7.505492274737424,6.905753276311464
gene-phage515_00039,phage,gene-phage515_00039,7.758760544157663,7.89989532313973,7.81762544305337,8.068402958569699,7.99598047476376,8.385032287813898,8.063062911326792,7.980365765111246,7.498315870766981
gene-phage515_00001,phage,gene-phage515_00001,7.351799869057777,7.396335293800808,7.419979923661835,7.533693709848633,7.227662498728654,7.776535028185241,7.318539548567902,7.319202458767849,6.807934943699926
gene-phage515_00104,phage,tsp,6.489204931325317,6.665683717782408,6.428105272684596,8.128585200374497,8.327726166461412,8.599694412927981,12.326700519682419,11.114207543319306,11.352345830294677
gene-phage515_00201,phage,mbpO,7.597396320212795,7.744569809354496,7.616283561580385,8.335431477880796,8.31115254800169,8.682877107057168,8.751474487140904,8.388222810119277,8.058327306580958
gene-phage515_00187,phage,gene-phage515_00187,8.497806477616047,8.592486175451668,8.512381634419015,9.343121483210002,9.306286713023391,9.703694249830134,9.187174093944343,8.967121656230923,8.614864218589684
gene-phage515_00155,phage,rec.2,7.199678345691172,7.2485040723706105,6.975413927455952,9.740733301234702,9.958449110610102,10.174010749897112,10.732934166159403,10.007712423593661,10.025926399728705
gene-phage515_00144,phage,trf,6.745236349484363,6.782192056006791,6.807934943699926,7.484368643286131,7.313886831633462,7.926602599181384,9.420763358881013,9.38429367909962,8.789964651132264
gene-phage515_00125,phage,gene-phage515_00125,5.135798437050262,5.43372200355424,4.859812404361672,8.345455428161928,8.536211197252,8.829372735468406,9.348187438668308,8.756367559802975,8.757154527656606
gene-phage515_00033,phage,gene-phage515_00033,6.38856140554563,6.587550014824796,6.461468176353717,7.356279876550748,7.388327859577107,7.711996507047669,8.87570644462861,8.32263709695394,7.9269635448629785
gene-phage515_00183,phage,gene-phage515_00183,8.717845704894916,8.784009071186633,8.702177865629675,9.267287652417933,9.19238004659919,9.56626503452421,9.115150184972434,8.958154135209242,8.552946361122055
gene-phage515_00179,phage,gene-phage515_00179,7.8399193600125825,8.037543185118697,7.803843303538772,8.842893331055539,8.847216104357543,9.260177606823355,9.581145019820722,9.204825191288073,8.832879460277615
gene-phage515_00107,phage,gene-phage515_00107,8.596558746796978,8.823058934301647,8.728264161496178,8.417814747435958,8.374476889214643,8.770128527538184,8.556990661290303,8.576405051048084,8.0959035329611
gene-phage515_00214,phage,gene-phage515_00214,6.12029741895095,6.234410725718371,6.07993319509559,6.359573868672378,6.259581464064923,6.728628613084702,6.234410725718371,6.142037405587356,5.645446897643238
gene-phage515_00141,phage,gene-phage515_00141,6.447305862541213,6.439350371100098,6.115892125483034,8.791029857045965,9.038008749211576,9.37737907190562,10.331105465285425,9.766751028962657,9.539716058977092
gene-phage515_00172,phage,gene-phage515_00172,9.077037524661762,9.249080200292113,9.096947684621092,10.29434650825493,10.452013503484945,10.706811133741756,10.558361570874581,10.53701741627757,10.009962447043133
gene-phage515_00130,phage,rncA,8.387312270561717,8.42639282708974,8.395477432732141,9.219300113347655,9.273690687476945,9.585964638073326,9.290352309945568,8.944028325260595,8.714731714015052
gene-phage515_00056,phage,mbpB,7.3727463664043285,7.444833273892193,7.199678345691172,8.826587830773668,8.896724917497897,9.25540933534376,9.862665558015873,9.574149804815514,9.118553976345474
gene-phage515_00131,phage,gene-phage515_00131,7.563719668414366,7.5745584842024805,7.553810852008231,8.57300625623545,8.628555659269699,8.921057018157429,8.51197962436335,8.016647877057803,7.993282328101591
gene-phage515_00051,phage,gene-phage515_00051,8.069342366811636,8.14351740579748,8.005700678662542,9.572132202294377,9.586445324777861,10.063094747044966,10.835592576704641,10.841187463647783,10.216471807850127
gene-phage515_00203,phage,rpp,8.347827345782498,8.497194544909547,8.358666283188,9.392995206560258,9.435881047890113,9.726810038127258,9.505246289517283,9.27199975236291,8.872487182278038
gene-phage515_00156,phage,gene-phage515_00156,6.09807428216624,6.1903154058531475,5.820082930352362,8.77307495131822,8.942460926820582,9.18399639663658,10.138717764985484,8.9850695596458,9.006999447958153
gene-phage515_00149,phage,polA.3,7.715569534520208,7.792348924113037,7.629489916393995,9.378732023236639,9.475623449484484,9.740497924041666,9.621986339159427,8.693161274238017,8.904765846682814
gene-phage515_00213,phage,gene-phage515_00213,6.293419278846481,6.411818267709897,6.255750041753367,6.406879986069314,6.173786103901937,6.675823221634848,5.926926025970411,6.129050210060545,5.407171771460119
gene-phage515_00110,phage,gene-phage515_00110,5.25227342804663,5.308267697401205,5.198497031265826,7.050122520269059,7.381501894506707,7.617759576608505,10.481420270828858,9.790038860028549,9.608176452919857
gene-phage515_00228,phage,treM,5.937536205082426,6.068425588244111,6.35088571671474,6.899723107284872,6.52649485957079,7.355001921105257,7.4318919168078,7.38770923908104,6.796823718274855
gene-phage515_00159,phage,tmpH_1,4.700480365792417,4.7535901911063645,4.584967478670572,6.20455776256869,6.440946540632921,6.661854740545311,9.90797745780898,8.644530439877432,8.731013415269564
gene-phage515_00168,phage,gene-phage515_00168,7.190676034332207,7.266827347520591,7.146772179452637,8.452334619067742,8.560635749259074,8.860641041773876,8.713746330456916,8.07558263667172,8.075271546297458
gene-phage515_00025,phage,mbpA,6.650279048587422,6.705639094860003,6.56244409369372,8.35608503102148,8.381373468273702,8.690305809124883,8.783702698635217,8.108021221376747,8.07246736935477
gene-phage515_00075,phage,gene-phage515_00075,5.3230099791384085,5.6240175061873385,5.484796933490655,7.584773077612199,7.599901959208498,8.157370441186774,9.237858258012922,8.679312040892672,8.594154232552366
gene-phage515_00169,phage,gene-phage515_00169,7.3783837129967145,7.503289630675082,7.351158226430694,8.79920924224139,8.942460926820582,9.256460307589736,9.41311793733752,8.799963219506997,8.698013622083925
gene-phage515_00108,phage,mbpX,8.03073492409854,8.228443883004033,8.100161446936607,8.165932137321585,8.045908742270779,8.453827315794417,8.281723990411392,8.35490952835879,7.790282380703483
gene-phage515_00082,phage,mbpC,2.772588722239781,2.1972245773362196,2.6390573296152584,2.995732273553991,3.784189633918261,3.970291913552122,9.147081032336992,8.08271113423758,8.225503097566918
gene-phage515_00189B,phage,gene-phage515_00189B,7.681099001536359,7.715123603632105,7.620705086838262,8.121183242078828,8.009363076630045,8.377011160816375,7.920446505142607,7.661527081358517,7.359467638255621
gene-phage515_00148,phage,I-KsaIII,7.493317248862145,7.669028288589683,7.470224135899966,9.41041998369184,9.246093541682,9.771726021353874,9.757073534080591,9.462110252078716,9.07726601775084
gene-phage515_00154,phage,gene-phage515_00154,8.107720061910534,8.286773231131251,7.96346006663897,10.334035441011755,10.153428816235715,10.753275168052005,11.43624958317231,11.001116024081504,10.769116369608055
gene-phage515_00013,phage,gene-phage515_00013_gene_treM,6.054439346269371,6.066108090103747,6.416732282512326,6.920671504248683,6.569481420414296,7.370860166536716,7.412160334945205,7.398174092970465,6.787844982309579
gene-phage515_00193,phage,gene-phage515_00193,8.023552392404348,8.19229373114764,7.939515260662406,9.72082593792907,9.746833742490752,10.106305940055739,10.083473049532534,10.090216051148289,9.568713872550497
gene-phage515_00031,phage,gene-phage515_00031,5.8998973535824915,6.07993319509559,5.869296913133774,7.450079569807499,7.564757012905729,7.932003152361385,9.774005094757891,9.167328481382892,8.968778235137956
gene-phage515_00127,phage,dhlA,8.655388690167637,8.745125259462244,8.641532465671846,9.539716058977092,9.697446909121581,10.019179514532201,10.564111541390513,9.855347177208193,9.821246597152218
gene-phage515_00132,phage,rncB,8.721928343047091,8.768574284141687,8.69433468816865,9.980448593672257,10.056208639553791,10.322428124045716,9.979244164935375,9.227099155791137,9.416622566214981
gene-phage515_00200,phage,gene-phage515_00200,7.679251425953058,7.835974581721566,7.752764808851328,8.427487278331744,8.406261630708956,8.763271714012943,8.639410824140487,8.473032295630468,8.03268487596762
gene-phage515_00093,phage,gene-phage515_00093,5.225746673713202,5.262690188904886,5.2832037287379885,6.300785794663244,6.546785410760524,6.9363427358340495,9.003931019653137,8.412277021466677,8.359134886757962
gene-phage515_00014,phage,gene-phage515_00014,7.521859252201629,7.604396348796338,7.720461694599722,6.418364935936212,6.248042874508429,6.877296071497429,6.594413459749778,6.352629396319567,5.926926025970411
gene-phage515_00134,phage,pri,7.809135398120538,7.824845691026856,7.758760544157663,9.445175311879977,9.530683226667511,9.784366121628265,9.639131305387844,8.994420665751292,9.089640586738398
gene-phage515_00071,phage,lysK.1,7.3343293503005365,7.549609165154532,7.336936913707618,8.255048902752295,8.254008590564844,8.709630081951286,9.96688479766592,9.110409533351133,9.129564061948894
gene-phage515_00090,phage,gene-phage515_00090,6.839476438228843,7.053585727193677,6.86484777797086,8.91811465947453,9.19125948416339,9.446755465483632,10.741946464256127,10.272772653189536,10.09216387496809
gene-phage515_00082A,phage,mbpW,4.23410650459726,3.8501476017100584,4.290459441148391,6.617402977974478,6.84587987526405,7.257002707092073,8.961879012677683,8.567886305731756,8.271036865792954
gene-phage515_00122,phage,tmpG,9.047233034106032,9.188299241099303,8.950014029534257,10.912156898644932,11.078628690193362,11.349264707364194,12.059392326280529,11.10755535234985,11.265642897802692
gene-phage515_00115,phage,gene-phage515_00115,7.653494909661253,7.814399633804487,7.630461261783627,8.862058677395472,8.95660873889395,9.230437073675304,9.719564714375199,9.056256356593467,8.931287626222456
gene-phage515_00217,phage,treB,7.035268599281097,7.074116816197362,7.01301578963963,7.210079628170788,6.96979066990159,7.454719949364001,7.02108396428914,6.982862751468942,6.405228458030842
gene-phage515_00174,phage,mbpH,6.329720905522696,6.504288173536645,6.220590170099739,7.669961995473577,7.736307096548285,8.114324709155339,8.592115117933497,8.327484416188264,7.895436006942965
gene-phage515_00198,phage,gene-phage515_00198,8.292298107063221,8.479906606630221,8.309676895987726,9.485696794737327,9.436359784035856,9.855347177208193,9.981281579976148,9.575885856083103,9.307013259236443
gene-phage515_00146,phage,I-KsaII,8.344980368770571,8.479698986988657,8.427706024914702,9.387733135533384,8.908694592507015,9.72704865890033,9.738553945343401,9.47677327138879,9.03049574505712
gene-phage515_00083,phage,mbpD,4.875197323201151,5.0106352940962555,5.0106352940962555,7.352441100243583,7.703459047867175,8.01829613851552,9.717459133810847,9.255218130754269,9.115370134384955
gene-phage515_00211,phage,gene-phage515_00211,6.966024187106113,7.150701457592526,6.951772164398911,6.85751406254539,6.693323668269949,7.071573364211532,6.324358962381311,6.173786103901937,5.60947179518496
gene-phage515_00158,phage,gene-phage515_00158,4.553876891600541,4.430816798843313,4.574710978503383,6.133398042996649,6.483107351457199,6.621405651764134,9.958496435566927,8.775085935057266,8.841737428600585
gene-phage515_00054,phage,gene-phage515_00054,6.373319789577012,6.505784060128229,6.18826412308259,7.911324018963353,8.035926369891792,8.415824697027949,9.196140022575042,8.726643415598444,8.364973978438726
gene-phage515_00012,phage,gene-phage515_00012,6.556778356158042,6.60934924316738,6.597145701886651,5.583496308781699,5.560681631015528,5.986452005284438,5.786897381366708,5.605802066295998,5.209486152841421
gene-phage515_00049,phage,gene-phage515_00049,7.682943169878292,7.775695749915245,7.600902459542082,9.29182818882245,9.463198053273784,9.74887843430871,10.547050503740312,10.341452118734878,9.881190817537517
gene-phage515_00084,phage,gene-phage515_00084,4.976733742420574,5.0106352940962555,4.962844630259907,7.213031659834869,7.584773077612199,7.939871576361883,9.710024155323328,9.179365567676752,9.152711259139547
gene-phage515_00232,phage,gene-phage515_00232,9.5563385212508,9.703633190449867,9.626415659196363,8.19229373114764,8.223090551161533,8.678631537293768,8.750841375375533,8.385032287813898,8.016977746762262
gene-phage515_00018,phage,gene-phage515_00018,8.708639655987193,8.815666824946216,8.771215062375383,7.5595594960077,7.457609289715606,7.963807953231451,7.951559331155252,7.687538766201629,7.271008538280992
gene-phage515_00234,phage,gene-phage515_00234,8.82555985506085,8.945593270806897,8.956350940490871,7.790696031174738,7.686162303492906,8.22764270790443,8.062432791583195,7.895808377083183,7.465655310134056
gene-phage515_00011,phage,gene-phage515_00011,9.151969458649853,9.304559047215164,9.324650718153594,8.15248607578024,8.187299270155147,8.66785206770135,8.534443544822764,8.339978571990427,7.820840879907344
gene-phage515_00072,phage,ksaI,7.593877844605118,7.742835955430749,7.650168700845001,8.291295851905407,8.234830280442056,8.72355674269043,9.791046473190379,9.202711344811691,8.935113740791747
gene-phage515_00142,phage,tio,5.958424693029782,5.988961416889864,5.680172609017068,8.429454277108231,8.677439540558334,9.038483865029992,10.055349901845375,9.400630098419315,9.251770181739323
gene-phage515_00043,phage,gene-phage515_00043,8.655737000864297,8.78462153484075,8.595449689382004,10.036662631688545,10.103608096692797,10.452475637396468,10.823032982130778,10.628617778949124,10.115610600566873
gene-phage515_00096,phage,gene-phage515_00096,5.627621113690637,5.720311776607412,5.5909869805108565,8.610136937058975,9.106645135637418,9.310457163310955,12.35916276316011,11.124332223082254,11.464869031554539
gene-phage515_00048,phage,gene-phage515_00048,6.949856455000773,7.068172000388042,6.8658910748834385,8.626764827845529,8.787678239039497,9.089979015305,9.946882234855318,9.65975856761281,9.264828557260252
gene-phage515_00078,phage,gene-phage515_00078,4.553876891600541,5.030437921392435,4.574710978503383,5.793013608384144,5.768320995793772,6.042632833682381,7.57353126274595,6.699500340161678,6.617402977974478
gene-phage515_00106,phage,gene-phage515_00106,6.688354713946762,6.9167150203536085,6.945051063725834,6.07993319509559,6.1224928095143865,6.595780513961311,6.313548046277095,6.519147287940395,5.916202062607435
gene-phage515_00145,phage,polA.1,8.617038526385954,8.698681067461614,8.602453035367061,9.342858751676328,9.326254996572539,9.702961291087327,9.365547636278565,9.040382074165628,8.677780256064185
gene-phage515_00212,phage,gene-phage515_00212,6.927557906278317,7.089243155027514,6.981934677156389,6.90875477931522,6.684611727667927,7.165493475060845,6.368187186350492,6.354370040797351,5.786897381366708
gene-phage515_00035,phage,gene-phage515_00035,7.62608275807238,7.771488760117616,7.631916513071252,8.8110561229431,8.832587702434553,9.160099155539436,8.90231952852887,8.895903562215581,8.377241230988792
gene-phage515_00086,phage,ter.1,5.093750200806762,5.187385805840755,5.247024072160486,7.005789019253503,7.359467638255621,7.697575346802343,9.921229234012285,9.3048320350689,9.253016646256619
gene-phage515_00029,phage,gene-phage515_00029,7.515889085215125,7.6236419465115715,7.388327859577107,8.525558107747866,8.598035579260339,8.885025658050846,8.761393485256058,8.450412157725886,8.187021067343505
gene-phage515_00178,phage,mbpJ,9.136155473786806,9.262837940933936,9.098402718735318,10.015163086426718,10.049922830765674,10.458119513239328,10.530681878927565,10.250122261580445,9.743670851082243
gene-phage515_00065,phage,gene-phage515_00065,8.23827262463303,8.326516830239528,8.214735833382303,9.03788993497749,9.126306376366173,9.445412494155667,9.638414622945206,9.370501524100124,9.022081222515475
gene-phage515_00027,phage,gene-phage515_00027,7.422373700986824,7.472500744737558,7.334981878871814,8.866863661202087,8.95040315983296,9.2179116374725,9.076694687106265,8.7879833961978,8.536014945656826
gene-phage515_00007,phage,gene-phage515_00007,7.05444965813294,7.223295679562314,7.081708586105575,8.046549357283078,7.975564658495202,8.32020459757888,7.669495251007694,7.612336837167746,7.110696122978827
gene-phage515_00060,phage,phr,8.531490496117062,8.640118538253535,8.417372856134026,9.913586387213542,10.067432964124373,10.343354087361625,10.945123763681188,10.575998258245631,10.178919902558992
gene-phage515_00207,phage,gene-phage515_00207,7.806289289267033,7.922261058353247,7.754052639035757,8.179199798423086,8.03398273468322,8.472823243680297,7.964850887447313,7.815207062189088,7.393263094763838
gene-phage515_00189A,phage,gene-phage515_00189A,7.8083230503910555,7.911690520708339,7.720017940432244,9.261983605128021,9.097955241381392,9.653422343655654,9.336444248771908,9.283497892593909,8.74257423767064
gene-phage515_00098,phage,gene-phage515_00098,4.882801922586371,4.770684624465665,4.804021044733257,6.049733455231958,6.137727054086234,6.47543271670409,8.860215358901183,7.793174347189205,8.09346227450118
gene-phage515_00032,phage,gene-phage515_00032,5.84354441703136,5.971261839790462,5.62040086571715,7.165493475060845,7.338888133838879,7.67693714581808,9.529230371552156,9.002331708246244,8.704999678440762
gene-phage515_00202,phage,gene-phage515_00202,7.592366128519796,7.68937110752969,7.561121589530238,8.138564737261632,8.073402968986406,8.4096079807363,7.968319500012717,7.880804344674901,7.454141078146678
gene-phage515_00199,phage,mbpN,7.2682230211595655,7.428927194802272,7.317876198626496,7.905810312658931,7.881182202227102,8.205218426395412,8.026170194946426,7.890956716138919,7.4067107301776405
gene-phage515_00097,phage,mcp,5.872117789475416,6.139884552226255,5.924255797414532,8.469262657658687,9.018937706446035,9.187992508312275,13.237894991623547,11.873567529470073,12.104222627525472
gene-phage515_00220,phage,gene-phage515_00220,7.515344571180436,7.6362696033793735,7.509883061154913,8.017307507688582,7.92588031673756,8.2960476427647,7.693481640835175,7.613324979540639,7.048386408721883
gene-phage515_00042,phage,gene-phage515_00042,8.318498320504338,8.476996001664824,8.261009786023827,9.835208711782833,9.87194528452625,10.280827496918445,10.729744161706302,10.525997653496633,10.027826826791735
gene-phage515_00089A,phage,gene-phage515_00089A,5.846438775057725,5.940171252720432,5.796057750765372,7.897296472595885,8.088561805276234,8.37539918579835,9.488275092973083,9.141526055975824,8.933400396056303
gene-phage515_00119,phage,bmpB,7.860185057472165,7.9105906122564775,7.853604813097837,8.546363568716018,8.59044365315583,8.959183074206774,9.420033875565988,8.7558950816463,8.668024081118821
gene-phage515_00137,phage,gene-phage515_00137,8.08271113423758,8.194229304819817,8.008698182988528,9.85245738142335,9.989114638503565,10.29960914564114,10.552656721923686,10.163194443157385,9.966650127493768
gene-phage515_00117,phage,gene-phage515_00117,7.432483807917119,7.493873886783559,7.459338895220296,7.533158807455563,7.495541943884256,7.952263308657046,8.897272113133987,8.226573474977114,8.04044688130311
gene-phage515_00059,phage,mbpU,6.4967749901858625,6.536691597591305,6.4967749901858625,7.355001921105257,7.419979923661835,7.7279755421055585,7.7306140660637395,7.6624678152002375,7.197435354096591
gene-phage515_00113,phage,tmpD,8.165363632473982,8.307212626628308,8.216898580913613,8.493719835230594,8.537975730598767,8.82864061741828,9.613603056529147,8.769040810858803,8.85209276347713
gene-phage515_00057,phage,gene-phage515_00057,8.112227958349724,8.181720455128108,8.020270472819238,9.310366686043308,9.433163872079467,9.73014555852275,10.074368919187528,9.855399641729074,9.394410399304254
gene-phage515_00055,phage,gene-phage515_00055,6.825460036255307,6.887552571664617,6.6052979209482015,8.39638057119949,8.469472455204826,8.868694776580972,9.563248229345671,9.29697667863573,8.802973456578423
gene-phage515_00100,phage,gene-phage515_00100,6.20050917404269,6.214608098422191,6.139884552226255,7.271703706887368,7.56164174558878,7.844240718141811,10.082010236072934,9.115480090952223,9.305741456739435
gene-phage515_00023,phage,gene-phage515_00023,7.195937226475569,7.1731917424865985,6.994849985833071,9.094255892955381,9.202812105555392,9.510074525452104,9.33917324381915,8.769351707798972,8.778479952508487
gene-phage515_00129,phage,dhlB,9.08375621986673,9.236300473645715,9.07954808172616,10.019936365179374,10.11382951201313,10.44065321163396,10.638640027241104,10.051088256601693,9.956222307519994
gene-phage515_00088,phage,ter.2,7.1846291527173145,7.354362330421477,7.1853870155804165,8.086410275323782,8.30671904320269,8.609590040682205,10.746196327732314,9.772068213669293,10.030824800997323
gene-phage515_00123,phage,gene-phage515_00123,5.351858133476067,5.384495062789089,5.247024072160486,7.81237820598861,7.909122183211411,8.163086375583216,8.427924723658055,7.382124365737512,7.7702232041587855
gene-phage515_00143,phage,gene-phage515_00143,7.359467638255621,7.382746449738912,7.368970402194793,7.916807490937603,7.807916628926408,8.38776764397578,9.916502489613622,9.723044230753946,9.194718991073225
gene-phage515_00227,phage,gene-phage515_00227,7.060476365999801,7.164720378771857,7.201916317531627,6.1779441140506,6.244166900663736,6.556778356158042,6.45833828334479,6.317164686747284,5.91350300563827
gene-phage515_00020,phage,gene-phage515_00020,5.981414211254481,6.0063531596017325,5.58724865840025,8.446985296372741,8.511376306094673,8.915163617762142,9.127176130715414,8.676416696964216,8.518392471991719
gene-phage515_00192,phage,mbpL,8.406038142050075,8.52158353971753,8.302017809751204,9.874419130038781,9.95546311412647,10.246580679751457,10.133884732561645,10.050527295185443,9.583626581720113
gene-phage515_00050,phage,hmzG,8.54188580400661,8.616314282284044,8.492285555710053,10.110623665704521,10.168885671747175,10.618983136759836,11.44755459752856,11.36915901524758,10.811020042736384
gene-phage515_00135,phage,gene-phage515_00135,7.925518979786926,8.050384453067021,7.902857191280582,9.512886426076506,9.625227618663251,9.935276875025535,10.215447517447432,9.850244991140409,9.630037062331072
gene-phage515_00121,phage,bmpC,7.92443418488756,8.041734711487537,7.9287663216266955,9.302007560502007,9.395906658935026,9.689737246238513,10.11094877644823,9.357897936333798,9.443355043085656
gene-phage515_00003,phage,gene-phage515_00003,7.603897968521881,7.716460800176355,7.630461261783627,7.671826797878781,7.513163545234075,7.946971357693591,7.293697720601438,7.373374309910049,6.747586526829315
gene-phage515_00225,phage,gene-phage515_00225,7.907283609426348,8.006700845440367,8.068402958569699,6.745236349484363,6.725033642166843,7.2875606403097235,7.234177179749849,7.135687347028144,6.456769655572163
gene-phage515_00009,phage,gene-phage515_00009,7.154615356913663,7.134093721192866,7.444248649496705,6.329720905522696,6.184148890937483,6.733401891837359,6.444131256700441,6.668228248417403,6.161207321695077
gene-phage515_00196,phage,gene-phage515_00196,8.4096079807363,8.558143177745192,8.432724034789787,9.243581705755984,9.217117356255207,9.618535084655214,9.5767180913763,9.141311785565748,8.896861744480391
gene-phage515_00064,phage,gene-phage515_00064,8.350429973538136,8.444622498581403,8.294049640102028,9.269175157697076,9.397317740306331,9.675645480440364,9.93066488054092,9.739261284011265,9.317848579691468
gene-phage515_00195,phage,mbpZ,7.692113339595466,7.821242083523558,7.714677473800927,8.361007108226909,8.321664807135,8.733755131364893,8.65434302956347,8.291045131081729,7.990238185720363
gene-phage515_00022,phage,gene-phage515_00022,6.687108607866515,6.741700694652055,6.4457198193855785,8.756682421266532,8.872066513408342,9.113719333371757,9.19309247856663,8.52158353971753,8.56522116042682
gene-phage515_00216,phage,gene-phage515_00216,7.1846291527173145,7.293017679772782,7.301822342137932,7.406103381237015,7.0825485693553,7.623153068476902,7.122059881629142,7.22983877815125,6.555356891810665
gene-phage515_00161,phage,gene-phage515_00161,7.640603826393634,7.691656822810547,7.60489448081162,8.800113946766308,8.844912950899548,9.192685436737461,8.990939806940807,8.796036315200814,8.335191583433202
gene-phage515_00191,phage,gene-phage515_00191,8.182279739259018,8.312135107648412,8.129469764784231,9.409027282856401,9.508814005506162,9.764800032762235,9.410256237171089,9.372714290960442,8.966994113344454
gene-phage515_00150,phage,gene-phage515_00150,7.962763930168115,8.06117135969092,7.88758403166028,9.30328411761892,9.385469458188632,9.657203308780275,9.483872808823522,8.93022956502072,8.942983665985647
gene-phage515_00174A,phage,gene-phage515_00174A,4.1588830833596715,4.6913478822291435,3.970291913552122,5.5053315359323625,5.703782474656201,5.996452088619021,6.729824070489475,5.802118375377063,5.817111159963204
gene-phage515_00221,phage,gene-phage515_00221,7.149131598557407,7.27931883541462,7.160845906664299,7.913155185928068,7.791935956938058,8.148734808937169,7.3987862754199485,7.44716835960004,6.815639990074331
gene-phage515_00005,phage,gene-phage515_00005,7.406103381237015,7.561121589530238,7.451241684987676,7.957877358489813,7.865955413933502,8.21878715560148,7.669028288589683,7.508787170634276,6.961296045910167
gene-phage515_00101,phage,gene-phage515_00101,5.82600010738045,5.8805329864007,5.75890177387728,6.885509670034818,7.095893221097532,7.3796321526095525,9.63971730013066,8.643825842349603,8.905444318789714
gene-phage515_00166,phage,gene-phage515_00166,7.074963197966044,7.037905963447182,6.96979066990159,8.344742754417545,8.383433201236713,8.73165920153676,8.62155320674048,8.084562415235304,7.940583827104244
gene-phage515_00089,phage,gene-phage515_00089,7.601402334583733,7.7102051944325325,7.6128310304073565,9.6542566664586,9.559869847754044,10.223067921487123,11.434206880258824,11.034631566206722,10.761852517406659
gene-phage515_00164,phage,mbpG,7.295735072749282,7.367077059881012,7.122866658599083,9.052984561199976,9.128587870103924,9.46877384406884,9.978548641758007,9.713113662551345,9.252633284166434
gene-phage515_00085,phage,gene-phage515_00085,5.572154032177765,5.5053315359323625,5.556828061699537,7.51479976048867,7.853216388156072,8.184792654165078,10.267053697512587,9.660396363412222,9.645364282325891
gene-phage515_00053,phage,gene-phage515_00053,9.49942146534167,9.623442907213558,9.446360661104071,10.30601501665695,10.394365538492423,10.678283842123477,10.60346137843835,10.416999564727426,10.01971382150426
gene-phage515_00040,phage,gene-phage515_00040,3.6375861597263857,3.7612001156935624,3.5553480614894135,4.897839799950911,4.882801922586371,5.1647859739235145,6.821107472256465,6.293419278846481,6.184148890937483
gene-phage515_00139,phage,gene-phage515_00139_gene_nrdE,8.226038429485484,8.347590407030058,8.09040229659332,10.087848694627853,10.286809295958603,10.527097070380183,11.006241253704788,10.106958868052818,10.184296056044737
gene-phage515_00041,phage,gene-phage515_00041,4.852030263919617,4.983606621708336,4.875197323201151,6.1903154058531475,6.214608098422191,6.652863029353347,7.866338923046544,7.6544432264701125,7.353081920515432
gene-phage515_00118,phage,bmpA,7.716015266642587,7.80994708647679,7.7336835707759,7.970394907191429,8.011355109161286,8.347353412124338,9.15440473964588,8.34283980427146,8.303752415563412
gene-phage515_00162,phage,gene-phage515_00162,8.335431477880796,8.39931015075952,8.274357006756292,9.569901147893372,9.647562511697538,9.933580192843298,9.952658596542577,9.661861751843032,9.248502833070532
gene-phage515_00182,phage,mbpK,7.969357742016346,8.029107054619736,7.941295570906532,8.250358951477294,8.204945165019208,8.560061091643414,8.10892415597534,7.934871565945177,7.539027055823995
gene-phage515_00002,phage,gene-phage515_00002_gene_treB,7.126087273299125,7.153833801578843,7.10085190894405,7.297091005160418,7.062191632286556,7.586803535162581,7.114769448366463,7.170119543449628,6.51025834052315
gene-phage515_00061,phage,gene-phage515_00061,8.722742874329398,8.84043543926657,8.66957087183712,9.895052073715027,10.058266606323683,10.313708002728152,10.670489101666554,10.380559889496727,10.034296492647542
gene-phage515_00224,phage,gene-phage515_00224,7.176254532017144,7.150701457592526,7.421177528595393,6.39024066706535,6.135564891081739,6.790097235513905,6.428105272684596,6.645090969505644,6.133398042996649
