Geneid,5_R1,5_R2,5_R3,15_R1,15_R2,15_R3,30_R1,30_R2,30_R3,Entity,Symbol
gene-phage515_00114,1153,1335,1136,2599.0,2942.0,3765.0,5473.0,2715.0,2717.0,phage,tmpE
gene-phage515_00175,3788,4353,3858,6913.0,7252.0,10445.0,9459.0,6987.0,5016.0,phage,gene-phage515_00175
gene-phage515_00173,8535,10132,8346,31962.0,37538.0,48698.0,43756.0,41006.0,24403.0,phage,gene-phage515_00173
gene-phage515_00223,957,1152,910,3479.0,2747.0,4724.0,3174.0,2736.0,1672.0,phage,gene-phage515_00223
gene-phage515_00208,1998,2093,2115,1467.0,1107.0,1877.0,728.0,856.0,460.0,phage,gene-phage515_00208
gene-phage515_00180,1860,2096,1746,3449.0,3386.0,5026.0,5714.0,3847.0,2814.0,phage,gene-phage515_00180
gene-phage515_00124,762,880,571,12704.0,15014.0,19878.0,30520.0,12525.0,15434.0,phage,gene-phage515_00124
gene-phage515_00028,2515,2574,2246,8765.0,9847.0,12878.0,11598.0,8483.0,6714.0,phage,gene-phage515_00028
gene-phage515_00152,9521,11070,8906,56425.0,68033.0,86722.0,142913.0,78621.0,68069.0,phage,gene-phage515_00152
gene-phage515_00073,54,73,49,500.0,670.0,848.0,43684.0,13787.0,17650.0,phage,lysK.2
gene-phage515_00062,4421,4957,4326,13375.0,15245.0,20200.0,25471.0,20835.0,13583.0,phage,rbn
gene-phage515_00019,5691,6553,6604,1974.0,1833.0,3292.0,2527.0,2181.0,1387.0,phage,gene-phage515_00019
gene-phage515_00204,7855,9864,7722,30295.0,33286.0,44311.0,51826.0,33162.0,24358.0,phage,nadV
gene-phage515_00205,1736,1955,1825,1958.0,1681.0,2506.0,1112.0,1204.0,678.0,phage,gene-phage515_00205
gene-phage515_00230,2384,2615,2746,723.0,654.0,1240.0,1017.0,720.0,488.0,phage,gene-phage515_00230
gene-phage515_00044,2123,2292,1838,7643.0,8393.0,11115.0,12744.0,10162.0,6554.0,phage,mbpP
gene-phage515_00095,202,174,171,2845.0,4421.0,5370.0,101220.0,26031.0,41021.0,phage,pro
gene-phage515_00015,2547,2768,2992,709.0,638.0,1205.0,1033.0,728.0,489.0,phage,gene-phage515_00015
gene-phage515_00167,1756,1984,1689,7569.0,8128.0,11332.0,8880.0,5458.0,4883.0,phage,gene-phage515_00167
gene-phage515_00126,1981,2373,2072,10635.0,12436.0,17045.0,37726.0,19772.0,17434.0,phage,gene-phage515_00126
gene-phage515_00209,2989,3316,3158,2413.0,1874.0,3213.0,1343.0,1229.0,754.0,phage,gene-phage515_00209
gene-phage515_00087,1660,1851,1690,2576.0,3071.0,4445.0,18555.0,12197.0,10489.0,phage,gene-phage515_00087
gene-phage515_00138,1729,1966,1599,10755.0,12503.0,16447.0,18665.0,10786.0,10546.0,phage,nrdI
gene-phage515_00151,4023,4389,3730,16214.0,17956.0,23276.0,19123.0,10676.0,10440.0,phage,gene-phage515_00151
gene-phage515_00177,5693,6383,5677,12091.0,12645.0,18829.0,17652.0,14742.0,8463.0,phage,sci
gene-phage515_00068,3545,4746,3889,8185.0,8652.0,12400.0,8083.0,8297.0,4689.0,phage,gene-phage515_00068
gene-phage515_00116,1792,1784,1839,1713.0,1554.0,2547.0,7683.0,4224.0,3582.0,phage,gene-phage515_00116
gene-phage515_00094,488,532,493,1808.0,2529.0,3225.0,39115.0,14130.0,17664.0,phage,prt
gene-phage515_00091,1908,2358,1816,16714.0,22927.0,29832.0,172358.0,90686.0,75380.0,phage,mbpF
gene-phage515_00197,4306,5020,4511,12212.0,11584.0,17398.0,17925.0,12815.0,9218.0,phage,gene-phage515_00197
gene-phage515_00092,71,61,55,193.0,225.0,318.0,2294.0,1447.0,1393.0,phage,mbpE
gene-phage515_00077,85,109,98,333.0,302.0,410.0,1512.0,747.0,612.0,phage,gene-phage515_00077
gene-phage515_00186,4154,4492,4162,5863.0,5568.0,7787.0,4945.0,4052.0,2700.0,phage,gene-phage515_00186
gene-phage515_00008,953,1239,991,3853.0,3029.0,5108.0,3752.0,3237.0,1862.0,phage,gene-phage515_00008
gene-phage515_00194,2795,3438,2582,15492.0,16597.0,23595.0,24926.0,21982.0,14344.0,phage,gene-phage515_00194
gene-phage515_00157,480,535,369,7489.0,8778.0,11420.0,21153.0,11237.0,11617.0,phage,sig
gene-phage515_00045,2564,2700,2246,9015.0,9935.0,13381.0,10235.0,8845.0,5524.0,phage,mbpR
gene-phage515_00171,735,832,640,4822.0,5559.0,7351.0,9761.0,5367.0,5080.0,phage,gene-phage515_00171
gene-phage515_00112,572,663,599,2087.0,2563.0,2998.0,28107.0,6490.0,14219.0,phage,tmpC
gene-phage515_00070,5055,5966,5317,17500.0,16800.0,27932.0,29452.0,24780.0,15393.0,phage,mbpV
gene-phage515_00066,3454,3630,3544,7441.0,8087.0,11473.0,12082.0,11656.0,7221.0,phage,gene-phage515_00066
gene-phage515_00036,2876,3329,2949,7982.0,8541.0,11293.0,8437.0,8599.0,4867.0,phage,gene-phage515_00036
gene-phage515_00034,1973,2379,1934,7318.0,7484.0,10356.0,8711.0,7695.0,5042.0,phage,gene-phage515_00034
gene-phage515_00190A,5132,5893,4847,15766.0,17338.0,22632.0,16354.0,14950.0,10031.0,phage,gene-phage515_00190A
gene-phage515_00030,3217,3444,3253,6504.0,6457.0,9094.0,7508.0,5802.0,4217.0,phage,gene-phage515_00030
gene-phage515_00184,5629,6237,5272,11535.0,10918.0,15906.0,11712.0,8157.0,5607.0,phage,gene-phage515_00184
gene-phage515_00176,3792,4180,3642,7551.0,7619.0,10920.0,9953.0,7854.0,5341.0,phage,gene-phage515_00176
gene-phage515_00010,3122,3390,3536,976.0,919.0,1672.0,1564.0,1391.0,716.0,phage,gene-phage515_00010
gene-phage515_00128,5570,6339,5523,15613.0,17790.0,24079.0,37555.0,19817.0,19511.0,phage,gene-phage515_00128
gene-phage515_00079,3162,3772,3910,2353.0,2293.0,4077.0,3335.0,3410.0,2086.0,phage,gene-phage515_00079
gene-phage515_00109,6404,7513,7123,11314.0,9354.0,17110.0,18243.0,15016.0,9519.0,phage,gene-phage515_00109
gene-phage515_00206,3631,4126,3705,5251.0,4371.0,6762.0,3643.0,3331.0,2031.0,phage,gene-phage515_00206
gene-phage515_00081,20,16,19,21.0,44.0,62.0,11425.0,3962.0,4470.0,phage,gene-phage515_00081
gene-phage515_00165,985,1081,962,5979.0,6536.0,9244.0,15215.0,10966.0,7755.0,phage,gene-phage515_00165
gene-phage515_00016,5436,6122,6026,1196.0,1161.0,1914.0,2278.0,1483.0,1024.0,phage,gene-phage515_00016
gene-phage515_00037,4474,5080,4520,10265.0,11102.0,14738.0,10317.0,10302.0,6256.0,phage,gene-phage515_00037
gene-phage515_00052,1783,2017,1580,6151.0,6807.0,8919.0,10385.0,8018.0,5591.0,phage,gene-phage515_00052
gene-phage515_00038,1933,2133,1935,2976.0,2809.0,4030.0,2856.0,2874.0,1675.0,phage,gene-phage515_00038
gene-phage515_00181,1957,2113,1859,2020.0,1833.0,2686.0,1842.0,1173.0,973.0,phage,gene-phage515_00181
gene-phage515_00163,6537,7361,6220,28245.0,31416.0,41462.0,55212.0,40143.0,26225.0,phage,gene-phage515_00163
gene-phage515_00046,5598,6247,5125,15799.0,16669.0,22631.0,17500.0,12086.0,8581.0,phage,gene-phage515_00046
gene-phage515_00133,2190,2414,2138,8027.0,8851.0,11489.0,9658.0,4680.0,5136.0,phage,asf
gene-phage515_00190,4915,5395,4621,10385.0,10721.0,14121.0,11157.0,9192.0,6113.0,phage,mbpM
gene-phage515_00231,5112,5679,5683,1092.0,1129.0,1786.0,2092.0,1397.0,953.0,phage,gene-phage515_00231
gene-phage515_00021,876,951,680,9136.0,9924.0,14109.0,16839.0,10054.0,8705.0,phage,gene-phage515_00021
gene-phage515_00076,88,106,102,427.0,360.0,593.0,1532.0,913.0,691.0,phage,gene-phage515_00076
gene-phage515_00074,37,52,36,359.0,440.0,616.0,28422.0,9817.0,11579.0,phage,holA
gene-phage515_00140,1272,1407,1015,12129.0,15626.0,20414.0,43158.0,22409.0,19917.0,phage,nrdF
gene-phage515_00185,2904,3278,2639,6050.0,5613.0,8016.0,6210.0,4090.0,2792.0,phage,mbpI
gene-phage515_00047,14127,15742,13881,29239.0,29516.0,42253.0,30728.0,22189.0,14864.0,phage,gene-phage515_00047
gene-phage515_00103,162,166,142,611.0,787.0,1049.0,45522.0,15956.0,17895.0,phage,gene-phage515_00103
gene-phage515_00024,706,730,636,4054.0,4453.0,6059.0,5578.0,2849.0,2917.0,phage,mbpT
gene-phage515_00063,1624,1854,1534,4780.0,5624.0,7063.0,8744.0,6921.0,4375.0,phage,gene-phage515_00063
gene-phage515_00226,9503,11069,11561,3514.0,3547.0,5771.0,5254.0,4379.0,2606.0,phage,gene-phage515_00226
gene-phage515_00120,6710,7364,6405,19946.0,20961.0,29399.0,38829.0,18719.0,19470.0,phage,tmpF
gene-phage515_00176A,2786,3001,2555,5918.0,6059.0,8742.0,7678.0,7152.0,4315.0,phage,gene-phage515_00176A
gene-phage515_00153,886,935,814,6858.0,8337.0,10167.0,13258.0,6341.0,7012.0,phage,rec.1
gene-phage515_00210,1483,1670,1387,1133.0,1006.0,1515.0,780.0,565.0,395.0,phage,gene-phage515_00210
gene-phage515_00136,3967,4570,3758,22786.0,25956.0,35837.0,52471.0,36875.0,28608.0,phage,gene-phage515_00136
gene-phage515_00222,1256,1418,1228,3361.0,2954.0,4331.0,2199.0,2111.0,1270.0,phage,gene-phage515_00222
gene-phage515_00006,1318,1515,1339,3013.0,2553.0,3880.0,1847.0,1811.0,1101.0,phage,gene-phage515_00006
gene-phage515_00233,5604,6509,6073,1717.0,1648.0,2732.0,2675.0,1805.0,1340.0,phage,gene-phage515_00233
gene-phage515_00004,1789,2104,1919,2677.0,2365.0,3570.0,1768.0,1843.0,1082.0,phage,gene-phage515_00004
gene-phage515_00099,414,394,395,1395.0,1777.0,2380.0,23790.0,8239.0,10746.0,phage,gene-phage515_00099
gene-phage515_00170,1038,1165,973,5864.0,6646.0,8713.0,11502.0,5331.0,5621.0,phage,gene-phage515_00170
gene-phage515_00189,3205,3557,2999,14725.0,12333.0,21362.0,16029.0,15137.0,8906.0,phage,gene-phage515_00189
gene-phage515_00218,1980,2166,2108,2138.0,1850.0,2764.0,1461.0,1498.0,790.0,phage,gene-phage515_00218
gene-phage515_00229,1482,1521,1762,469.0,394.0,744.0,521.0,419.0,313.0,phage,gene-phage515_00229
gene-phage515_00058,4228,4662,4079,10932.0,12498.0,16510.0,19774.0,16158.0,10651.0,phage,lig
gene-phage515_00017,14611,17116,16007,3845.0,4105.0,6384.0,6512.0,4478.0,3157.0,phage,gene-phage515_00017
gene-phage515_00160,43,35,30,181.0,215.0,300.0,7101.0,1884.0,2122.0,phage,tmpH_2
gene-phage515_00147,3995,4268,3608,15714.0,17384.0,22659.0,20135.0,10815.0,9892.0,phage,polA.2
gene-phage515_00080,14,11,10,13.0,13.0,25.0,4635.0,1562.0,1762.0,phage,gene-phage515_00080
gene-phage515_00067,2032,2162,2212,6533.0,5623.0,9187.0,21158.0,11298.0,7389.0,phage,tgl
gene-phage515_00102,374,447,340,1104.0,1463.0,1889.0,69234.0,23972.0,28258.0,phage,gene-phage515_00102
gene-phage515_00026,1105,1152,999,5534.0,5797.0,7475.0,8544.0,4846.0,4476.0,phage,gene-phage515_00026
gene-phage515_00188,5462,6375,5327,20971.0,18690.0,29740.0,21295.0,18213.0,11281.0,phage,gene-phage515_00188
gene-phage515_00111,208,206,182,1299.0,1792.0,2431.0,50433.0,24105.0,20526.0,phage,tmpB
gene-phage515_00105,155,162,113,824.0,1008.0,1328.0,48973.0,16462.0,19145.0,phage,tmpA
gene-phage515_00069,10872,13125,10962,40787.0,39471.0,65191.0,78348.0,60582.0,37836.0,phage,mbpS
gene-phage515_00219,1762,2130,1930,2471.0,2291.0,3404.0,1685.0,1817.0,997.0,phage,gene-phage515_00219
gene-phage515_00039,2341,2696,2483,3191.0,2968.0,4380.0,3174.0,2922.0,1804.0,phage,gene-phage515_00039
gene-phage515_00001,1558,1629,1668,1869.0,1376.0,2383.0,1507.0,1508.0,904.0,phage,gene-phage515_00001
gene-phage515_00104,657,784,618,3389.0,4136.0,5429.0,225640.0,67117.0,85164.0,phage,tsp
gene-phage515_00201,1992,2308,2030,4168.0,4068.0,5900.0,6319.0,4394.0,3159.0,phage,mbpO
gene-phage515_00187,4903,5390,4975,11419.0,11006.0,16377.0,9770.0,7840.0,5512.0,phage,gene-phage515_00187
gene-phage515_00155,1338,1405,1069,16995.0,21129.0,26212.0,45840.0,22196.0,22604.0,phage,rec.2
gene-phage515_00144,849,881,904,1779.0,1500.0,2769.0,12341.0,11899.0,6567.0,phage,trf
gene-phage515_00125,169,228,128,4210.0,5095.0,6831.0,11477.0,6350.0,6355.0,phage,gene-phage515_00125
gene-phage515_00033,594,725,639,1565.0,1616.0,2234.0,7155.0,4115.0,2770.0,phage,gene-phage515_00033
gene-phage515_00183,6110,6528,6015,10585.0,9821.0,14274.0,9091.0,7770.0,5181.0,phage,gene-phage515_00183
gene-phage515_00179,2539,3094,2449,6924.0,6954.0,10510.0,14488.0,9944.0,6855.0,phage,gene-phage515_00179
gene-phage515_00107,5412,6788,6174,4526.0,4334.0,6438.0,5202.0,5304.0,3280.0,phage,gene-phage515_00107
gene-phage515_00214,454,509,436,577.0,522.0,835.0,509.0,464.0,282.0,phage,gene-phage515_00214
gene-phage515_00141,630,625,452,6574.0,8416.0,11817.0,30671.0,17443.0,13900.0,phage,gene-phage515_00141
gene-phage515_00172,8751,10394,8927,29564.0,34613.0,44658.0,38497.0,37684.0,22246.0,phage,gene-phage515_00172
gene-phage515_00130,4390,4565,4426,10089.0,10653.0,14558.0,10832.0,7661.0,6091.0,phage,rncA
gene-phage515_00056,1591,1710,1338,6812.0,7307.0,10460.0,19199.0,14387.0,9122.0,phage,mbpB
gene-phage515_00131,1926,1947,1907,5286.0,5588.0,7487.0,4973.0,3030.0,2960.0,phage,gene-phage515_00131
gene-phage515_00051,3194,3440,2997,14358.0,14565.0,23460.0,50796.0,51081.0,27349.0,phage,gene-phage515_00051
gene-phage515_00203,4220,4900,4266,12003.0,12529.0,16760.0,13429.0,10635.0,7132.0,phage,rpp
gene-phage515_00156,444,487,336,6457.0,7649.0,9739.0,25303.0,7982.0,8159.0,phage,gene-phage515_00156
gene-phage515_00149,2242,2421,2057,11833.0,13037.0,16991.0,15092.0,5961.0,7366.0,phage,polA.3
gene-phage515_00213,540,608,520,605.0,479.0,792.0,374.0,458.0,222.0,phage,gene-phage515_00213
gene-phage515_00110,190,201,180,1152.0,1605.0,2033.0,35646.0,17854.0,14885.0,phage,gene-phage515_00110
gene-phage515_00228,378,431,572,991.0,682.0,1563.0,1688.0,1615.0,894.0,phage,treM
gene-phage515_00159,109,115,97,494.0,626.0,781.0,20089.0,5678.0,6191.0,phage,tmpH_1
gene-phage515_00168,1326,1431,1269,4685.0,5221.0,7048.0,6085.0,3214.0,3213.0,phage,gene-phage515_00168
gene-phage515_00025,772,816,707,4255.0,4364.0,5944.0,6526.0,3320.0,3204.0,phage,mbpA
gene-phage515_00075,204,276,240,1967.0,1997.0,3488.0,10278.0,5879.0,5399.0,phage,gene-phage515_00075
gene-phage515_00169,1600,1813,1557,6628.0,7649.0,10471.0,12247.0,6633.0,5990.0,phage,gene-phage515_00169
gene-phage515_00108,3073,3745,3294,3518.0,3120.0,4692.0,3950.0,4250.0,2416.0,phage,mbpX
gene-phage515_00082,15,8,13,19.0,43.0,52.0,9386.0,3237.0,3734.0,phage,mbpC
gene-phage515_00189B,2166,2241,2039,3364.0,3008.0,4345.0,2752.0,2124.0,1570.0,phage,gene-phage515_00189B
gene-phage515_00148,1795,2140,1754,12214.0,10363.0,17530.0,17275.0,12862.0,8753.0,phage,I-KsaIII
gene-phage515_00154,3319,3970,2873,30761.0,25678.0,46782.0,92618.0,59940.0,47529.0,phage,gene-phage515_00154
gene-phage515_00013,425,430,611,1012.0,712.0,1588.0,1655.0,1632.0,886.0,phage,gene-phage515_00013_gene_treM
gene-phage515_00193,3051,3612,2805,16660.0,17099.0,24496.0,23943.0,24105.0,14309.0,phage,gene-phage515_00193
gene-phage515_00031,364,436,353,1719.0,1928.0,2784.0,17570.0,9578.0,7853.0,phage,gene-phage515_00031
gene-phage515_00127,5740,6279,5661,13900.0,16275.0,22452.0,38719.0,19059.0,18420.0,phage,dhlA
gene-phage515_00132,6135,6428,5968,21599.0,23299.0,30406.0,21573.0,10168.0,12290.0,phage,rncB
gene-phage515_00200,2162,2529,2327,4570.0,4474.0,6394.0,5649.0,4783.0,3079.0,phage,gene-phage515_00200
gene-phage515_00093,185,192,196,544.0,696.0,1028.0,8134.0,4501.0,4268.0,phage,gene-phage515_00093
gene-phage515_00014,1847,2006,2253,612.0,516.0,969.0,730.0,573.0,374.0,phage,gene-phage515_00014
gene-phage515_00134,2462,2501,2341,12646.0,13775.0,17753.0,15353.0,8057.0,8862.0,phage,pri
gene-phage515_00071,1531,1899,1535,3846.0,3842.0,6060.0,21308.0,9048.0,9223.0,phage,lysK.1
gene-phage515_00090,933,1156,957,7465.0,9810.0,12666.0,46255.0,28933.0,24152.0,phage,gene-phage515_00090
gene-phage515_00082A,68,46,72,747.0,939.0,1417.0,7799.0,5259.0,3908.0,phage,mbpW
gene-phage515_00122,8494,9781,7707,54838.0,64771.0,84902.0,172713.0,66672.0,78091.0,phage,tmpG
gene-phage515_00115,2107,2475,2059,7058.0,7758.0,10202.0,16639.0,8571.0,7564.0,phage,gene-phage515_00115
gene-phage515_00217,1135,1180,1110,1352.0,1063.0,1727.0,1119.0,1077.0,604.0,phage,treB
gene-phage515_00174,560,667,502,2142.0,2289.0,3341.0,5388.0,4135.0,2684.0,phage,mbpH
gene-phage515_00198,3992,4816,4062,13169.0,12535.0,19059.0,21617.0,14412.0,11014.0,phage,gene-phage515_00198
gene-phage515_00146,4208,4815,4571,11940.0,7395.0,16764.0,16958.0,13052.0,8353.0,phage,I-KsaII
gene-phage515_00083,130,149,149,1559.0,2215.0,3035.0,16604.0,10458.0,9093.0,phage,mbpD
gene-phage515_00211,1059,1274,1044,950.0,806.0,1177.0,557.0,479.0,272.0,phage,gene-phage515_00211
gene-phage515_00158,94,83,96,460.0,653.0,750.0,21130.0,6470.0,6916.0,phage,gene-phage515_00158
gene-phage515_00054,585,668,486,2727.0,3089.0,4517.0,9858.0,6164.0,4293.0,phage,gene-phage515_00054
gene-phage515_00012,703,741,732,265.0,259.0,397.0,325.0,271.0,182.0,phage,gene-phage515_00012
gene-phage515_00049,2170,2381,1999,10848.0,12876.0,17134.0,38064.0,30990.0,19558.0,phage,gene-phage515_00049
gene-phage515_00084,144,149,142,1356.0,1967.0,2806.0,16481.0,9694.0,9439.0,phage,gene-phage515_00084
gene-phage515_00232,14133,16376,15159,3612.0,3725.0,5875.0,6315.0,4380.0,3031.0,phage,gene-phage515_00232
gene-phage515_00018,6054,6738,6445,1918.0,1732.0,2874.0,2839.0,2180.0,1437.0,phage,gene-phage515_00018
gene-phage515_00234,6805,7673,7756,2417.0,2177.0,3742.0,3172.0,2685.0,1746.0,phage,gene-phage515_00234
gene-phage515_00011,9432,10987,11210,3471.0,3594.0,5812.0,5086.0,4187.0,2491.0,phage,gene-phage515_00011
gene-phage515_00072,1985,2304,2100,3988.0,3769.0,6145.0,17872.0,9923.0,7593.0,phage,ksaI
gene-phage515_00142,386,398,292,4579.0,5868.0,8420.0,23279.0,12095.0,10422.0,phage,tio
gene-phage515_00043,5742,6532,5406,22848.0,24430.0,34629.0,50162.0,41299.0,24725.0,phage,gene-phage515_00043
gene-phage515_00096,277,304,267,5486.0,9014.0,11052.0,233085.0,67800.0,95307.0,phage,gene-phage515_00096
gene-phage515_00048,1042,1173,958,5578.0,6552.0,8865.0,20886.0,15673.0,10559.0,phage,gene-phage515_00048
gene-phage515_00078,94,152,96,327.0,319.0,420.0,1945.0,811.0,747.0,phage,gene-phage515_00078
gene-phage515_00106,802,1008,1037,436.0,455.0,731.0,551.0,677.0,370.0,phage,gene-phage515_00106
gene-phage515_00145,5524,5994,5444,11416.0,11228.0,16365.0,11678.0,8436.0,5870.0,phage,polA.1
gene-phage515_00212,1019,1198,1076,1000.0,799.0,1293.0,582.0,574.0,325.0,phage,gene-phage515_00212
gene-phage515_00035,2050,2371,2062,6707.0,6853.0,9509.0,7348.0,7301.0,4346.0,phage,gene-phage515_00035
gene-phage515_00086,162,178,189,1102.0,1570.0,2202.0,20357.0,10990.0,10435.0,phage,ter.1
gene-phage515_00029,1836,2045,1616,5041.0,5420.0,7222.0,6382.0,4676.0,3593.0,phage,gene-phage515_00029
gene-phage515_00178,9284,10538,8940,22362.0,23153.0,34825.0,37446.0,28285.0,17045.0,phage,mbpJ
gene-phage515_00065,3782,4131,3694,8415.0,9193.0,12649.0,15342.0,11736.0,8283.0,phage,gene-phage515_00065
gene-phage515_00027,1672,1758,1532,7092.0,7710.0,10075.0,8748.0,6554.0,5094.0,phage,gene-phage515_00027
gene-phage515_00007,1157,1370,1189,3122.0,2908.0,4105.0,2141.0,2022.0,1224.0,phage,gene-phage515_00007
gene-phage515_00060,5071,5653,4524,20202.0,23562.0,31049.0,56676.0,39182.0,26341.0,phage,phr
gene-phage515_00207,2455,2757,2330,3565.0,3083.0,4782.0,2877.0,2477.0,1624.0,phage,gene-phage515_00207
gene-phage515_00189A,2460,2728,2252,10529.0,8936.0,15574.0,11343.0,10758.0,6263.0,phage,gene-phage515_00189A
gene-phage515_00098,131,117,121,423.0,462.0,648.0,7045.0,2423.0,3272.0,phage,gene-phage515_00098
gene-phage515_00032,344,391,275,1293.0,1538.0,2157.0,13755.0,8121.0,6032.0,phage,gene-phage515_00032
gene-phage515_00202,1982,2184,1921,3423.0,3207.0,4489.0,2887.0,2645.0,1726.0,phage,gene-phage515_00202
gene-phage515_00199,1433,1683,1506,2712.0,2646.0,3659.0,3059.0,2672.0,1646.0,phage,mbpN
gene-phage515_00097,354,463,373,4765.0,8257.0,9778.0,561234.0,143424.0,180632.0,phage,mcp
gene-phage515_00220,1835,2071,1825,3032.0,2767.0,4007.0,2193.0,2024.0,1150.0,phage,gene-phage515_00220
gene-phage515_00042,4098,4802,3869,18679.0,19378.0,29167.0,45694.0,37271.0,22647.0,phage,gene-phage515_00042
gene-phage515_00089A,345,379,328,2689.0,3256.0,4338.0,13203.0,9334.0,7580.0,phage,gene-phage515_00089A
gene-phage515_00119,2591,2725,2574,5147.0,5379.0,7778.0,12332.0,6347.0,5813.0,phage,bmpB
gene-phage515_00137,3237,3619,3006,19004.0,21787.0,29720.0,38278.0,25930.0,21303.0,phage,gene-phage515_00137
gene-phage515_00117,1689,1796,1735,1868.0,1799.0,2841.0,7311.0,3738.0,3103.0,phage,gene-phage515_00117
gene-phage515_00059,662,689,662,1563.0,1668.0,2270.0,2276.0,2126.0,1335.0,phage,mbpU
gene-phage515_00113,3516,4052,3702,4883.0,5104.0,6826.0,14966.0,6431.0,6988.0,phage,tmpD
gene-phage515_00057,3334,3574,3041,11051.0,12495.0,16816.0,23726.0,19060.0,12020.0,phage,gene-phage515_00057
gene-phage515_00055,920,979,738,4430.0,4766.0,7105.0,14231.0,10904.0,6653.0,phage,gene-phage515_00055
gene-phage515_00100,492,499,463,1438.0,1922.0,2550.0,23908.0,9094.0,11000.0,phage,gene-phage515_00100
gene-phage515_00023,1333,1303,1090,8903.0,9924.0,13494.0,11374.0,6433.0,6492.0,phage,gene-phage515_00023
gene-phage515_00129,8810,10262,8773,22469.0,24681.0,34222.0,41715.0,23180.0,21082.0,phage,dhlB
gene-phage515_00088,1318,1562,1319,3249.0,4050.0,5483.0,46452.0,17536.0,22715.0,phage,ter.2
gene-phage515_00123,210,217,189,2470.0,2721.0,3508.0,4572.0,1606.0,2368.0,phage,gene-phage515_00123
gene-phage515_00143,1570,1607,1585,2742.0,2459.0,4392.0,20261.0,16697.0,9844.0,phage,gene-phage515_00143
gene-phage515_00227,1164,1292,1341,481.0,514.0,703.0,637.0,553.0,369.0,phage,gene-phage515_00227
gene-phage515_00020,395,405,266,4660.0,4970.0,7443.0,9201.0,5862.0,5005.0,phage,gene-phage515_00020
gene-phage515_00192,4473,5021,4031,19426.0,21066.0,28185.0,25181.0,23167.0,14524.0,phage,mbpL
gene-phage515_00050,5124,5520,4876,24602.0,26078.0,40903.0,93671.0,86608.0,49563.0,phage,hmzG
gene-phage515_00135,2766,3134,2704,13532.0,15141.0,20645.0,27321.0,18962.0,15214.0,phage,gene-phage515_00135
gene-phage515_00121,2763,3107,2775,10959.0,12038.0,16150.0,24610.0,11589.0,12623.0,phage,bmpC
gene-phage515_00003,2005,2244,2059,2146.0,1831.0,2826.0,1470.0,1592.0,851.0,phage,gene-phage515_00003
gene-phage515_00225,2716,3000,3191,849.0,832.0,1461.0,1385.0,1255.0,636.0,phage,gene-phage515_00225
gene-phage515_00009,1279,1253,1709,560.0,484.0,839.0,628.0,786.0,473.0,phage,gene-phage515_00009
gene-phage515_00196,4489,5208,4594,10337.0,10067.0,15040.0,14424.0,9332.0,7308.0,phage,gene-phage515_00196
gene-phage515_00064,4231,4649,3999,10605.0,12055.0,15924.0,20550.0,16970.0,11134.0,phage,gene-phage515_00064
gene-phage515_00195,2190,2492,2240,4276.0,4111.0,6208.0,5734.0,3987.0,2951.0,phage,mbpZ
gene-phage515_00022,801,846,629,6352.0,7129.0,9078.0,9828.0,5021.0,5245.0,phage,gene-phage515_00022
gene-phage515_00216,1318,1469,1482,1645.0,1190.0,2044.0,1238.0,1379.0,702.0,phage,gene-phage515_00216
gene-phage515_00161,2080,2189,2007,6634.0,6938.0,9824.0,8029.0,6607.0,4167.0,phage,gene-phage515_00161
gene-phage515_00191,3576,4072,3392,12197.0,13477.0,17409.0,12212.0,11762.0,7839.0,phage,gene-phage515_00191
gene-phage515_00150,2871,3168,2663,10973.0,11913.0,15633.0,13145.0,7556.0,7653.0,phage,gene-phage515_00150
gene-phage515_00174A,63,108,52,245.0,299.0,401.0,836.0,330.0,335.0,phage,gene-phage515_00174A
gene-phage515_00221,1272,1449,1287,2732.0,2420.0,3458.0,1633.0,1714.0,911.0,phage,gene-phage515_00221
gene-phage515_00005,1645,1921,1721,2857.0,2606.0,3709.0,2140.0,1823.0,1054.0,phage,gene-phage515_00005
gene-phage515_00101,338,357,316,977.0,1206.0,1602.0,15362.0,5674.0,7371.0,phage,gene-phage515_00101
gene-phage515_00166,1181,1138,1063,4207.0,4373.0,6195.0,5549.0,3243.0,2808.0,phage,gene-phage515_00166
gene-phage515_00089,2000,2230,2023,15587.0,14183.0,27530.0,92429.0,61983.0,47185.0,phage,gene-phage515_00089
gene-phage515_00164,1473,1582,1239,8543.0,9214.0,12948.0,21558.0,16532.0,10431.0,phage,mbpG
gene-phage515_00085,262,245,258,1834.0,2573.0,3585.0,28768.0,15683.0,15449.0,phage,gene-phage515_00085
gene-phage515_00053,13351,15114,12661,29911.0,32674.0,43402.0,40273.0,33422.0,22464.0,phage,gene-phage515_00053
gene-phage515_00040,37,42,34,133.0,131.0,174.0,916.0,540.0,484.0,phage,gene-phage515_00040
gene-phage515_00139,3736,4219,3262,24048.0,29342.0,37312.0,60248.0,24512.0,26483.0,phage,gene-phage515_00139_gene_nrdE
gene-phage515_00041,127,145,130,487.0,499.0,774.0,2607.0,2109.0,1560.0,phage,gene-phage515_00041
gene-phage515_00118,2243,2464,2283,2893.0,3014.0,4218.0,9455.0,4199.0,4038.0,phage,bmpA
gene-phage515_00162,4168,4443,3921,14326.0,15483.0,20610.0,21007.0,15706.0,10388.0,phage,gene-phage515_00162
gene-phage515_00182,2890,3068,2810,3828.0,3658.0,5218.0,3323.0,2792.0,1879.0,phage,mbpK
gene-phage515_00002,1243,1278,1212,1475.0,1166.0,1971.0,1229.0,1299.0,671.0,phage,gene-phage515_00002_gene_treB
gene-phage515_00061,6140,6907,5822,19831.0,23347.0,30142.0,43065.0,32226.0,22794.0,phage,gene-phage515_00061
gene-phage515_00224,1307,1274,1670,595.0,461.0,888.0,618.0,768.0,460.0,phage,gene-phage515_00224
